termName,termDescription
GDP,한 나라 안에서 일정 기간 동안 생산된 모든 최종 재화와 서비스의 시장 가치의 합계를 의미합니다.
GNP,"국민총생산으로, 한 나라의 국민이 국내외에서 생산한 모든 최종 재화와 서비스의 시장 가치를 나타냅니다."
인플레이션,"물가가 지속적으로 상승하는 현상으로, 화폐 가치의 하락을 의미합니다."
디플레이션,"물가가 지속적으로 하락하는 현상으로, 경제 활동 위축을 초래할 수 있습니다."
스태그플레이션,경기 침체와 물가 상승이 동시에 발생하는 경제 현상입니다.
기준금리,"중앙은행이 금융기관에 자금을 대출할 때 적용하는 기본 금리로, 시중 금리의 기준이 됩니다."
콜금리,금융기관끼리 남거나 모자라는 자금을 30일 이내의 초단기로 빌려주고 받을 때 적용되는 금리입니다.
양적완화,중앙은행이 국채 등을 매입하여 시중에 통화량을 늘리는 통화정책입니다.
긴축정책,통화량을 줄이거나 금리를 인상하여 경기 과열을 억제하는 정책입니다.
경기순환,"경제 활동이 호황, 후퇴, 불황, 회복의 단계를 주기적으로 반복하는 현상입니다."
실업률,경제활동인구 중 일할 의사와 능력이 있으나 일자리를 구하지 못한 사람의 비율입니다.
경상수지,"국가 간 재화와 서비스 거래, 소득 및 경상이전 거래의 수지를 나타냅니다."
무역수지,"수출액에서 수입액을 뺀 값으로, 국제 무역의 수익성을 나타냅니다."
자본수지,"국가 간 자본의 유출입을 기록한 수지로, 직접투자, 증권투자 등이 포함됩니다."
외환보유액,정부나 중앙은행이 보유한 외국 통화와 금 등의 자산 총액입니다.
환율,"두 국가의 통화 교환 비율로, 한 나라 화폐의 상대적 가치를 나타냅니다."
통화정책,중앙은행이 통화량과 금리를 조절하여 물가 안정과 경제 성장을 도모하는 정책입니다.
재정정책,정부가 세입과 세출을 조절하여 경제를 안정시키고 성장을 촉진하는 정책입니다.
소비자물가지수,일반 소비자가 구입하는 상품과 서비스의 가격 변동을 측정한 지수입니다.
생산자물가지수,생산자가 판매하는 상품과 서비스의 가격 변동을 측정한 지수입니다.
구매력평가,"각국의 물가 수준을 고려하여 환율을 조정한 지표로, 실질적인 구매력을 비교합니다."
경제성장률,"일정 기간 동안 GDP가 증가한 비율로, 경제의 성장 속도를 나타냅니다."
잠재성장률,한 국가 경제가 보유한 생산요소를 완전히 활용했을 때 달성 가능한 최대 성장률입니다.
필립스곡선,실업률과 인플레이션율 간의 역관계를 나타내는 경제학 이론입니다.
총수요,경제 내에서 모든 경제 주체가 구매하고자 하는 재화와 서비스의 총량입니다.
총공급,경제 내에서 기업들이 생산하여 공급할 수 있는 재화와 서비스의 총량입니다.
승수효과,정부 지출이나 투자가 증가할 때 국민소득이 그 이상으로 증가하는 현상입니다.
한계소비성향,소득이 증가할 때 추가 소득 중에서 소비에 사용되는 비율입니다.
한계저축성향,소득이 증가할 때 추가 소득 중에서 저축에 사용되는 비율입니다.
국민부담률,조세와 사회보장기여금이 국민소득에서 차지하는 비율입니다.
재정적자,"정부의 세입이 세출보다 적어 발생하는 적자로, 국채 발행으로 보전됩니다."
국가채무,정부가 발행한 국채와 차입금을 합한 총 부채입니다.
통화승수,중앙은행이 공급한 본원통화가 은행 시스템을 통해 확대되는 배율입니다.
지급준비율,은행이 예금에 대해 의무적으로 중앙은행에 보관해야 하는 자금의 비율입니다.
테일러준칙,인플레이션과 실질GDP 갭을 고려하여 적정 기준금리를 산출하는 통화정책 규칙입니다.
오쿤의법칙,실업률이 1% 증가하면 실질GDP가 약 2% 감소한다는 경험적 법칙입니다.
리카도의대등정리,정부가 조세나 국채로 재정을 조달하는 것이 경제적 효과가 동일하다는 이론입니다.
크라우딩아웃효과,정부 지출 증가로 민간 투자가 감소하는 현상입니다.
수출주도성장,수출 증가를 경제 성장의 주요 동력으로 삼는 경제 발전 전략입니다.
수입대체산업화,수입품을 국내에서 생산하여 대체함으로써 산업화를 추진하는 전략입니다.
PER,"주가수익비율로, 주가를 주당순이익으로 나눈 값이며 주식의 상대적 가치를 평가하는 지표입니다."
PBR,"주가순자산비율로, 주가를 주당순자산으로 나눈 값이며 자산 가치 대비 주가 수준을 나타냅니다."
ROE,"자기자본이익률로, 당기순이익을 자기자본으로 나눈 비율이며 기업의 수익성을 나타냅니다."
ROA,"총자산이익률로, 당기순이익을 총자산으로 나눈 비율이며 자산 활용 효율성을 나타냅니다."
EPS,"주당순이익으로, 당기순이익을 발행주식수로 나눈 값이며 기업의 수익성을 나타냅니다."
BPS,"주당순자산으로, 순자산을 발행주식수로 나눈 값이며 주식의 실질 가치를 나타냅니다."
배당수익률,"주가 대비 배당금의 비율로, 주식 투자로 얻는 현금 수익률을 나타냅니다."
배당성향,"당기순이익 중 배당금으로 지급되는 비율로, 기업의 배당 정책을 나타냅니다."
시가총액,"발행 주식수에 주가를 곱한 값으로, 기업의 시장 가치를 나타냅니다."
유통주식수,"실제로 시장에서 거래 가능한 주식의 수로, 대주주 보유 주식 등을 제외한 주식수입니다."
액면가,"주식에 표시된 명목상의 가격으로, 발행 당시 정해진 기준 가격입니다."
공매도,보유하지 않은 주식을 빌려서 먼저 팔고 나중에 되사는 투자 기법입니다.
가치투자,기업의 내재 가치보다 주가가 저평가되었을 때 매수하여 장기 보유하는 투자 전략입니다.
성장주투자,높은 성장 잠재력을 가진 기업에 투자하여 주가 상승을 기대하는 전략입니다.
배당주투자,안정적인 배당 수익을 목적으로 배당 성향이 높은 기업에 투자하는 전략입니다.
모멘텀투자,주가 상승세가 지속될 것으로 예상되는 종목에 투자하는 전략입니다.
역발상투자,시장의 일반적인 기대와 반대로 투자하여 수익을 추구하는 전략입니다.
분산투자,여러 종목이나 자산에 투자하여 위험을 분산하는 투자 전략입니다.
포트폴리오,"투자자가 보유한 다양한 자산의 조합으로, 위험과 수익을 고려하여 구성됩니다."
리밸런싱,포트폴리오의 자산 배분 비율을 목표 비율로 재조정하는 행위입니다.
알파,"시장 평균 수익률을 초과하는 초과 수익률로, 운용 능력을 나타냅니다."
베타,주식이 시장 전체의 움직임에 반응하는 정도를 나타내는 지표입니다.
샤프비율,"위험 대비 초과 수익률을 측정하는 지표로, 투자 효율성을 평가합니다."
변동성,"주가나 수익률이 변동하는 정도로, 투자 위험을 나타냅니다."
52주최고가,최근 1년간 해당 주식이 기록한 가장 높은 가격입니다.
52주최저가,최근 1년간 해당 주식이 기록한 가장 낮은 가격입니다.
호가,매수자가 제시하는 구매 희망 가격 또는 매도자가 제시하는 판매 희망 가격입니다.
체결,매수 호가와 매도 호가가 일치하여 거래가 성사되는 것입니다.
미체결,호가가 제시되었으나 아직 거래가 성사되지 않은 상태입니다.
스프레드,매수 호가와 매도 호가 간의 가격 차이를 의미합니다.
상한가,"하루 동안 주가가 오를 수 있는 최대 한도로, 전일 종가 대비 30% 상승입니다."
하한가,"하루 동안 주가가 내릴 수 있는 최대 한도로, 전일 종가 대비 30% 하락입니다."
거래량,일정 기간 동안 거래된 주식의 총 수량입니다.
거래대금,일정 기간 동안 거래된 주식의 총 금액입니다.
외국인지분율,전체 발행 주식 중 외국인이 보유한 주식의 비율입니다.
기관순매수,기관투자자가 매수한 금액에서 매도한 금액을 뺀 순매수 금액입니다.
개인순매수,개인투자자가 매수한 금액에서 매도한 금액을 뺀 순매수 금액입니다.
프로그램매매,컴퓨터 프로그램을 이용하여 자동으로 주식을 매매하는 방식입니다.
차익거래,동일하거나 유사한 자산의 가격 차이를 이용하여 무위험 수익을 추구하는 거래입니다.
비차익거래,"차익거래가 아닌 프로그램매매로, 주로 시장 방향성에 베팅하는 거래입니다."
증자,기업이 신주를 발행하여 자본금을 늘리는 행위입니다.
감자,기업이 발행 주식수를 줄여 자본금을 감소시키는 행위입니다.
주식분할,1주를 여러 주로 나누어 주가를 낮추고 유동성을 높이는 조치입니다.
주식병합,여러 주를 1주로 합쳐 주가를 높이는 조치입니다.
액면분할,액면가를 낮추고 주식수를 늘려 거래를 활성화하는 조치입니다.
우선주,보통주보다 배당이나 잔여재산 분배에서 우선권이 있는 주식입니다.
보통주,의결권을 가지며 일반적으로 거래되는 주식입니다.
전환사채,일정 조건 하에 주식으로 전환할 수 있는 권리가 부여된 채권입니다.
신주인수권부사채,사채 소유자에게 신주를 인수할 수 있는 권리를 부여한 채권입니다.
유상증자,기존 주주나 제3자에게 대금을 받고 신주를 발행하는 증자 방식입니다.
무상증자,기존 주주에게 무상으로 신주를 배정하는 증자 방식입니다.
액면배당,액면가를 기준으로 배당금을 결정하는 방식입니다.
현금배당,이익을 현금으로 주주에게 분배하는 배당 방식입니다.
주식배당,이익을 신주로 발행하여 주주에게 분배하는 배당 방식입니다.
중간배당,결산기 중간에 이익의 일부를 배당으로 지급하는 것입니다.
특별배당,특별한 이익 발생 시 정기 배당 외에 추가로 지급하는 배당입니다.
배당락,"배당을 받을 권리가 소멸되는 날로, 보통 주가가 하락합니다."
권리락,"유상증자 등의 권리가 소멸되는 날로, 이론적으로 주가가 하락합니다."
액면배당률,액면가 대비 배당금의 비율입니다.
현금배당수익률,주가 대비 현금배당금의 비율입니다.
시세차익,주식을 매수한 가격보다 높은 가격에 매도하여 얻는 이익입니다.
평가손익,"보유 중인 주식의 현재 가치와 매수 가격의 차이로, 아직 실현되지 않은 손익입니다."
실현손익,주식을 실제로 매도하여 확정된 손익입니다.
손익분기점,"투자 원금을 회수하는 지점으로, 이익도 손실도 없는 상태입니다."
손절매,손실을 더 키우지 않기 위해 손해를 보면서 보유 자산을 매도하는 것입니다.
익절매,일정 수익이 발생했을 때 이익을 확정하기 위해 보유 자산을 매도하는 것입니다.
물타기,주가가 하락했을 때 평균 매수 단가를 낮추기 위해 추가 매수하는 행위입니다.
불타기,주가가 상승했을 때 추가 매수하여 수익을 극대화하려는 행위입니다.
매집,특정 세력이 주식을 대량으로 사들이는 행위입니다.
작전주,특정 세력이 인위적으로 주가를 조작하는 종목입니다.
테마주,특정 이슈나 테마에 관련된 종목들입니다.
동학개미운동,2020년 코로나19 당시 개인투자자들이 대거 주식시장에 참여한 현상입니다.
서학개미,미국 주식시장에 투자하는 한국 개인투자자를 일컫는 말입니다.
슈퍼개미,수십억 원 이상의 자산으로 주식 투자를 하는 개인투자자입니다.
개미,소액 개인투자자를 일컫는 말입니다.
세력,대량의 자금으로 시장에 영향을 미치는 투자 주체입니다.
작전,주가를 인위적으로 조작하는 불법 행위입니다.
급등주,단기간에 주가가 급격히 상승한 종목입니다.
급락주,단기간에 주가가 급격히 하락한 종목입니다.
저평가주,기업의 실적이나 자산 가치에 비해 주가가 낮게 형성된 종목입니다.
고평가주,기업의 실적이나 자산 가치에 비해 주가가 높게 형성된 종목입니다.
재무제표,기업의 재무 상태와 경영 성과를 나타내는 회계 보고서의 총칭입니다.
재무상태표,"특정 시점의 기업 자산, 부채, 자본을 보여주는 재무제표입니다."
손익계산서,일정 기간 동안의 수익과 비용을 집계하여 경영 성과를 나타내는 재무제표입니다.
현금흐름표,일정 기간 동안 현금의 유입과 유출을 나타내는 재무제표입니다.
자본변동표,일정 기간 동안 자본의 증감 내역을 나타내는 재무제표입니다.
주석,재무제표에 대한 추가 설명과 상세 정보를 제공하는 부분입니다.
자산,기업이 소유하고 있으며 미래에 경제적 효익을 가져다줄 것으로 예상되는 자원입니다.
부채,과거 거래로 인해 미래에 자산을 이전하거나 용역을 제공해야 할 의무입니다.
자본,"자산에서 부채를 뺀 순자산으로, 주주의 몫을 나타냅니다."
유동자산,1년 이내에 현금화할 수 있거나 소비될 자산입니다.
비유동자산,1년 이상 장기간 보유하며 사용되는 자산입니다.
유동부채,1년 이내에 상환해야 하는 단기 부채입니다.
비유동부채,1년 이후에 상환하는 장기 부채입니다.
매출액,기업이 상품이나 서비스를 판매하여 얻은 총 수익입니다.
매출원가,판매된 상품이나 서비스를 생산하는 데 직접 소요된 비용입니다.
매출총이익,"매출액에서 매출원가를 뺀 이익으로, 기본적인 수익성을 나타냅니다."
판매비와관리비,상품 판매와 기업 관리에 소요되는 비용입니다.
영업이익,매출총이익에서 판매비와 관리비를 뺀 본업에서의 이익입니다.
영업외수익,본업 외의 활동에서 발생한 수익입니다.
영업외비용,본업 외의 활동에서 발생한 비용입니다.
법인세비용차감전순이익,영업이익에 영업외손익을 더한 후 법인세를 내기 전의 이익입니다.
법인세비용,기업이 납부해야 할 법인세 금액입니다.
당기순이익,법인세를 제외한 후 최종적으로 기업에 남은 순이익입니다.
포괄손익,당기순이익에 기타포괄손익을 더한 총 이익입니다.
기타포괄손익,손익계산서에 포함되지 않고 자본에 직접 반영되는 손익입니다.
EBITDA,"이자, 세금, 감가상각비 차감 전 이익으로, 기업의 현금 창출 능력을 나타냅니다."
EBIT,"이자와 세금 차감 전 이익으로, 영업이익과 유사한 개념입니다."
감가상각,유형자산의 가치가 시간이 지남에 따라 감소하는 것을 비용으로 인식하는 회계 처리입니다.
무형자산상각,무형자산의 가치 감소를 비용으로 인식하는 회계 처리입니다.
대손상각,회수 불가능한 채권을 비용으로 처리하는 회계 절차입니다.
재고자산,"판매를 목적으로 보유하고 있는 상품, 제품, 원재료 등의 자산입니다."
매출채권,상품이나 서비스를 외상으로 판매하고 받을 금액입니다.
매입채무,상품이나 서비스를 외상으로 구입하고 지급해야 할 금액입니다.
선급금,상품이나 서비스를 받기 전에 미리 지급한 금액입니다.
선수금,상품이나 서비스를 제공하기 전에 미리 받은 금액입니다.
미수금,주된 영업활동 외의 거래에서 받을 금액입니다.
미지급금,주된 영업활동 외의 거래에서 지급해야 할 금액입니다.
현금및현금성자산,현금과 즉시 현금화할 수 있는 유동성이 높은 자산입니다.
단기금융상품,"만기가 1년 이내인 예금, 적금 등의 금융상품입니다."
장기금융상품,"만기가 1년을 초과하는 예금, 적금 등의 금융상품입니다."
유형자산,"물리적 형태가 있는 자산으로, 토지, 건물, 기계장치 등이 포함됩니다."
무형자산,"물리적 형태가 없는 자산으로, 특허권, 상표권, 영업권 등이 포함됩니다."
투자자산,단기 매매 목적이 아닌 장기 보유 목적의 투자입니다.
영업권,"기업 인수 시 순자산 공정가치를 초과하여 지급한 금액으로, 무형의 초과 가치를 나타냅니다."
자본금,"주주가 출자한 금액으로, 기업 설립의 기초가 되는 자본입니다."
자본잉여금,주식 발행 시 액면가를 초과하여 받은 금액 등 자본거래에서 발생한 잉여금입니다.
이익잉여금,기업이 영업활동을 통해 벌어들인 이익 중 배당하지 않고 누적한 금액입니다.
자기주식,기업이 자사의 주식을 매입하여 보유하고 있는 주식입니다.
부채비율,"총부채를 자기자본으로 나눈 비율로, 재무 건전성을 나타냅니다."
유동비율,"유동자산을 유동부채로 나눈 비율로, 단기 지급 능력을 나타냅니다."
당좌비율,"당좌자산을 유동부채로 나눈 비율로, 즉시 지급 가능한 능력을 나타냅니다."
이자보상배율,"영업이익을 이자비용으로 나눈 비율로, 이자 지급 능력을 나타냅니다."
매출채권회전율,"매출액을 평균 매출채권으로 나눈 비율로, 채권 회수 효율성을 나타냅니다."
재고자산회전율,"매출원가를 평균 재고자산으로 나눈 비율로, 재고 관리 효율성을 나타냅니다."
총자산회전율,"매출액을 평균 총자산으로 나눈 비율로, 자산 활용 효율성을 나타냅니다."
자기자본회전율,"매출액을 평균 자기자본으로 나눈 비율로, 자본 활용 효율성을 나타냅니다."
매출총이익률,"매출총이익을 매출액으로 나눈 비율로, 기본적인 수익성을 나타냅니다."
영업이익률,"영업이익을 매출액으로 나눈 비율로, 본업의 수익성을 나타냅니다."
순이익률,"당기순이익을 매출액으로 나눈 비율로, 최종 수익성을 나타냅니다."
자산수익률,"당기순이익을 평균 총자산으로 나눈 비율로, 자산 대비 수익성을 나타냅니다."
자기자본수익률,"당기순이익을 평균 자기자본으로 나눈 비율로, 주주 자본 대비 수익성을 나타냅니다."
영업활동현금흐름,영업활동으로 인한 현금의 유입과 유출을 나타냅니다.
투자활동현금흐름,투자활동으로 인한 현금의 유입과 유출을 나타냅니다.
재무활동현금흐름,재무활동으로 인한 현금의 유입과 유출을 나타냅니다.
잉여현금흐름,"영업활동현금흐름에서 자본적지출을 뺀 금액으로, 자유롭게 사용 가능한 현금입니다."
자본적지출,장기 사용 목적의 자산 취득에 지출되는 비용입니다.
운전자본,"유동자산에서 유동부채를 뺀 금액으로, 일상적 영업활동에 필요한 자금입니다."
순운전자본,운전자본에서 현금및현금성자산을 뺀 금액입니다.
현금순환주기,현금이 재고와 매출채권을 거쳐 다시 현금으로 돌아오는 데 걸리는 시간입니다.
발생액,현금 유입 없이 회계상으로만 인식된 수익 또는 비용입니다.
비현금비용,"현금 유출 없이 비용으로 인식되는 항목으로, 감가상각비 등이 포함됩니다."
이연법인세자산,미래에 세금 절감 효과를 가져올 것으로 예상되는 자산입니다.
이연법인세부채,미래에 추가 세금을 납부해야 할 것으로 예상되는 부채입니다.
충당부채,발생 시기나 금액이 불확실하지만 예상되는 부채를 미리 인식한 것입니다.
우발부채,미래 사건의 발생 여부에 따라 부채가 될 수 있는 잠재적 의무입니다.
파생상품자산,파생상품 거래에서 유리한 포지션을 보유하여 발생한 자산입니다.
파생상품부채,파생상품 거래에서 불리한 포지션을 보유하여 발생한 부채입니다.
공정가치,합리적인 판단력과 거래 의사가 있는 독립된 당사자 간의 거래에서 자산이 교환될 수 있는 가격입니다.
장부가액,재무제표에 기록된 자산이나 부채의 가액입니다.
취득원가,자산을 취득하는 데 지출한 모든 비용의 합계입니다.
손상차손,자산의 장부가액이 회수 가능액보다 클 때 그 차액을 비용으로 인식하는 것입니다.
자산재평가,자산의 장부가액을 공정가치로 재조정하는 회계 처리입니다.
환산손익,외화 자산이나 부채를 원화로 환산할 때 발생하는 손익입니다.
지분법손익,관계기업이나 공동기업에 대한 투자에서 발생하는 손익입니다.
관계기업,투자기업이 유의적인 영향력을 행사할 수 있는 피투자기업입니다.
종속기업,지배기업이 지배력을 행사하는 기업입니다.
연결재무제표,지배기업과 종속기업을 하나의 실체로 보고 작성한 재무제표입니다.
별도재무제표,종속기업에 대한 투자를 원가법이나 지분법으로 회계처리한 개별 재무제표입니다.
내부거래제거,연결재무제표 작성 시 그룹 내 거래를 제거하는 절차입니다.
비지배지분,종속기업의 자본 중 지배기업이 소유하지 않은 부분입니다.
영업권손상,인수 시 인식한 영업권의 가치가 감소하여 비용으로 인식하는 것입니다.
핀테크,"금융(Finance)과 기술(Technology)을 결합한 용어로, 기술을 활용한 금융 서비스 혁신을 의미합니다."
블록체인,거래 정보를 블록 단위로 저장하고 체인 형태로 연결한 분산원장 기술입니다.
비트코인,"최초의 암호화폐로, 블록체인 기술을 기반으로 한 탈중앙화 디지털 화폐입니다."
이더리움,스마트 계약 기능을 갖춘 블록체인 플랫폼이자 암호화폐입니다.
암호화폐,암호화 기술을 이용하여 생성되고 거래되는 디지털 화폐입니다.
가상자산,"전자적으로 거래되거나 이전될 수 있는 경제적 가치로, 암호화폐를 포함합니다."
스마트계약,계약 조건을 코드로 작성하여 자동으로 실행되는 블록체인 기반 계약입니다.
NFT,"대체 불가능한 토큰으로, 블록체인에 저장되는 고유한 디지털 자산입니다."
DeFi,"탈중앙화 금융으로, 중개자 없이 블록체인에서 작동하는 금융 서비스입니다."
DAO,"탈중앙화 자율조직으로, 스마트 계약에 의해 운영되는 조직입니다."
메타버스,가상세계와 현실이 융합된 3차원 디지털 공간입니다.
CBDC,"중앙은행 디지털화폐로, 중앙은행이 발행하는 법정 디지털 화폐입니다."
스테이블코인,가치 변동성을 줄이기 위해 법정화폐나 실물자산에 연동된 암호화폐입니다.
알트코인,비트코인 이외의 모든 암호화폐를 통칭하는 말입니다.
채굴,암호화폐 거래를 검증하고 새로운 코인을 생성하는 과정입니다.
마이닝,"채굴을 영어로 표현한 것으로, 컴퓨팅 파워를 제공하여 암호화폐를 획득하는 행위입니다."
스테이킹,암호화폐를 일정 기간 보유하며 네트워크에 기여하여 보상을 받는 방식입니다.
웹3,"탈중앙화된 인터넷 환경으로, 블록체인 기술을 기반으로 합니다."
지갑,암호화폐를 보관하고 거래할 수 있는 디지털 지갑입니다.
콜드월렛,인터넷에 연결되지 않은 오프라인 암호화폐 지갑입니다.
핫월렛,인터넷에 연결된 온라인 암호화폐 지갑입니다.
거래소,암호화폐를 사고팔 수 있는 플랫폼입니다.
토큰,"블록체인 상에서 발행되는 디지털 자산으로, 다양한 용도로 사용됩니다."
ICO,"암호화폐 공개로, 프로젝트가 토큰을 발행하여 자금을 조달하는 방식입니다."
IEO,거래소가 검증 후 진행하는 토큰 공개 방식입니다.
에어드롭,마케팅 목적으로 무료로 토큰을 배포하는 행위입니다.
가스비,이더리움 네트워크에서 거래를 처리하는 데 필요한 수수료입니다.
프라이빗키,암호화폐 지갑에 접근하기 위한 비밀 키입니다.
퍼블릭키,거래 주소를 생성하는 공개 키입니다.
지갑주소,암호화폐를 송수신할 수 있는 고유 식별자입니다.
해시,데이터를 고정된 길이의 암호화된 문자열로 변환하는 함수의 결과값입니다.
해시레이트,채굴에 사용되는 컴퓨팅 파워의 양을 나타내는 지표입니다.
컨센서스,블록체인 네트워크에서 거래를 검증하고 합의하는 방식입니다.
작업증명,채굴자가 복잡한 수학 문제를 풀어 거래를 검증하는 합의 알고리즘입니다.
지분증명,보유한 암호화폐의 양에 따라 거래를 검증하는 합의 알고리즘입니다.
하드포크,블록체인의 규칙을 변경하여 기존 체인과 분리되는 업그레이드입니다.
소프트포크,이전 버전과 호환되는 블록체인 업그레이드입니다.
레이어2,블록체인 확장성을 높이기 위해 메인 체인 위에 구축된 2차 레이어입니다.
사이드체인,메인 블록체인과 독립적으로 작동하면서 연결된 별도의 블록체인입니다.
크로스체인,서로 다른 블록체인 간의 자산 이전이나 정보 교환을 가능하게 하는 기술입니다.
디앱,"탈중앙화 애플리케이션으로, 블록체인에서 작동하는 앱입니다."
오라클,블록체인이 외부 데이터를 활용할 수 있도록 연결하는 서비스입니다.
유동성풀,DeFi에서 자산을 예치하여 유동성을 제공하는 저장소입니다.
자동마켓메이커,알고리즘을 통해 자동으로 가격을 결정하고 거래를 체결하는 시스템입니다.
이자농사,DeFi 프로토콜에 자산을 예치하여 이자 수익을 얻는 전략입니다.
유동성채굴,유동성 풀에 자산을 예치하여 토큰 보상을 받는 행위입니다.
P2P금융,"개인 간 직접 자금을 거래하는 금융 서비스로, 중개 기관을 거치지 않습니다."
크라우드펀딩,다수의 개인으로부터 소액을 모아 자금을 조달하는 방식입니다.
로보어드바이저,알고리즘과 AI를 활용하여 자산 관리와 투자 조언을 제공하는 서비스입니다.
마이데이터,개인이 본인의 데이터에 대한 통제권을 가지고 활용할 수 있는 서비스입니다.
오픈뱅킹,은행 간 계좌 정보와 거래 내역을 통합하여 조회하고 이체할 수 있는 서비스입니다.
오픈API,"금융기관이 외부 개발자에게 개방한 API로, 다양한 금융 서비스 개발을 가능하게 합니다."
간편결제,카드나 계좌 정보를 미리 등록하여 간편하게 결제할 수 있는 서비스입니다.
간편송금,복잡한 계좌번호 없이 전화번호 등으로 송금할 수 있는 서비스입니다.
QR코드결제,QR 코드를 스캔하여 결제하는 방식입니다.
NFC결제,근거리 무선통신을 이용한 비접촉 결제 방식입니다.
생체인증,"지문, 얼굴, 홍채 등 생체 정보를 이용한 본인 인증 방식입니다."
OTP,"일회용 비밀번호로, 매번 다른 인증번호를 생성하여 보안을 강화하는 기술입니다."
공인인증서,전자 거래 시 본인임을 인증하는 전자적 정보입니다.
공동인증서,"공인인증서를 개편한 것으로, 민간과 공공에서 함께 사용하는 인증서입니다."
금융보안카드,금융 거래 시 추가 인증에 사용되는 일회용 비밀번호 카드입니다.
빅데이터,"방대한 양의 데이터를 수집, 분석하여 유의미한 정보를 추출하는 기술입니다."
인공지능,인간의 학습능력과 추론능력을 컴퓨터로 구현한 기술입니다.
머신러닝,데이터를 기반으로 컴퓨터가 스스로 학습하여 성능을 개선하는 AI 기술입니다.
딥러닝,인공신경망을 여러 층으로 쌓아 복잡한 패턴을 학습하는 머신러닝 기법입니다.
챗봇,자동으로 대화하여 고객 응대나 정보 제공을 하는 AI 프로그램입니다.
RPA,"로봇 프로세스 자동화로, 반복적인 업무를 소프트웨어 로봇이 수행하는 기술입니다."
클라우드컴퓨팅,인터넷을 통해 IT 자원을 서비스로 제공하는 컴퓨팅 방식입니다.
API,응용 프로그램 간 데이터를 주고받을 수 있게 하는 인터페이스입니다.
샌드박스,혁신적인 금융 서비스를 제한된 범위에서 시험 운영할 수 있도록 규제를 유예하는 제도입니다.
레그테크,"규제(Regulation)와 기술(Technology)의 합성어로, 규제 준수를 위한 기술을 의미합니다."
인슈어테크,"보험(Insurance)과 기술(Technology)의 합성어로, 기술을 활용한 보험 서비스 혁신을 의미합니다."
리테일테크,소매업에 기술을 접목하여 고객 경험을 향상시키는 서비스입니다.
프롭테크,"부동산(Property)과 기술(Technology)의 합성어로, 부동산 분야의 기술 혁신을 의미합니다."
카카오페이,카카오가 제공하는 간편결제 및 금융 서비스 플랫폼입니다.
네이버페이,네이버가 제공하는 간편결제 및 금융 서비스 플랫폼입니다.
토스,비바리퍼블리카가 제공하는 금융 슈퍼앱입니다.
파생상품,기초자산의 가격 변동에 따라 가치가 결정되는 금융상품입니다.
선물,미래 특정 시점에 특정 가격으로 자산을 사고팔기로 약속하는 계약입니다.
옵션,미래에 특정 가격으로 자산을 사거나 팔 수 있는 권리를 부여하는 계약입니다.
스왑,두 당사자가 서로 다른 현금흐름이나 자산을 교환하기로 약정하는 계약입니다.
콜옵션,기초자산을 미리 정한 가격에 살 수 있는 권리입니다.
풋옵션,기초자산을 미리 정한 가격에 팔 수 있는 권리입니다.
행사가격,옵션 계약에서 기초자산을 사거나 팔 수 있는 미리 정해진 가격입니다.
만기일,파생상품 계약이 종료되는 날짜입니다.
프리미엄,옵션 매수자가 매도자에게 지급하는 옵션 가격입니다.
내재가치,옵션을 즉시 행사했을 때 얻을 수 있는 이익입니다.
시간가치,"옵션 프리미엄에서 내재가치를 뺀 값으로, 만기까지 남은 시간에 따른 가치입니다."
헤지,가격 변동 위험을 줄이기 위해 파생상품을 이용하는 전략입니다.
레버리지,적은 자본으로 큰 규모의 투자를 하여 수익률을 증폭시키는 효과입니다.
증거금,파생상품 거래 시 손실 보전을 위해 예치하는 자금입니다.
위탁증거금,거래를 시작할 때 납부하는 최초 증거금입니다.
유지증거금,포지션을 유지하기 위해 필요한 최소 증거금입니다.
추가증거금,손실로 인해 증거금이 부족할 때 추가로 납부해야 하는 금액입니다.
마진콜,증거금이 유지증거금 수준 이하로 떨어졌을 때 추가 증거금을 요구하는 것입니다.
반대매매,증거금을 추가로 납부하지 않으면 증권사가 강제로 포지션을 청산하는 것입니다.
롤오버,만기가 다가온 선물 계약을 다음 월물로 이전하는 행위입니다.
베이시스,현물 가격과 선물 가격의 차이입니다.
백워데이션,선물 가격이 현물 가격보다 낮은 상태입니다.
콘탱고,선물 가격이 현물 가격보다 높은 상태입니다.
델타,기초자산 가격 변화에 대한 옵션 가격의 변화율입니다.
감마,기초자산 가격 변화에 대한 델타의 변화율입니다.
세타,시간 경과에 따른 옵션 가격의 변화율입니다.
베가,변동성 변화에 대한 옵션 가격의 변화율입니다.
로,금리 변화에 대한 옵션 가격의 변화율입니다.
임플라이드볼래틸리티,옵션 가격에 내재된 미래 변동성에 대한 시장의 기대치입니다.
히스토리컬볼래틸리티,과거 가격 변동을 바탕으로 계산한 실제 변동성입니다.
블랙숄즈모형,옵션의 이론 가격을 계산하는 대표적인 수학 모형입니다.
이항모형,"옵션 가격을 계산하는 모형으로, 자산 가격이 상승 또는 하락한다고 가정합니다."
스트래들,동일한 행사가격의 콜옵션과 풋옵션을 동시에 매수하는 전략입니다.
스트랭글,다른 행사가격의 콜옵션과 풋옵션을 동시에 매수하는 전략입니다.
커버드콜,보유 주식에 대해 콜옵션을 매도하여 프리미엄 수익을 얻는 전략입니다.
프로텍티브풋,보유 주식의 하락 위험을 막기 위해 풋옵션을 매수하는 전략입니다.
버터플라이스프레드,3개의 서로 다른 행사가격 옵션을 조합한 전략입니다.
콘도르스프레드,4개의 서로 다른 행사가격 옵션을 조합한 전략입니다.
수직스프레드,만기는 같고 행사가격이 다른 옵션을 조합한 전략입니다.
수평스프레드,행사가격은 같고 만기가 다른 옵션을 조합한 전략입니다.
대각스프레드,행사가격과 만기가 모두 다른 옵션을 조합한 전략입니다.
금리스왑,고정금리와 변동금리를 교환하는 스왑 계약입니다.
통화스왑,서로 다른 통화의 원금과 이자를 교환하는 계약입니다.
신용부도스왑,채무불이행 위험을 거래하는 파생상품입니다.
선도계약,미래 특정 시점에 미리 정한 가격으로 자산을 거래하기로 약정하는 계약입니다.
장외파생상품,거래소를 거치지 않고 당사자 간 직접 거래되는 파생상품입니다.
장내파생상품,거래소에서 표준화된 계약으로 거래되는 파생상품입니다.
차익거래,동일하거나 유사한 자산의 가격 차이를 이용하여 무위험 수익을 추구하는 거래입니다.
헤지펀드,다양한 투자 전략과 파생상품을 활용하여 절대 수익을 추구하는 펀드입니다.
알고리즘트레이딩,컴퓨터 알고리즘을 이용하여 자동으로 주문을 내고 거래하는 방식입니다.
고빈도거래,초단위로 대량의 주문을 내고 미세한 가격 차이를 이용하는 거래 기법입니다.
공매도,보유하지 않은 주식을 빌려서 먼저 팔고 나중에 되사는 투자 기법입니다.
합성포지션,여러 파생상품을 조합하여 다른 자산과 동일한 손익 구조를 만드는 것입니다.
바이너리옵션,만기 시 사전에 정해진 금액을 지급하거나 아무것도 받지 못하는 옵션입니다.
배리어옵션,기초자산 가격이 특정 수준에 도달하면 행사되거나 소멸되는 옵션입니다.
아시안옵션,행사가격이 만기 전 일정 기간의 평균 가격으로 결정되는 옵션입니다.
룩백옵션,만기 전 가장 유리한 가격으로 행사할 수 있는 옵션입니다.
디지털옵션,기초자산 가격이 특정 조건을 만족하면 고정 금액을 지급하는 옵션입니다.
녹인옵션,기초자산 가격이 특정 수준에 도달하면 행사 가능해지는 옵션입니다.
녹아웃옵션,기초자산 가격이 특정 수준에 도달하면 소멸되는 옵션입니다.
변동성거래,변동성의 변화에 베팅하는 거래 전략입니다.
캘린더스프레드,만기가 다른 옵션을 조합하여 시간 가치 변화를 이용하는 전략입니다.
레이쇼스프레드,서로 다른 수량의 옵션을 조합한 전략입니다.
박스스프레드,콜과 풋 스프레드를 결합한 무위험 차익거래 전략입니다.
컨버전,"현물 매수와 콜 매도, 풋 매수를 결합한 차익거래입니다."
리버설,"현물 매도와 콜 매수, 풋 매도를 결합한 차익거래입니다."
신세틱롱,콜 매수와 풋 매도로 현물 매수와 동일한 손익 구조를 만드는 것입니다.
신세틱숏,콜 매도와 풋 매수로 현물 매도와 동일한 손익 구조를 만드는 것입니다.
REITs,"부동산투자신탁으로, 다수의 투자자로부터 자금을 모아 부동산에 투자하고 수익을 배당하는 상품입니다."
PF대출,"프로젝트파이낸싱 대출로, 부동산 개발사업의 미래 수익을 담보로 제공되는 대출입니다."
브릿지론,단기 자금이 필요할 때 다음 자금 조달까지 연결해주는 임시 대출입니다.
메자닌,"선순위와 후순위 중간 단계의 투자로, 위험과 수익이 중간 수준입니다."
선순위,채권이나 대출에서 우선적으로 상환받을 권리가 있는 지위입니다.
후순위,"선순위 채권자들이 먼저 상환받은 후에 상환받는 지위로, 위험이 높고 수익률도 높습니다."
NPL,"부실채권으로, 연체 등으로 회수가 어려운 채권입니다."
LTV,"주택담보대출비율로, 주택 가격 대비 대출 가능 금액의 비율입니다."
DTI,"총부채상환비율로, 연간 소득 대비 모든 부채의 연간 원리금 상환액 비율입니다."
DSR,"총부채원리금상환비율로, 소득 대비 모든 금융부채의 원리금 상환액 비율입니다."
담보인정비율,담보물의 감정가 중 실제 담보로 인정되는 비율입니다.
주택담보대출,주택을 담보로 제공하고 받는 대출입니다.
신용대출,담보 없이 개인의 신용을 바탕으로 받는 대출입니다.
전세자금대출,전세 보증금 마련을 위해 받는 대출입니다.
중도금대출,주택 구입 시 분양가의 일부를 지급하기 위한 대출입니다.
경매,법원이 채무자의 부동산을 강제로 매각하는 절차입니다.
공매,국세청이나 한국자산관리공사 등이 채권 회수를 위해 부동산을 매각하는 절차입니다.
낙찰,경매나 공매에서 최고가로 입찰하여 부동산을 취득하는 것입니다.
유찰,경매나 공매에서 입찰자가 없거나 최저가에 미달하여 매각이 불발되는 것입니다.
감정가,법원이나 감정평가사가 평가한 부동산의 가치입니다.
최저입찰가,경매나 공매에서 입찰할 수 있는 최소 금액입니다.
재건축,노후 건물을 철거하고 새로 건축하는 사업입니다.
재개발,낙후된 지역을 철거하고 새로 개발하는 사업입니다.
리모델링,기존 건물을 철거하지 않고 개보수하여 성능을 향상시키는 것입니다.
조합원,재건축이나 재개발 조합에 가입한 구성원입니다.
일반분양,조합원이 아닌 일반인에게 분양하는 물량입니다.
분양권,분양 계약을 체결하고 받은 입주 권리입니다.
입주권,조합원이 재건축이나 재개발로 받게 되는 입주 권리입니다.
전매제한,일정 기간 동안 분양권이나 입주권을 타인에게 양도할 수 없도록 제한하는 것입니다.
분양가상한제,정부가 분양가를 일정 수준으로 제한하는 제도입니다.
청약가점제,"청약 시 무주택 기간, 부양가족 수 등을 점수로 환산하여 당첨자를 선정하는 방식입니다."
청약통장,주택 청약을 위해 가입하는 적금 통장입니다.
투기과열지구,주택 가격이 급등하여 정부가 지정한 규제 지역입니다.
조정대상지역,주택 시장 과열 우려가 있어 정부가 지정한 규제 지역입니다.
토지거래허가구역,투기 억제를 위해 토지 거래 시 허가를 받아야 하는 지역입니다.
분양가연동제,분양가를 시장 가격에 연동하여 결정하는 제도입니다.
후분양제,건물을 완공한 후 분양하는 제도입니다.
선분양제,건물을 짓기 전에 분양하는 현행 제도입니다.
프리미엄,분양권이나 입주권의 시세가 분양가보다 높은 차액입니다.
역프리미엄,분양권이나 입주권의 시세가 분양가보다 낮은 차액입니다.
갭투자,전세가와 매매가의 차이가 적을 때 소액으로 부동산을 구입하는 투자 방식입니다.
전세가율,매매가 대비 전세가의 비율입니다.
임대수익률,부동산 투자로 얻는 연간 임대 수익을 투자 금액으로 나눈 비율입니다.
실거래가,실제로 거래된 부동산의 가격입니다.
공시가격,"정부가 공시한 부동산의 가격으로, 세금 부과 기준이 됩니다."
공시지가,정부가 공시한 토지의 가격입니다.
기준시가,상속세나 증여세 산정의 기준이 되는 부동산 가격입니다.
취득세,부동산을 취득할 때 내는 세금입니다.
재산세,매년 부동산을 보유하고 있으면 내는 세금입니다.
종합부동산세,일정 금액 이상의 부동산을 보유하면 내는 세금입니다.
양도소득세,부동산을 양도하여 이익이 발생하면 내는 세금입니다.
1세대1주택,"1가구가 1채의 주택만을 보유한 상태로, 세금 감면 혜택이 있습니다."
다주택자,"2채 이상의 주택을 보유한 사람으로, 세금이 중과됩니다."
임대사업자,주택을 임대하는 사업을 등록한 사업자입니다.
장기임대,"일정 기간 이상 임대하는 것으로, 세금 감면 혜택이 있습니다."
단기임대,짧은 기간 동안 임대하는 것입니다.
월세,매월 일정 금액을 지불하는 임대 방식입니다.
전세,일정 금액의 보증금을 맡기고 주택을 임대하는 방식입니다.
반전세,보증금과 월세를 결합한 임대 방식입니다.
전세권,전세금을 지급하고 주택을 사용할 수 있는 법적 권리입니다.
임차권,임대차 계약을 통해 주택을 사용할 수 있는 권리입니다.
전입신고,주소지 이전을 관할 관청에 신고하는 것입니다.
확정일자,"임대차 계약서에 날짜를 공적으로 확정받는 것으로, 대항력을 갖습니다."
대항력,임대인이 바뀌어도 임차인의 권리를 주장할 수 있는 법적 효력입니다.
우선변제권,경매 시 다른 채권자보다 우선하여 보증금을 돌려받을 수 있는 권리입니다.
임대차보호법,임차인의 권리를 보호하기 위한 법률입니다.
계약갱신청구권,임차인이 임대 계약 만료 시 재계약을 요구할 수 있는 권리입니다.
전월세상한제,임대료 인상 폭을 일정 비율로 제한하는 제도입니다.
ESG,"환경(Environment), 사회(Social), 지배구조(Governance)를 고려한 지속가능경영을 의미합니다."
지속가능경영,"환경, 사회, 경제적 가치를 균형있게 추구하는 경영 방식입니다."
탄소중립,온실가스 배출량과 흡수량을 같게 하여 순배출량을 제로로 만드는 것입니다.
탄소배출권,"온실가스를 배출할 수 있는 권리로, 거래가 가능합니다."
탄소발자국,개인이나 기업의 활동에서 발생하는 온실가스 배출량을 나타낸 지표입니다.
녹색금융,환경 보호와 지속가능발전을 지원하는 금융 활동입니다.
그린본드,환경 프로젝트에 자금을 조달하기 위해 발행하는 채권입니다.
소셜본드,사회적 문제 해결을 위한 프로젝트에 자금을 조달하기 위해 발행하는 채권입니다.
지속가능채권,환경과 사회적 프로젝트 모두에 사용될 수 있는 채권입니다.
그린워싱,실제로는 친환경적이지 않으면서 친환경인 것처럼 홍보하는 허위 마케팅입니다.
RE100,기업이 사용하는 전력의 100%를 재생에너지로 충당하겠다는 캠페인입니다.
재생에너지,"태양광, 풍력 등 자연에서 얻을 수 있는 고갈되지 않는 에너지입니다."
신재생에너지,"재생에너지와 신에너지를 합친 용어로, 친환경 에너지를 의미합니다."
ESG경영,"환경, 사회, 지배구조를 고려하여 기업을 운영하는 것입니다."
ESG평가,기업의 ESG 성과를 평가하는 것입니다.
ESG투자,ESG 성과가 우수한 기업에 투자하는 것입니다.
사회적책임투자,"재무적 수익뿐만 아니라 사회적, 환경적 가치를 고려하는 투자입니다."
임팩트투자,"재무적 수익과 함께 사회적, 환경적 임팩트를 창출하는 투자입니다."
지배구조,기업의 의사결정 구조와 경영 투명성을 의미합니다.
이사회,기업의 주요 의사결정을 하는 최고 의사결정 기구입니다.
사외이사,회사와 고용 관계가 없는 외부 인사로 구성된 이사입니다.
독립이사,회사로부터 독립적인 지위에서 경영을 감독하는 이사입니다.
감사위원회,회사의 업무와 회계를 감사하는 이사회 내 위원회입니다.
내부통제,기업이 목표를 달성하기 위해 내부적으로 운영하는 통제 시스템입니다.
준법감시,기업이 법규를 준수하도록 감시하고 관리하는 활동입니다.
리스크관리,기업이 직면한 위험을 식별하고 관리하는 활동입니다.
컴플라이언스,법규와 윤리를 준수하는 것입니다.
공시,기업이 주주와 투자자에게 경영 정보를 공개하는 것입니다.
IR,"투자자 대상 기업 설명회로, 기업의 가치를 알리는 활동입니다."
주주총회,주주들이 모여 기업의 주요 사항을 결정하는 최고 의사결정 기관입니다.
의결권,주주가 주주총회에서 안건에 대해 투표할 수 있는 권리입니다.
의결권자문회사,주주들에게 의결권 행사에 대한 조언을 제공하는 회사입니다.
스튜어드십코드,기관투자자가 투자 기업의 경영을 감시하고 관여하는 행동 원칙입니다.
주주행동주의,주주가 적극적으로 경영에 개입하여 기업 가치를 높이려는 활동입니다.
액티비스트,기업 경영에 적극 개입하여 변화를 요구하는 주주입니다.
소액주주,소량의 주식을 보유한 개인 주주입니다.
대주주,기업의 많은 지분을 보유하여 경영에 영향을 미칠 수 있는 주주입니다.
특수관계인,대주주와 친족 관계 등 특수한 관계에 있는 사람입니다.
일감몰아주기,대주주가 특수관계인에게 부당하게 일감을 몰아주는 행위입니다.
총수일가,기업 그룹의 지배 주주와 그 가족을 의미합니다.
순환출자,계열사끼리 서로의 주식을 보유하여 지배 구조를 공고히 하는 것입니다.
지주회사,다른 회사의 주식을 소유하여 지배하는 것을 주된 사업으로 하는 회사입니다.
금산분리,금융 자본과 산업 자본을 분리하는 정책입니다.
사익편취,대주주나 경영진이 회사의 이익을 개인적으로 빼돌리는 행위입니다.
배임,임무를 위배하여 회사에 손해를 입히는 행위입니다.
횡령,회사의 재산을 불법적으로 개인이 차지하는 행위입니다.
분식회계,재무제표를 고의로 조작하여 실적을 좋게 보이게 하는 불법 행위입니다.
내부자거래,미공개 정보를 이용하여 주식을 거래하는 불법 행위입니다.
시세조종,주가를 인위적으로 조작하는 불법 행위입니다.
부정거래,투자자를 속여 부당한 이익을 취하는 불법 행위입니다.
공매도금지,주가 하락을 막기 위해 공매도를 금지하는 조치입니다.
기업지배구조보고서,기업의 지배구조 현황을 공시하는 보고서입니다.
지속가능경영보고서,기업의 ESG 활동과 성과를 공개하는 보고서입니다.
통합보고서,재무 정보와 비재무 정보를 통합하여 공개하는 보고서입니다.
이해관계자,기업의 활동에 영향을 받거나 영향을 미치는 모든 개인과 조직입니다.
이해관계자자본주의,주주뿐 아니라 모든 이해관계자의 이익을 고려하는 자본주의입니다.
주주자본주의,주주의 이익을 최우선으로 하는 자본주의입니다.
CSR,"기업의 사회적 책임으로, 기업이 사회에 기여해야 한다는 개념입니다."
CSV,"공유가치 창출로, 기업이 사회 문제를 해결하면서 경제적 가치도 창출하는 것입니다."
사회적기업,사회적 목적을 추구하면서 영리 활동을 하는 기업입니다.
협동조합,조합원들이 공동으로 소유하고 민주적으로 운영하는 조직입니다.
비영리조직,이익을 목적으로 하지 않고 공익을 추구하는 조직입니다.
재단법인,재산을 출연하여 설립한 비영리 법인입니다.
사단법인,사람들이 모여 설립한 비영리 법인입니다.
기부,자발적으로 재산을 무상으로 제공하는 행위입니다.
후원,사회적 활동이나 사업을 재정적으로 지원하는 것입니다.
자원봉사,대가 없이 자발적으로 타인이나 사회를 위해 활동하는 것입니다.
공익활동,사회 전체의 이익을 위한 활동입니다.
사회공헌,기업이나 개인이 사회를 위해 기여하는 활동입니다.
프로보노,전문가가 자신의 전문 지식을 무료로 제공하는 공익 활동입니다.
멘토링,경험이 풍부한 사람이 경험이 적은 사람을 지도하고 조언하는 것입니다.
다양성,"성별, 인종, 연령 등이 다양한 사람들이 함께하는 것입니다."
포용성,모든 사람을 차별 없이 받아들이고 존중하는 것입니다.
공정채용,차별 없이 능력과 자격을 기준으로 채용하는 것입니다.
블라인드채용,출신 학교 등 편견을 유발하는 정보를 배제하고 채용하는 방식입니다.
직장내괴롭힘,"직장에서 지위를 이용하여 다른 직원에게 신체적, 정신적 고통을 주는 행위입니다."
성희롱,상대방에게 성적 수치심이나 혐오감을 느끼게 하는 행위입니다.
양성평등,성별에 따른 차별 없이 평등한 기회와 대우를 보장하는 것입니다.
일가정양립,일과 가정생활의 균형을 이루는 것입니다.
육아휴직,자녀 양육을 위해 일정 기간 휴직하는 제도입니다.
시차출퇴근제,직원이 출퇴근 시간을 선택할 수 있는 유연근무제입니다.
재택근무,사무실이 아닌 집에서 일하는 근무 방식입니다.
원격근무,사무실이 아닌 다른 장소에서 일하는 근무 방식입니다.
워라밸,일과 생활의 균형을 의미하는 신조어입니다.
번아웃,"과도한 업무로 인해 신체적, 정신적으로 극도로 지친 상태입니다."
안전보건,직장에서 근로자의 안전과 건강을 보호하는 것입니다.
산업재해,업무 중 발생한 사고나 질병으로 인한 재해입니다.
중대재해처벌법,중대한 산업재해나 시민재해 발생 시 사업주와 경영책임자를 처벌하는 법입니다.
안전관리자,사업장의 안전을 관리하고 감독하는 전문 인력입니다.
위험성평가,작업장의 위험 요인을 찾아 평가하고 개선하는 활동입니다.
보건관리자,근로자의 건강을 관리하는 전문 인력입니다.
건강검진,근로자의 건강 상태를 확인하기 위한 검진입니다.
직업병,업무로 인해 발생한 질병입니다.
근골격계질환,"반복적인 동작이나 부자연스러운 자세로 인해 발생하는 근육, 뼈, 관절의 질환입니다."
정신건강,"스트레스, 우울증 등 정신적 건강 상태입니다."
EAP,"직원 지원 프로그램으로, 직원의 개인적 문제 해결을 지원하는 서비스입니다."
경제활동인구,만 15세 이상 인구 중 취업자와 실업자를 합한 인구입니다.
비경제활동인구,만 15세 이상 인구 중 일할 의사나 능력이 없는 인구입니다.
고용률,생산가능인구 중 취업자가 차지하는 비율입니다.
청년실업률,15세에서 29세 청년층의 실업률입니다.
체감실업률,실업자뿐 아니라 구직 단념자 등을 포함한 넓은 의미의 실업률입니다.
경제협력개발기구,"선진국들의 경제협력을 위한 국제기구로, OECD라고도 합니다."
국제통화기금,"국제 통화 안정과 무역 확대를 목적으로 하는 국제기구로, IMF라고도 합니다."
세계은행,개발도상국의 경제 발전을 지원하는 국제금융기구입니다.
아시아개발은행,아시아 지역의 경제 발전을 지원하는 국제금융기구입니다.
경제성장,한 국가의 경제 규모가 확대되는 것입니다.
경제발전,"경제 규모의 확대뿐 아니라 소득 분배, 생활 수준 향상 등을 포함하는 개념입니다."
선진국,경제가 발전하고 생활 수준이 높은 국가입니다.
개발도상국,경제 발전이 진행 중인 국가입니다.
신흥시장국,빠른 경제 성장으로 선진국으로 도약하고 있는 국가입니다.
브릭스,"브라질, 러시아, 인도, 중국 등 신흥 경제 대국을 지칭하는 용어입니다."
G7,"미국, 일본, 독일, 영국, 프랑스, 이탈리아, 캐나다 등 7개 선진국 협의체입니다."
G20,주요 20개국 재무장관과 중앙은행 총재 회의입니다.
무역자유화,국가 간 무역 장벽을 낮추어 자유로운 무역을 촉진하는 것입니다.
보호무역,자국 산업을 보호하기 위해 수입을 제한하는 정책입니다.
관세,수입품에 부과하는 세금입니다.
IPO,"기업공개로, 비상장 기업이 주식을 발행하여 주식시장에 상장하는 것입니다."
상장,주식시장에서 거래될 수 있도록 등록하는 것입니다.
상장폐지,주식시장에서 거래를 중단하고 등록을 말소하는 것입니다.
거래정지,일시적으로 주식 거래를 중단하는 조치입니다.
매매거래정지,중요 공시나 이상 징후로 인해 주식 거래를 일시 중단하는 것입니다.
시장조치,불공정거래나 주가 급변동 시 거래소가 취하는 조치입니다.
주가지수,여러 주식의 가격 변동을 종합하여 나타낸 지표입니다.
코스피,"한국 주식시장의 대표 지수로, 유가증권시장의 주가지수입니다."
코스닥,"중소벤처기업 중심의 주식시장으로, 코스닥시장의 주가지수입니다."
코넥스,초기 중소기업을 위한 주식시장입니다.
다우존스,미국 주식시장의 대표적인 주가지수입니다.
나스닥,미국의 기술주 중심 주식시장 및 그 지수입니다.
S&P500,미국의 대형주 500개 기업으로 구성된 주가지수입니다.
닛케이,일본 도쿄증권거래소의 대표 주가지수입니다.
항셍,홍콩 증권시장의 대표 주가지수입니다.
상해종합,중국 상해 증권시장의 주가지수입니다.
MSCI,모건스탠리캐피탈인터내셔널이 산출하는 세계 주가지수입니다.
벤치마크,투자 성과를 비교하기 위한 기준 지수입니다.
추종지수,펀드가 수익률 목표로 삼는 기준 지수입니다.
시가,하루 중 최초로 거래된 가격입니다.
종가,하루 중 마지막으로 거래된 가격입니다.
고가,하루 중 가장 높았던 가격입니다.
저가,하루 중 가장 낮았던 가격입니다.
전일대비,전일 종가와 비교한 당일 가격 변동입니다.
등락률,전일 종가 대비 당일 가격 변동률입니다.
거래대금순위,거래대금이 많은 순서대로 나열한 순위입니다.
시가총액순위,시가총액이 큰 순서대로 나열한 순위입니다.
시총상위주,시가총액이 큰 대형주를 의미합니다.
대형주,"시가총액이 큰 주식으로, 일반적으로 상위 100위권 종목입니다."
중형주,시가총액이 중간 규모인 주식입니다.
소형주,시가총액이 작은 주식입니다.
우량주,재무 건전성이 우수하고 안정적인 기업의 주식입니다.
블루칩,우량주를 의미하는 영어 표현입니다.
가치주,"PER, PBR 등이 낮아 저평가된 주식입니다."
성장주,높은 성장 가능성이 있는 기업의 주식입니다.
배당주,배당을 많이 주는 기업의 주식입니다.
경기민감주,경기 변동에 민감하게 반응하는 업종의 주식입니다.
경기방어주,경기 변동에 영향을 적게 받는 업종의 주식입니다.
내수주,국내 시장에 의존하는 기업의 주식입니다.
수출주,수출 비중이 높은 기업의 주식입니다.
IT주,정보기술 관련 기업의 주식입니다.
바이오주,바이오 및 제약 관련 기업의 주식입니다.
금융주,"은행, 증권, 보험 등 금융 관련 기업의 주식입니다."
화학주,화학 관련 기업의 주식입니다.
자동차주,자동차 관련 기업의 주식입니다.
조선주,조선 관련 기업의 주식입니다.
철강주,철강 관련 기업의 주식입니다.
건설주,건설 관련 기업의 주식입니다.
유통주,유통 관련 기업의 주식입니다.
게임주,게임 관련 기업의 주식입니다.
엔터주,엔터테인먼트 관련 기업의 주식입니다.
2차전지주,2차전지 관련 기업의 주식입니다.
반도체주,반도체 관련 기업의 주식입니다.
배터리주,배터리 관련 기업의 주식입니다.
전기차주,전기차 관련 기업의 주식입니다.
국내단기주식투자,"국내 시장의 단기 주식 투자 방식으로, 투자자들이 활용하는 금융 기법입니다."
국내단기주식거래,"국내 시장의 단기 주식 거래 방식으로, 투자자들이 활용하는 금융 기법입니다."
국내단기주식시장,"국내 시장의 단기 주식 시장 방식으로, 투자자들이 활용하는 금융 기법입니다."
국내단기주식상품,"국내 시장의 단기 주식 상품 방식으로, 투자자들이 활용하는 금융 기법입니다."
국내단기주식포트폴리오,"국내 시장의 단기 주식 포트폴리오 방식으로, 투자자들이 활용하는 금융 기법입니다."
국내중기주식투자,"국내 시장의 중기 주식 투자 방식으로, 투자자들이 활용하는 금융 기법입니다."
국내중기주식거래,"국내 시장의 중기 주식 거래 방식으로, 투자자들이 활용하는 금융 기법입니다."
국내중기주식시장,"국내 시장의 중기 주식 시장 방식으로, 투자자들이 활용하는 금융 기법입니다."
국내중기주식상품,"국내 시장의 중기 주식 상품 방식으로, 투자자들이 활용하는 금융 기법입니다."
국내중기주식포트폴리오,"국내 시장의 중기 주식 포트폴리오 방식으로, 투자자들이 활용하는 금융 기법입니다."
국내장기주식투자,"국내 시장의 장기 주식 투자 방식으로, 투자자들이 활용하는 금융 기법입니다."
국내장기주식거래,"국내 시장의 장기 주식 거래 방식으로, 투자자들이 활용하는 금융 기법입니다."
국내장기주식시장,"국내 시장의 장기 주식 시장 방식으로, 투자자들이 활용하는 금융 기법입니다."
국내장기주식상품,"국내 시장의 장기 주식 상품 방식으로, 투자자들이 활용하는 금융 기법입니다."
국내장기주식포트폴리오,"국내 시장의 장기 주식 포트폴리오 방식으로, 투자자들이 활용하는 금융 기법입니다."
국내초단기주식투자,"국내 시장의 초단기 주식 투자 방식으로, 투자자들이 활용하는 금융 기법입니다."
국내초단기주식거래,"국내 시장의 초단기 주식 거래 방식으로, 투자자들이 활용하는 금융 기법입니다."
국내초단기주식시장,"국내 시장의 초단기 주식 시장 방식으로, 투자자들이 활용하는 금융 기법입니다."
국내초단기주식상품,"국내 시장의 초단기 주식 상품 방식으로, 투자자들이 활용하는 금융 기법입니다."
국내초단기주식포트폴리오,"국내 시장의 초단기 주식 포트폴리오 방식으로, 투자자들이 활용하는 금융 기법입니다."
국내초장기주식투자,"국내 시장의 초장기 주식 투자 방식으로, 투자자들이 활용하는 금융 기법입니다."
국내초장기주식거래,"국내 시장의 초장기 주식 거래 방식으로, 투자자들이 활용하는 금융 기법입니다."
국내초장기주식시장,"국내 시장의 초장기 주식 시장 방식으로, 투자자들이 활용하는 금융 기법입니다."
국내초장기주식상품,"국내 시장의 초장기 주식 상품 방식으로, 투자자들이 활용하는 금융 기법입니다."
국내초장기주식포트폴리오,"국내 시장의 초장기 주식 포트폴리오 방식으로, 투자자들이 활용하는 금융 기법입니다."
해외단기주식투자,"해외 시장의 단기 주식 투자 방식으로, 투자자들이 활용하는 금융 기법입니다."
해외단기주식거래,"해외 시장의 단기 주식 거래 방식으로, 투자자들이 활용하는 금융 기법입니다."
해외단기주식시장,"해외 시장의 단기 주식 시장 방식으로, 투자자들이 활용하는 금융 기법입니다."
해외단기주식상품,"해외 시장의 단기 주식 상품 방식으로, 투자자들이 활용하는 금융 기법입니다."
해외단기주식포트폴리오,"해외 시장의 단기 주식 포트폴리오 방식으로, 투자자들이 활용하는 금융 기법입니다."
해외중기주식투자,"해외 시장의 중기 주식 투자 방식으로, 투자자들이 활용하는 금융 기법입니다."
해외중기주식거래,"해외 시장의 중기 주식 거래 방식으로, 투자자들이 활용하는 금융 기법입니다."
해외중기주식시장,"해외 시장의 중기 주식 시장 방식으로, 투자자들이 활용하는 금융 기법입니다."
해외중기주식상품,"해외 시장의 중기 주식 상품 방식으로, 투자자들이 활용하는 금융 기법입니다."
해외중기주식포트폴리오,"해외 시장의 중기 주식 포트폴리오 방식으로, 투자자들이 활용하는 금융 기법입니다."
해외장기주식투자,"해외 시장의 장기 주식 투자 방식으로, 투자자들이 활용하는 금융 기법입니다."
해외장기주식거래,"해외 시장의 장기 주식 거래 방식으로, 투자자들이 활용하는 금융 기법입니다."
해외장기주식시장,"해외 시장의 장기 주식 시장 방식으로, 투자자들이 활용하는 금융 기법입니다."
해외장기주식상품,"해외 시장의 장기 주식 상품 방식으로, 투자자들이 활용하는 금융 기법입니다."
해외장기주식포트폴리오,"해외 시장의 장기 주식 포트폴리오 방식으로, 투자자들이 활용하는 금융 기법입니다."
해외초단기주식투자,"해외 시장의 초단기 주식 투자 방식으로, 투자자들이 활용하는 금융 기법입니다."
해외초단기주식거래,"해외 시장의 초단기 주식 거래 방식으로, 투자자들이 활용하는 금융 기법입니다."
해외초단기주식시장,"해외 시장의 초단기 주식 시장 방식으로, 투자자들이 활용하는 금융 기법입니다."
해외초단기주식상품,"해외 시장의 초단기 주식 상품 방식으로, 투자자들이 활용하는 금융 기법입니다."
해외초단기주식포트폴리오,"해외 시장의 초단기 주식 포트폴리오 방식으로, 투자자들이 활용하는 금융 기법입니다."
해외초장기주식투자,"해외 시장의 초장기 주식 투자 방식으로, 투자자들이 활용하는 금융 기법입니다."
해외초장기주식거래,"해외 시장의 초장기 주식 거래 방식으로, 투자자들이 활용하는 금융 기법입니다."
해외초장기주식시장,"해외 시장의 초장기 주식 시장 방식으로, 투자자들이 활용하는 금융 기법입니다."
해외초장기주식상품,"해외 시장의 초장기 주식 상품 방식으로, 투자자들이 활용하는 금융 기법입니다."
해외초장기주식포트폴리오,"해외 시장의 초장기 주식 포트폴리오 방식으로, 투자자들이 활용하는 금융 기법입니다."
글로벌단기주식투자,"글로벌 시장의 단기 주식 투자 방식으로, 투자자들이 활용하는 금융 기법입니다."
글로벌단기주식거래,"글로벌 시장의 단기 주식 거래 방식으로, 투자자들이 활용하는 금융 기법입니다."
글로벌단기주식시장,"글로벌 시장의 단기 주식 시장 방식으로, 투자자들이 활용하는 금융 기법입니다."
글로벌단기주식상품,"글로벌 시장의 단기 주식 상품 방식으로, 투자자들이 활용하는 금융 기법입니다."
글로벌단기주식포트폴리오,"글로벌 시장의 단기 주식 포트폴리오 방식으로, 투자자들이 활용하는 금융 기법입니다."
글로벌중기주식투자,"글로벌 시장의 중기 주식 투자 방식으로, 투자자들이 활용하는 금융 기법입니다."
글로벌중기주식거래,"글로벌 시장의 중기 주식 거래 방식으로, 투자자들이 활용하는 금융 기법입니다."
글로벌중기주식시장,"글로벌 시장의 중기 주식 시장 방식으로, 투자자들이 활용하는 금융 기법입니다."
글로벌중기주식상품,"글로벌 시장의 중기 주식 상품 방식으로, 투자자들이 활용하는 금융 기법입니다."
글로벌중기주식포트폴리오,"글로벌 시장의 중기 주식 포트폴리오 방식으로, 투자자들이 활용하는 금융 기법입니다."
글로벌장기주식투자,"글로벌 시장의 장기 주식 투자 방식으로, 투자자들이 활용하는 금융 기법입니다."
글로벌장기주식거래,"글로벌 시장의 장기 주식 거래 방식으로, 투자자들이 활용하는 금융 기법입니다."
글로벌장기주식시장,"글로벌 시장의 장기 주식 시장 방식으로, 투자자들이 활용하는 금융 기법입니다."
글로벌장기주식상품,"글로벌 시장의 장기 주식 상품 방식으로, 투자자들이 활용하는 금융 기법입니다."
글로벌장기주식포트폴리오,"글로벌 시장의 장기 주식 포트폴리오 방식으로, 투자자들이 활용하는 금융 기법입니다."
글로벌초단기주식투자,"글로벌 시장의 초단기 주식 투자 방식으로, 투자자들이 활용하는 금융 기법입니다."
글로벌초단기주식거래,"글로벌 시장의 초단기 주식 거래 방식으로, 투자자들이 활용하는 금융 기법입니다."
글로벌초단기주식시장,"글로벌 시장의 초단기 주식 시장 방식으로, 투자자들이 활용하는 금융 기법입니다."
글로벌초단기주식상품,"글로벌 시장의 초단기 주식 상품 방식으로, 투자자들이 활용하는 금융 기법입니다."
글로벌초단기주식포트폴리오,"글로벌 시장의 초단기 주식 포트폴리오 방식으로, 투자자들이 활용하는 금융 기법입니다."
글로벌초장기주식투자,"글로벌 시장의 초장기 주식 투자 방식으로, 투자자들이 활용하는 금융 기법입니다."
글로벌초장기주식거래,"글로벌 시장의 초장기 주식 거래 방식으로, 투자자들이 활용하는 금융 기법입니다."
글로벌초장기주식시장,"글로벌 시장의 초장기 주식 시장 방식으로, 투자자들이 활용하는 금융 기법입니다."
글로벌초장기주식상품,"글로벌 시장의 초장기 주식 상품 방식으로, 투자자들이 활용하는 금융 기법입니다."
글로벌초장기주식포트폴리오,"글로벌 시장의 초장기 주식 포트폴리오 방식으로, 투자자들이 활용하는 금융 기법입니다."
미국단기주식투자,"미국 시장의 단기 주식 투자 방식으로, 투자자들이 활용하는 금융 기법입니다."
미국단기주식거래,"미국 시장의 단기 주식 거래 방식으로, 투자자들이 활용하는 금융 기법입니다."
미국단기주식시장,"미국 시장의 단기 주식 시장 방식으로, 투자자들이 활용하는 금융 기법입니다."
미국단기주식상품,"미국 시장의 단기 주식 상품 방식으로, 투자자들이 활용하는 금융 기법입니다."
미국단기주식포트폴리오,"미국 시장의 단기 주식 포트폴리오 방식으로, 투자자들이 활용하는 금융 기법입니다."
미국중기주식투자,"미국 시장의 중기 주식 투자 방식으로, 투자자들이 활용하는 금융 기법입니다."
미국중기주식거래,"미국 시장의 중기 주식 거래 방식으로, 투자자들이 활용하는 금융 기법입니다."
미국중기주식시장,"미국 시장의 중기 주식 시장 방식으로, 투자자들이 활용하는 금융 기법입니다."
미국중기주식상품,"미국 시장의 중기 주식 상품 방식으로, 투자자들이 활용하는 금융 기법입니다."
미국중기주식포트폴리오,"미국 시장의 중기 주식 포트폴리오 방식으로, 투자자들이 활용하는 금융 기법입니다."
미국장기주식투자,"미국 시장의 장기 주식 투자 방식으로, 투자자들이 활용하는 금융 기법입니다."
미국장기주식거래,"미국 시장의 장기 주식 거래 방식으로, 투자자들이 활용하는 금융 기법입니다."
미국장기주식시장,"미국 시장의 장기 주식 시장 방식으로, 투자자들이 활용하는 금융 기법입니다."
미국장기주식상품,"미국 시장의 장기 주식 상품 방식으로, 투자자들이 활용하는 금융 기법입니다."
미국장기주식포트폴리오,"미국 시장의 장기 주식 포트폴리오 방식으로, 투자자들이 활용하는 금융 기법입니다."
미국초단기주식투자,"미국 시장의 초단기 주식 투자 방식으로, 투자자들이 활용하는 금융 기법입니다."
미국초단기주식거래,"미국 시장의 초단기 주식 거래 방식으로, 투자자들이 활용하는 금융 기법입니다."
미국초단기주식시장,"미국 시장의 초단기 주식 시장 방식으로, 투자자들이 활용하는 금융 기법입니다."
미국초단기주식상품,"미국 시장의 초단기 주식 상품 방식으로, 투자자들이 활용하는 금융 기법입니다."
미국초단기주식포트폴리오,"미국 시장의 초단기 주식 포트폴리오 방식으로, 투자자들이 활용하는 금융 기법입니다."
미국초장기주식투자,"미국 시장의 초장기 주식 투자 방식으로, 투자자들이 활용하는 금융 기법입니다."
미국초장기주식거래,"미국 시장의 초장기 주식 거래 방식으로, 투자자들이 활용하는 금융 기법입니다."
미국초장기주식시장,"미국 시장의 초장기 주식 시장 방식으로, 투자자들이 활용하는 금융 기법입니다."
미국초장기주식상품,"미국 시장의 초장기 주식 상품 방식으로, 투자자들이 활용하는 금융 기법입니다."
미국초장기주식포트폴리오,"미국 시장의 초장기 주식 포트폴리오 방식으로, 투자자들이 활용하는 금융 기법입니다."
유럽단기주식투자,"유럽 시장의 단기 주식 투자 방식으로, 투자자들이 활용하는 금융 기법입니다."
유럽단기주식거래,"유럽 시장의 단기 주식 거래 방식으로, 투자자들이 활용하는 금융 기법입니다."
유럽단기주식시장,"유럽 시장의 단기 주식 시장 방식으로, 투자자들이 활용하는 금융 기법입니다."
유럽단기주식상품,"유럽 시장의 단기 주식 상품 방식으로, 투자자들이 활용하는 금융 기법입니다."
유럽단기주식포트폴리오,"유럽 시장의 단기 주식 포트폴리오 방식으로, 투자자들이 활용하는 금융 기법입니다."
유럽중기주식투자,"유럽 시장의 중기 주식 투자 방식으로, 투자자들이 활용하는 금융 기법입니다."
유럽중기주식거래,"유럽 시장의 중기 주식 거래 방식으로, 투자자들이 활용하는 금융 기법입니다."
유럽중기주식시장,"유럽 시장의 중기 주식 시장 방식으로, 투자자들이 활용하는 금융 기법입니다."
유럽중기주식상품,"유럽 시장의 중기 주식 상품 방식으로, 투자자들이 활용하는 금융 기법입니다."
유럽중기주식포트폴리오,"유럽 시장의 중기 주식 포트폴리오 방식으로, 투자자들이 활용하는 금융 기법입니다."
유럽장기주식투자,"유럽 시장의 장기 주식 투자 방식으로, 투자자들이 활용하는 금융 기법입니다."
유럽장기주식거래,"유럽 시장의 장기 주식 거래 방식으로, 투자자들이 활용하는 금융 기법입니다."
유럽장기주식시장,"유럽 시장의 장기 주식 시장 방식으로, 투자자들이 활용하는 금융 기법입니다."
유럽장기주식상품,"유럽 시장의 장기 주식 상품 방식으로, 투자자들이 활용하는 금융 기법입니다."
유럽장기주식포트폴리오,"유럽 시장의 장기 주식 포트폴리오 방식으로, 투자자들이 활용하는 금융 기법입니다."
유럽초단기주식투자,"유럽 시장의 초단기 주식 투자 방식으로, 투자자들이 활용하는 금융 기법입니다."
유럽초단기주식거래,"유럽 시장의 초단기 주식 거래 방식으로, 투자자들이 활용하는 금융 기법입니다."
유럽초단기주식시장,"유럽 시장의 초단기 주식 시장 방식으로, 투자자들이 활용하는 금융 기법입니다."
유럽초단기주식상품,"유럽 시장의 초단기 주식 상품 방식으로, 투자자들이 활용하는 금융 기법입니다."
유럽초단기주식포트폴리오,"유럽 시장의 초단기 주식 포트폴리오 방식으로, 투자자들이 활용하는 금융 기법입니다."
유럽초장기주식투자,"유럽 시장의 초장기 주식 투자 방식으로, 투자자들이 활용하는 금융 기법입니다."
유럽초장기주식거래,"유럽 시장의 초장기 주식 거래 방식으로, 투자자들이 활용하는 금융 기법입니다."
유럽초장기주식시장,"유럽 시장의 초장기 주식 시장 방식으로, 투자자들이 활용하는 금융 기법입니다."
유럽초장기주식상품,"유럽 시장의 초장기 주식 상품 방식으로, 투자자들이 활용하는 금융 기법입니다."
유럽초장기주식포트폴리오,"유럽 시장의 초장기 주식 포트폴리오 방식으로, 투자자들이 활용하는 금융 기법입니다."
아시아단기주식투자,"아시아 시장의 단기 주식 투자 방식으로, 투자자들이 활용하는 금융 기법입니다."
아시아단기주식거래,"아시아 시장의 단기 주식 거래 방식으로, 투자자들이 활용하는 금융 기법입니다."
아시아단기주식시장,"아시아 시장의 단기 주식 시장 방식으로, 투자자들이 활용하는 금융 기법입니다."
아시아단기주식상품,"아시아 시장의 단기 주식 상품 방식으로, 투자자들이 활용하는 금융 기법입니다."
아시아단기주식포트폴리오,"아시아 시장의 단기 주식 포트폴리오 방식으로, 투자자들이 활용하는 금융 기법입니다."
아시아중기주식투자,"아시아 시장의 중기 주식 투자 방식으로, 투자자들이 활용하는 금융 기법입니다."
아시아중기주식거래,"아시아 시장의 중기 주식 거래 방식으로, 투자자들이 활용하는 금융 기법입니다."
아시아중기주식시장,"아시아 시장의 중기 주식 시장 방식으로, 투자자들이 활용하는 금융 기법입니다."
아시아중기주식상품,"아시아 시장의 중기 주식 상품 방식으로, 투자자들이 활용하는 금융 기법입니다."
아시아중기주식포트폴리오,"아시아 시장의 중기 주식 포트폴리오 방식으로, 투자자들이 활용하는 금융 기법입니다."
아시아장기주식투자,"아시아 시장의 장기 주식 투자 방식으로, 투자자들이 활용하는 금융 기법입니다."
아시아장기주식거래,"아시아 시장의 장기 주식 거래 방식으로, 투자자들이 활용하는 금융 기법입니다."
아시아장기주식시장,"아시아 시장의 장기 주식 시장 방식으로, 투자자들이 활용하는 금융 기법입니다."
아시아장기주식상품,"아시아 시장의 장기 주식 상품 방식으로, 투자자들이 활용하는 금융 기법입니다."
아시아장기주식포트폴리오,"아시아 시장의 장기 주식 포트폴리오 방식으로, 투자자들이 활용하는 금융 기법입니다."
아시아초단기주식투자,"아시아 시장의 초단기 주식 투자 방식으로, 투자자들이 활용하는 금융 기법입니다."
아시아초단기주식거래,"아시아 시장의 초단기 주식 거래 방식으로, 투자자들이 활용하는 금융 기법입니다."
아시아초단기주식시장,"아시아 시장의 초단기 주식 시장 방식으로, 투자자들이 활용하는 금융 기법입니다."
아시아초단기주식상품,"아시아 시장의 초단기 주식 상품 방식으로, 투자자들이 활용하는 금융 기법입니다."
아시아초단기주식포트폴리오,"아시아 시장의 초단기 주식 포트폴리오 방식으로, 투자자들이 활용하는 금융 기법입니다."
아시아초장기주식투자,"아시아 시장의 초장기 주식 투자 방식으로, 투자자들이 활용하는 금융 기법입니다."
아시아초장기주식거래,"아시아 시장의 초장기 주식 거래 방식으로, 투자자들이 활용하는 금융 기법입니다."
아시아초장기주식시장,"아시아 시장의 초장기 주식 시장 방식으로, 투자자들이 활용하는 금융 기법입니다."
아시아초장기주식상품,"아시아 시장의 초장기 주식 상품 방식으로, 투자자들이 활용하는 금융 기법입니다."
아시아초장기주식포트폴리오,"아시아 시장의 초장기 주식 포트폴리오 방식으로, 투자자들이 활용하는 금융 기법입니다."
신흥국단기주식투자,"신흥국 시장의 단기 주식 투자 방식으로, 투자자들이 활용하는 금융 기법입니다."
신흥국단기주식거래,"신흥국 시장의 단기 주식 거래 방식으로, 투자자들이 활용하는 금융 기법입니다."
신흥국단기주식시장,"신흥국 시장의 단기 주식 시장 방식으로, 투자자들이 활용하는 금융 기법입니다."
신흥국단기주식상품,"신흥국 시장의 단기 주식 상품 방식으로, 투자자들이 활용하는 금융 기법입니다."
신흥국단기주식포트폴리오,"신흥국 시장의 단기 주식 포트폴리오 방식으로, 투자자들이 활용하는 금융 기법입니다."
신흥국중기주식투자,"신흥국 시장의 중기 주식 투자 방식으로, 투자자들이 활용하는 금융 기법입니다."
신흥국중기주식거래,"신흥국 시장의 중기 주식 거래 방식으로, 투자자들이 활용하는 금융 기법입니다."
신흥국중기주식시장,"신흥국 시장의 중기 주식 시장 방식으로, 투자자들이 활용하는 금융 기법입니다."
신흥국중기주식상품,"신흥국 시장의 중기 주식 상품 방식으로, 투자자들이 활용하는 금융 기법입니다."
신흥국중기주식포트폴리오,"신흥국 시장의 중기 주식 포트폴리오 방식으로, 투자자들이 활용하는 금융 기법입니다."
신흥국장기주식투자,"신흥국 시장의 장기 주식 투자 방식으로, 투자자들이 활용하는 금융 기법입니다."
신흥국장기주식거래,"신흥국 시장의 장기 주식 거래 방식으로, 투자자들이 활용하는 금융 기법입니다."
신흥국장기주식시장,"신흥국 시장의 장기 주식 시장 방식으로, 투자자들이 활용하는 금융 기법입니다."
신흥국장기주식상품,"신흥국 시장의 장기 주식 상품 방식으로, 투자자들이 활용하는 금융 기법입니다."
신흥국장기주식포트폴리오,"신흥국 시장의 장기 주식 포트폴리오 방식으로, 투자자들이 활용하는 금융 기법입니다."
신흥국초단기주식투자,"신흥국 시장의 초단기 주식 투자 방식으로, 투자자들이 활용하는 금융 기법입니다."
신흥국초단기주식거래,"신흥국 시장의 초단기 주식 거래 방식으로, 투자자들이 활용하는 금융 기법입니다."
신흥국초단기주식시장,"신흥국 시장의 초단기 주식 시장 방식으로, 투자자들이 활용하는 금융 기법입니다."
신흥국초단기주식상품,"신흥국 시장의 초단기 주식 상품 방식으로, 투자자들이 활용하는 금융 기법입니다."
신흥국초단기주식포트폴리오,"신흥국 시장의 초단기 주식 포트폴리오 방식으로, 투자자들이 활용하는 금융 기법입니다."
신흥국초장기주식투자,"신흥국 시장의 초장기 주식 투자 방식으로, 투자자들이 활용하는 금융 기법입니다."
신흥국초장기주식거래,"신흥국 시장의 초장기 주식 거래 방식으로, 투자자들이 활용하는 금융 기법입니다."
신흥국초장기주식시장,"신흥국 시장의 초장기 주식 시장 방식으로, 투자자들이 활용하는 금융 기법입니다."
신흥국초장기주식상품,"신흥국 시장의 초장기 주식 상품 방식으로, 투자자들이 활용하는 금융 기법입니다."
신흥국초장기주식포트폴리오,"신흥국 시장의 초장기 주식 포트폴리오 방식으로, 투자자들이 활용하는 금융 기법입니다."
선진국단기주식투자,"선진국 시장의 단기 주식 투자 방식으로, 투자자들이 활용하는 금융 기법입니다."
선진국단기주식거래,"선진국 시장의 단기 주식 거래 방식으로, 투자자들이 활용하는 금융 기법입니다."
선진국단기주식시장,"선진국 시장의 단기 주식 시장 방식으로, 투자자들이 활용하는 금융 기법입니다."
선진국단기주식상품,"선진국 시장의 단기 주식 상품 방식으로, 투자자들이 활용하는 금융 기법입니다."
선진국단기주식포트폴리오,"선진국 시장의 단기 주식 포트폴리오 방식으로, 투자자들이 활용하는 금융 기법입니다."
선진국중기주식투자,"선진국 시장의 중기 주식 투자 방식으로, 투자자들이 활용하는 금융 기법입니다."
선진국중기주식거래,"선진국 시장의 중기 주식 거래 방식으로, 투자자들이 활용하는 금융 기법입니다."
선진국중기주식시장,"선진국 시장의 중기 주식 시장 방식으로, 투자자들이 활용하는 금융 기법입니다."
선진국중기주식상품,"선진국 시장의 중기 주식 상품 방식으로, 투자자들이 활용하는 금융 기법입니다."
선진국중기주식포트폴리오,"선진국 시장의 중기 주식 포트폴리오 방식으로, 투자자들이 활용하는 금융 기법입니다."
선진국장기주식투자,"선진국 시장의 장기 주식 투자 방식으로, 투자자들이 활용하는 금융 기법입니다."
선진국장기주식거래,"선진국 시장의 장기 주식 거래 방식으로, 투자자들이 활용하는 금융 기법입니다."
선진국장기주식시장,"선진국 시장의 장기 주식 시장 방식으로, 투자자들이 활용하는 금융 기법입니다."
선진국장기주식상품,"선진국 시장의 장기 주식 상품 방식으로, 투자자들이 활용하는 금융 기법입니다."
선진국장기주식포트폴리오,"선진국 시장의 장기 주식 포트폴리오 방식으로, 투자자들이 활용하는 금융 기법입니다."
선진국초단기주식투자,"선진국 시장의 초단기 주식 투자 방식으로, 투자자들이 활용하는 금융 기법입니다."
선진국초단기주식거래,"선진국 시장의 초단기 주식 거래 방식으로, 투자자들이 활용하는 금융 기법입니다."
선진국초단기주식시장,"선진국 시장의 초단기 주식 시장 방식으로, 투자자들이 활용하는 금융 기법입니다."
선진국초단기주식상품,"선진국 시장의 초단기 주식 상품 방식으로, 투자자들이 활용하는 금융 기법입니다."
선진국초단기주식포트폴리오,"선진국 시장의 초단기 주식 포트폴리오 방식으로, 투자자들이 활용하는 금융 기법입니다."
선진국초장기주식투자,"선진국 시장의 초장기 주식 투자 방식으로, 투자자들이 활용하는 금융 기법입니다."
선진국초장기주식거래,"선진국 시장의 초장기 주식 거래 방식으로, 투자자들이 활용하는 금융 기법입니다."
선진국초장기주식시장,"선진국 시장의 초장기 주식 시장 방식으로, 투자자들이 활용하는 금융 기법입니다."
선진국초장기주식상품,"선진국 시장의 초장기 주식 상품 방식으로, 투자자들이 활용하는 금융 기법입니다."
선진국초장기주식포트폴리오,"선진국 시장의 초장기 주식 포트폴리오 방식으로, 투자자들이 활용하는 금융 기법입니다."
중국단기주식투자,"중국 시장의 단기 주식 투자 방식으로, 투자자들이 활용하는 금융 기법입니다."
중국단기주식거래,"중국 시장의 단기 주식 거래 방식으로, 투자자들이 활용하는 금융 기법입니다."
중국단기주식시장,"중국 시장의 단기 주식 시장 방식으로, 투자자들이 활용하는 금융 기법입니다."
중국단기주식상품,"중국 시장의 단기 주식 상품 방식으로, 투자자들이 활용하는 금융 기법입니다."
중국단기주식포트폴리오,"중국 시장의 단기 주식 포트폴리오 방식으로, 투자자들이 활용하는 금융 기법입니다."
중국중기주식투자,"중국 시장의 중기 주식 투자 방식으로, 투자자들이 활용하는 금융 기법입니다."
중국중기주식거래,"중국 시장의 중기 주식 거래 방식으로, 투자자들이 활용하는 금융 기법입니다."
중국중기주식시장,"중국 시장의 중기 주식 시장 방식으로, 투자자들이 활용하는 금융 기법입니다."
중국중기주식상품,"중국 시장의 중기 주식 상품 방식으로, 투자자들이 활용하는 금융 기법입니다."
중국중기주식포트폴리오,"중국 시장의 중기 주식 포트폴리오 방식으로, 투자자들이 활용하는 금융 기법입니다."
중국장기주식투자,"중국 시장의 장기 주식 투자 방식으로, 투자자들이 활용하는 금융 기법입니다."
중국장기주식거래,"중국 시장의 장기 주식 거래 방식으로, 투자자들이 활용하는 금융 기법입니다."
중국장기주식시장,"중국 시장의 장기 주식 시장 방식으로, 투자자들이 활용하는 금융 기법입니다."
중국장기주식상품,"중국 시장의 장기 주식 상품 방식으로, 투자자들이 활용하는 금융 기법입니다."
중국장기주식포트폴리오,"중국 시장의 장기 주식 포트폴리오 방식으로, 투자자들이 활용하는 금융 기법입니다."
중국초단기주식투자,"중국 시장의 초단기 주식 투자 방식으로, 투자자들이 활용하는 금융 기법입니다."
중국초단기주식거래,"중국 시장의 초단기 주식 거래 방식으로, 투자자들이 활용하는 금융 기법입니다."
중국초단기주식시장,"중국 시장의 초단기 주식 시장 방식으로, 투자자들이 활용하는 금융 기법입니다."
중국초단기주식상품,"중국 시장의 초단기 주식 상품 방식으로, 투자자들이 활용하는 금융 기법입니다."
중국초단기주식포트폴리오,"중국 시장의 초단기 주식 포트폴리오 방식으로, 투자자들이 활용하는 금융 기법입니다."
중국초장기주식투자,"중국 시장의 초장기 주식 투자 방식으로, 투자자들이 활용하는 금융 기법입니다."
중국초장기주식거래,"중국 시장의 초장기 주식 거래 방식으로, 투자자들이 활용하는 금융 기법입니다."
중국초장기주식시장,"중국 시장의 초장기 주식 시장 방식으로, 투자자들이 활용하는 금융 기법입니다."
중국초장기주식상품,"중국 시장의 초장기 주식 상품 방식으로, 투자자들이 활용하는 금융 기법입니다."
중국초장기주식포트폴리오,"중국 시장의 초장기 주식 포트폴리오 방식으로, 투자자들이 활용하는 금융 기법입니다."
일본단기주식투자,"일본 시장의 단기 주식 투자 방식으로, 투자자들이 활용하는 금융 기법입니다."
일본단기주식거래,"일본 시장의 단기 주식 거래 방식으로, 투자자들이 활용하는 금융 기법입니다."
일본단기주식시장,"일본 시장의 단기 주식 시장 방식으로, 투자자들이 활용하는 금융 기법입니다."
일본단기주식상품,"일본 시장의 단기 주식 상품 방식으로, 투자자들이 활용하는 금융 기법입니다."
일본단기주식포트폴리오,"일본 시장의 단기 주식 포트폴리오 방식으로, 투자자들이 활용하는 금융 기법입니다."
일본중기주식투자,"일본 시장의 중기 주식 투자 방식으로, 투자자들이 활용하는 금융 기법입니다."
일본중기주식거래,"일본 시장의 중기 주식 거래 방식으로, 투자자들이 활용하는 금융 기법입니다."
일본중기주식시장,"일본 시장의 중기 주식 시장 방식으로, 투자자들이 활용하는 금융 기법입니다."
일본중기주식상품,"일본 시장의 중기 주식 상품 방식으로, 투자자들이 활용하는 금융 기법입니다."
일본중기주식포트폴리오,"일본 시장의 중기 주식 포트폴리오 방식으로, 투자자들이 활용하는 금융 기법입니다."
일본장기주식투자,"일본 시장의 장기 주식 투자 방식으로, 투자자들이 활용하는 금융 기법입니다."
일본장기주식거래,"일본 시장의 장기 주식 거래 방식으로, 투자자들이 활용하는 금융 기법입니다."
일본장기주식시장,"일본 시장의 장기 주식 시장 방식으로, 투자자들이 활용하는 금융 기법입니다."
일본장기주식상품,"일본 시장의 장기 주식 상품 방식으로, 투자자들이 활용하는 금융 기법입니다."
일본장기주식포트폴리오,"일본 시장의 장기 주식 포트폴리오 방식으로, 투자자들이 활용하는 금융 기법입니다."
일본초단기주식투자,"일본 시장의 초단기 주식 투자 방식으로, 투자자들이 활용하는 금융 기법입니다."
일본초단기주식거래,"일본 시장의 초단기 주식 거래 방식으로, 투자자들이 활용하는 금융 기법입니다."
일본초단기주식시장,"일본 시장의 초단기 주식 시장 방식으로, 투자자들이 활용하는 금융 기법입니다."
일본초단기주식상품,"일본 시장의 초단기 주식 상품 방식으로, 투자자들이 활용하는 금융 기법입니다."
일본초단기주식포트폴리오,"일본 시장의 초단기 주식 포트폴리오 방식으로, 투자자들이 활용하는 금융 기법입니다."
일본초장기주식투자,"일본 시장의 초장기 주식 투자 방식으로, 투자자들이 활용하는 금융 기법입니다."
일본초장기주식거래,"일본 시장의 초장기 주식 거래 방식으로, 투자자들이 활용하는 금융 기법입니다."
일본초장기주식시장,"일본 시장의 초장기 주식 시장 방식으로, 투자자들이 활용하는 금융 기법입니다."
일본초장기주식상품,"일본 시장의 초장기 주식 상품 방식으로, 투자자들이 활용하는 금융 기법입니다."
일본초장기주식포트폴리오,"일본 시장의 초장기 주식 포트폴리오 방식으로, 투자자들이 활용하는 금융 기법입니다."
국내단기채권투자,"국내 시장의 단기 채권 투자 방식으로, 투자자들이 활용하는 금융 기법입니다."
국내단기채권거래,"국내 시장의 단기 채권 거래 방식으로, 투자자들이 활용하는 금융 기법입니다."
국내단기채권시장,"국내 시장의 단기 채권 시장 방식으로, 투자자들이 활용하는 금융 기법입니다."
국내단기채권상품,"국내 시장의 단기 채권 상품 방식으로, 투자자들이 활용하는 금융 기법입니다."
국내단기채권포트폴리오,"국내 시장의 단기 채권 포트폴리오 방식으로, 투자자들이 활용하는 금융 기법입니다."
국내중기채권투자,"국내 시장의 중기 채권 투자 방식으로, 투자자들이 활용하는 금융 기법입니다."
국내중기채권거래,"국내 시장의 중기 채권 거래 방식으로, 투자자들이 활용하는 금융 기법입니다."
국내중기채권시장,"국내 시장의 중기 채권 시장 방식으로, 투자자들이 활용하는 금융 기법입니다."
국내중기채권상품,"국내 시장의 중기 채권 상품 방식으로, 투자자들이 활용하는 금융 기법입니다."
국내중기채권포트폴리오,"국내 시장의 중기 채권 포트폴리오 방식으로, 투자자들이 활용하는 금융 기법입니다."
국내장기채권투자,"국내 시장의 장기 채권 투자 방식으로, 투자자들이 활용하는 금융 기법입니다."
국내장기채권거래,"국내 시장의 장기 채권 거래 방식으로, 투자자들이 활용하는 금융 기법입니다."
국내장기채권시장,"국내 시장의 장기 채권 시장 방식으로, 투자자들이 활용하는 금융 기법입니다."
국내장기채권상품,"국내 시장의 장기 채권 상품 방식으로, 투자자들이 활용하는 금융 기법입니다."
국내장기채권포트폴리오,"국내 시장의 장기 채권 포트폴리오 방식으로, 투자자들이 활용하는 금융 기법입니다."
국내초단기채권투자,"국내 시장의 초단기 채권 투자 방식으로, 투자자들이 활용하는 금융 기법입니다."
국내초단기채권거래,"국내 시장의 초단기 채권 거래 방식으로, 투자자들이 활용하는 금융 기법입니다."
국내초단기채권시장,"국내 시장의 초단기 채권 시장 방식으로, 투자자들이 활용하는 금융 기법입니다."
국내초단기채권상품,"국내 시장의 초단기 채권 상품 방식으로, 투자자들이 활용하는 금융 기법입니다."
국내초단기채권포트폴리오,"국내 시장의 초단기 채권 포트폴리오 방식으로, 투자자들이 활용하는 금융 기법입니다."
국내초장기채권투자,"국내 시장의 초장기 채권 투자 방식으로, 투자자들이 활용하는 금융 기법입니다."
국내초장기채권거래,"국내 시장의 초장기 채권 거래 방식으로, 투자자들이 활용하는 금융 기법입니다."
국내초장기채권시장,"국내 시장의 초장기 채권 시장 방식으로, 투자자들이 활용하는 금융 기법입니다."
국내초장기채권상품,"국내 시장의 초장기 채권 상품 방식으로, 투자자들이 활용하는 금융 기법입니다."
국내초장기채권포트폴리오,"국내 시장의 초장기 채권 포트폴리오 방식으로, 투자자들이 활용하는 금융 기법입니다."
해외단기채권투자,"해외 시장의 단기 채권 투자 방식으로, 투자자들이 활용하는 금융 기법입니다."
해외단기채권거래,"해외 시장의 단기 채권 거래 방식으로, 투자자들이 활용하는 금융 기법입니다."
해외단기채권시장,"해외 시장의 단기 채권 시장 방식으로, 투자자들이 활용하는 금융 기법입니다."
해외단기채권상품,"해외 시장의 단기 채권 상품 방식으로, 투자자들이 활용하는 금융 기법입니다."
해외단기채권포트폴리오,"해외 시장의 단기 채권 포트폴리오 방식으로, 투자자들이 활용하는 금융 기법입니다."
해외중기채권투자,"해외 시장의 중기 채권 투자 방식으로, 투자자들이 활용하는 금융 기법입니다."
해외중기채권거래,"해외 시장의 중기 채권 거래 방식으로, 투자자들이 활용하는 금융 기법입니다."
해외중기채권시장,"해외 시장의 중기 채권 시장 방식으로, 투자자들이 활용하는 금융 기법입니다."
해외중기채권상품,"해외 시장의 중기 채권 상품 방식으로, 투자자들이 활용하는 금융 기법입니다."
해외중기채권포트폴리오,"해외 시장의 중기 채권 포트폴리오 방식으로, 투자자들이 활용하는 금융 기법입니다."
해외장기채권투자,"해외 시장의 장기 채권 투자 방식으로, 투자자들이 활용하는 금융 기법입니다."
해외장기채권거래,"해외 시장의 장기 채권 거래 방식으로, 투자자들이 활용하는 금융 기법입니다."
해외장기채권시장,"해외 시장의 장기 채권 시장 방식으로, 투자자들이 활용하는 금융 기법입니다."
해외장기채권상품,"해외 시장의 장기 채권 상품 방식으로, 투자자들이 활용하는 금융 기법입니다."
해외장기채권포트폴리오,"해외 시장의 장기 채권 포트폴리오 방식으로, 투자자들이 활용하는 금융 기법입니다."
해외초단기채권투자,"해외 시장의 초단기 채권 투자 방식으로, 투자자들이 활용하는 금융 기법입니다."
해외초단기채권거래,"해외 시장의 초단기 채권 거래 방식으로, 투자자들이 활용하는 금융 기법입니다."
해외초단기채권시장,"해외 시장의 초단기 채권 시장 방식으로, 투자자들이 활용하는 금융 기법입니다."
해외초단기채권상품,"해외 시장의 초단기 채권 상품 방식으로, 투자자들이 활용하는 금융 기법입니다."
해외초단기채권포트폴리오,"해외 시장의 초단기 채권 포트폴리오 방식으로, 투자자들이 활용하는 금융 기법입니다."
해외초장기채권투자,"해외 시장의 초장기 채권 투자 방식으로, 투자자들이 활용하는 금융 기법입니다."
해외초장기채권거래,"해외 시장의 초장기 채권 거래 방식으로, 투자자들이 활용하는 금융 기법입니다."
해외초장기채권시장,"해외 시장의 초장기 채권 시장 방식으로, 투자자들이 활용하는 금융 기법입니다."
해외초장기채권상품,"해외 시장의 초장기 채권 상품 방식으로, 투자자들이 활용하는 금융 기법입니다."
해외초장기채권포트폴리오,"해외 시장의 초장기 채권 포트폴리오 방식으로, 투자자들이 활용하는 금융 기법입니다."
글로벌단기채권투자,"글로벌 시장의 단기 채권 투자 방식으로, 투자자들이 활용하는 금융 기법입니다."
글로벌단기채권거래,"글로벌 시장의 단기 채권 거래 방식으로, 투자자들이 활용하는 금융 기법입니다."
글로벌단기채권시장,"글로벌 시장의 단기 채권 시장 방식으로, 투자자들이 활용하는 금융 기법입니다."
글로벌단기채권상품,"글로벌 시장의 단기 채권 상품 방식으로, 투자자들이 활용하는 금융 기법입니다."
글로벌단기채권포트폴리오,"글로벌 시장의 단기 채권 포트폴리오 방식으로, 투자자들이 활용하는 금융 기법입니다."
글로벌중기채권투자,"글로벌 시장의 중기 채권 투자 방식으로, 투자자들이 활용하는 금융 기법입니다."
글로벌중기채권거래,"글로벌 시장의 중기 채권 거래 방식으로, 투자자들이 활용하는 금융 기법입니다."
글로벌중기채권시장,"글로벌 시장의 중기 채권 시장 방식으로, 투자자들이 활용하는 금융 기법입니다."
글로벌중기채권상품,"글로벌 시장의 중기 채권 상품 방식으로, 투자자들이 활용하는 금융 기법입니다."
글로벌중기채권포트폴리오,"글로벌 시장의 중기 채권 포트폴리오 방식으로, 투자자들이 활용하는 금융 기법입니다."
글로벌장기채권투자,"글로벌 시장의 장기 채권 투자 방식으로, 투자자들이 활용하는 금융 기법입니다."
글로벌장기채권거래,"글로벌 시장의 장기 채권 거래 방식으로, 투자자들이 활용하는 금융 기법입니다."
글로벌장기채권시장,"글로벌 시장의 장기 채권 시장 방식으로, 투자자들이 활용하는 금융 기법입니다."
글로벌장기채권상품,"글로벌 시장의 장기 채권 상품 방식으로, 투자자들이 활용하는 금융 기법입니다."
글로벌장기채권포트폴리오,"글로벌 시장의 장기 채권 포트폴리오 방식으로, 투자자들이 활용하는 금융 기법입니다."
글로벌초단기채권투자,"글로벌 시장의 초단기 채권 투자 방식으로, 투자자들이 활용하는 금융 기법입니다."
글로벌초단기채권거래,"글로벌 시장의 초단기 채권 거래 방식으로, 투자자들이 활용하는 금융 기법입니다."
글로벌초단기채권시장,"글로벌 시장의 초단기 채권 시장 방식으로, 투자자들이 활용하는 금융 기법입니다."
글로벌초단기채권상품,"글로벌 시장의 초단기 채권 상품 방식으로, 투자자들이 활용하는 금융 기법입니다."
글로벌초단기채권포트폴리오,"글로벌 시장의 초단기 채권 포트폴리오 방식으로, 투자자들이 활용하는 금융 기법입니다."
글로벌초장기채권투자,"글로벌 시장의 초장기 채권 투자 방식으로, 투자자들이 활용하는 금융 기법입니다."
글로벌초장기채권거래,"글로벌 시장의 초장기 채권 거래 방식으로, 투자자들이 활용하는 금융 기법입니다."
글로벌초장기채권시장,"글로벌 시장의 초장기 채권 시장 방식으로, 투자자들이 활용하는 금융 기법입니다."
글로벌초장기채권상품,"글로벌 시장의 초장기 채권 상품 방식으로, 투자자들이 활용하는 금융 기법입니다."
글로벌초장기채권포트폴리오,"글로벌 시장의 초장기 채권 포트폴리오 방식으로, 투자자들이 활용하는 금융 기법입니다."
미국단기채권투자,"미국 시장의 단기 채권 투자 방식으로, 투자자들이 활용하는 금융 기법입니다."
미국단기채권거래,"미국 시장의 단기 채권 거래 방식으로, 투자자들이 활용하는 금융 기법입니다."
미국단기채권시장,"미국 시장의 단기 채권 시장 방식으로, 투자자들이 활용하는 금융 기법입니다."
미국단기채권상품,"미국 시장의 단기 채권 상품 방식으로, 투자자들이 활용하는 금융 기법입니다."
미국단기채권포트폴리오,"미국 시장의 단기 채권 포트폴리오 방식으로, 투자자들이 활용하는 금융 기법입니다."
미국중기채권투자,"미국 시장의 중기 채권 투자 방식으로, 투자자들이 활용하는 금융 기법입니다."
미국중기채권거래,"미국 시장의 중기 채권 거래 방식으로, 투자자들이 활용하는 금융 기법입니다."
미국중기채권시장,"미국 시장의 중기 채권 시장 방식으로, 투자자들이 활용하는 금융 기법입니다."
미국중기채권상품,"미국 시장의 중기 채권 상품 방식으로, 투자자들이 활용하는 금융 기법입니다."
미국중기채권포트폴리오,"미국 시장의 중기 채권 포트폴리오 방식으로, 투자자들이 활용하는 금융 기법입니다."
미국장기채권투자,"미국 시장의 장기 채권 투자 방식으로, 투자자들이 활용하는 금융 기법입니다."
미국장기채권거래,"미국 시장의 장기 채권 거래 방식으로, 투자자들이 활용하는 금융 기법입니다."
미국장기채권시장,"미국 시장의 장기 채권 시장 방식으로, 투자자들이 활용하는 금융 기법입니다."
미국장기채권상품,"미국 시장의 장기 채권 상품 방식으로, 투자자들이 활용하는 금융 기법입니다."
미국장기채권포트폴리오,"미국 시장의 장기 채권 포트폴리오 방식으로, 투자자들이 활용하는 금융 기법입니다."
미국초단기채권투자,"미국 시장의 초단기 채권 투자 방식으로, 투자자들이 활용하는 금융 기법입니다."
미국초단기채권거래,"미국 시장의 초단기 채권 거래 방식으로, 투자자들이 활용하는 금융 기법입니다."
미국초단기채권시장,"미국 시장의 초단기 채권 시장 방식으로, 투자자들이 활용하는 금융 기법입니다."
미국초단기채권상품,"미국 시장의 초단기 채권 상품 방식으로, 투자자들이 활용하는 금융 기법입니다."
미국초단기채권포트폴리오,"미국 시장의 초단기 채권 포트폴리오 방식으로, 투자자들이 활용하는 금융 기법입니다."
미국초장기채권투자,"미국 시장의 초장기 채권 투자 방식으로, 투자자들이 활용하는 금융 기법입니다."
미국초장기채권거래,"미국 시장의 초장기 채권 거래 방식으로, 투자자들이 활용하는 금융 기법입니다."
미국초장기채권시장,"미국 시장의 초장기 채권 시장 방식으로, 투자자들이 활용하는 금융 기법입니다."
미국초장기채권상품,"미국 시장의 초장기 채권 상품 방식으로, 투자자들이 활용하는 금융 기법입니다."
미국초장기채권포트폴리오,"미국 시장의 초장기 채권 포트폴리오 방식으로, 투자자들이 활용하는 금융 기법입니다."
유럽단기채권투자,"유럽 시장의 단기 채권 투자 방식으로, 투자자들이 활용하는 금융 기법입니다."
유럽단기채권거래,"유럽 시장의 단기 채권 거래 방식으로, 투자자들이 활용하는 금융 기법입니다."
유럽단기채권시장,"유럽 시장의 단기 채권 시장 방식으로, 투자자들이 활용하는 금융 기법입니다."
유럽단기채권상품,"유럽 시장의 단기 채권 상품 방식으로, 투자자들이 활용하는 금융 기법입니다."
유럽단기채권포트폴리오,"유럽 시장의 단기 채권 포트폴리오 방식으로, 투자자들이 활용하는 금융 기법입니다."
유럽중기채권투자,"유럽 시장의 중기 채권 투자 방식으로, 투자자들이 활용하는 금융 기법입니다."
유럽중기채권거래,"유럽 시장의 중기 채권 거래 방식으로, 투자자들이 활용하는 금융 기법입니다."
유럽중기채권시장,"유럽 시장의 중기 채권 시장 방식으로, 투자자들이 활용하는 금융 기법입니다."
유럽중기채권상품,"유럽 시장의 중기 채권 상품 방식으로, 투자자들이 활용하는 금융 기법입니다."
유럽중기채권포트폴리오,"유럽 시장의 중기 채권 포트폴리오 방식으로, 투자자들이 활용하는 금융 기법입니다."
유럽장기채권투자,"유럽 시장의 장기 채권 투자 방식으로, 투자자들이 활용하는 금융 기법입니다."
유럽장기채권거래,"유럽 시장의 장기 채권 거래 방식으로, 투자자들이 활용하는 금융 기법입니다."
유럽장기채권시장,"유럽 시장의 장기 채권 시장 방식으로, 투자자들이 활용하는 금융 기법입니다."
유럽장기채권상품,"유럽 시장의 장기 채권 상품 방식으로, 투자자들이 활용하는 금융 기법입니다."
유럽장기채권포트폴리오,"유럽 시장의 장기 채권 포트폴리오 방식으로, 투자자들이 활용하는 금융 기법입니다."
유럽초단기채권투자,"유럽 시장의 초단기 채권 투자 방식으로, 투자자들이 활용하는 금융 기법입니다."
유럽초단기채권거래,"유럽 시장의 초단기 채권 거래 방식으로, 투자자들이 활용하는 금융 기법입니다."
유럽초단기채권시장,"유럽 시장의 초단기 채권 시장 방식으로, 투자자들이 활용하는 금융 기법입니다."
유럽초단기채권상품,"유럽 시장의 초단기 채권 상품 방식으로, 투자자들이 활용하는 금융 기법입니다."
유럽초단기채권포트폴리오,"유럽 시장의 초단기 채권 포트폴리오 방식으로, 투자자들이 활용하는 금융 기법입니다."
유럽초장기채권투자,"유럽 시장의 초장기 채권 투자 방식으로, 투자자들이 활용하는 금융 기법입니다."
유럽초장기채권거래,"유럽 시장의 초장기 채권 거래 방식으로, 투자자들이 활용하는 금융 기법입니다."
유럽초장기채권시장,"유럽 시장의 초장기 채권 시장 방식으로, 투자자들이 활용하는 금융 기법입니다."
유럽초장기채권상품,"유럽 시장의 초장기 채권 상품 방식으로, 투자자들이 활용하는 금융 기법입니다."
유럽초장기채권포트폴리오,"유럽 시장의 초장기 채권 포트폴리오 방식으로, 투자자들이 활용하는 금융 기법입니다."
아시아단기채권투자,"아시아 시장의 단기 채권 투자 방식으로, 투자자들이 활용하는 금융 기법입니다."
아시아단기채권거래,"아시아 시장의 단기 채권 거래 방식으로, 투자자들이 활용하는 금융 기법입니다."
아시아단기채권시장,"아시아 시장의 단기 채권 시장 방식으로, 투자자들이 활용하는 금융 기법입니다."
아시아단기채권상품,"아시아 시장의 단기 채권 상품 방식으로, 투자자들이 활용하는 금융 기법입니다."
아시아단기채권포트폴리오,"아시아 시장의 단기 채권 포트폴리오 방식으로, 투자자들이 활용하는 금융 기법입니다."
아시아중기채권투자,"아시아 시장의 중기 채권 투자 방식으로, 투자자들이 활용하는 금융 기법입니다."
아시아중기채권거래,"아시아 시장의 중기 채권 거래 방식으로, 투자자들이 활용하는 금융 기법입니다."
아시아중기채권시장,"아시아 시장의 중기 채권 시장 방식으로, 투자자들이 활용하는 금융 기법입니다."
아시아중기채권상품,"아시아 시장의 중기 채권 상품 방식으로, 투자자들이 활용하는 금융 기법입니다."
아시아중기채권포트폴리오,"아시아 시장의 중기 채권 포트폴리오 방식으로, 투자자들이 활용하는 금융 기법입니다."
아시아장기채권투자,"아시아 시장의 장기 채권 투자 방식으로, 투자자들이 활용하는 금융 기법입니다."
아시아장기채권거래,"아시아 시장의 장기 채권 거래 방식으로, 투자자들이 활용하는 금융 기법입니다."
아시아장기채권시장,"아시아 시장의 장기 채권 시장 방식으로, 투자자들이 활용하는 금융 기법입니다."
아시아장기채권상품,"아시아 시장의 장기 채권 상품 방식으로, 투자자들이 활용하는 금융 기법입니다."
아시아장기채권포트폴리오,"아시아 시장의 장기 채권 포트폴리오 방식으로, 투자자들이 활용하는 금융 기법입니다."
아시아초단기채권투자,"아시아 시장의 초단기 채권 투자 방식으로, 투자자들이 활용하는 금융 기법입니다."
아시아초단기채권거래,"아시아 시장의 초단기 채권 거래 방식으로, 투자자들이 활용하는 금융 기법입니다."
아시아초단기채권시장,"아시아 시장의 초단기 채권 시장 방식으로, 투자자들이 활용하는 금융 기법입니다."
아시아초단기채권상품,"아시아 시장의 초단기 채권 상품 방식으로, 투자자들이 활용하는 금융 기법입니다."
아시아초단기채권포트폴리오,"아시아 시장의 초단기 채권 포트폴리오 방식으로, 투자자들이 활용하는 금융 기법입니다."
아시아초장기채권투자,"아시아 시장의 초장기 채권 투자 방식으로, 투자자들이 활용하는 금융 기법입니다."
아시아초장기채권거래,"아시아 시장의 초장기 채권 거래 방식으로, 투자자들이 활용하는 금융 기법입니다."
아시아초장기채권시장,"아시아 시장의 초장기 채권 시장 방식으로, 투자자들이 활용하는 금융 기법입니다."
아시아초장기채권상품,"아시아 시장의 초장기 채권 상품 방식으로, 투자자들이 활용하는 금융 기법입니다."
아시아초장기채권포트폴리오,"아시아 시장의 초장기 채권 포트폴리오 방식으로, 투자자들이 활용하는 금융 기법입니다."
신흥국단기채권투자,"신흥국 시장의 단기 채권 투자 방식으로, 투자자들이 활용하는 금융 기법입니다."
신흥국단기채권거래,"신흥국 시장의 단기 채권 거래 방식으로, 투자자들이 활용하는 금융 기법입니다."
신흥국단기채권시장,"신흥국 시장의 단기 채권 시장 방식으로, 투자자들이 활용하는 금융 기법입니다."
신흥국단기채권상품,"신흥국 시장의 단기 채권 상품 방식으로, 투자자들이 활용하는 금융 기법입니다."
신흥국단기채권포트폴리오,"신흥국 시장의 단기 채권 포트폴리오 방식으로, 투자자들이 활용하는 금융 기법입니다."
신흥국중기채권투자,"신흥국 시장의 중기 채권 투자 방식으로, 투자자들이 활용하는 금융 기법입니다."
신흥국중기채권거래,"신흥국 시장의 중기 채권 거래 방식으로, 투자자들이 활용하는 금융 기법입니다."
신흥국중기채권시장,"신흥국 시장의 중기 채권 시장 방식으로, 투자자들이 활용하는 금융 기법입니다."
신흥국중기채권상품,"신흥국 시장의 중기 채권 상품 방식으로, 투자자들이 활용하는 금융 기법입니다."
신흥국중기채권포트폴리오,"신흥국 시장의 중기 채권 포트폴리오 방식으로, 투자자들이 활용하는 금융 기법입니다."
신흥국장기채권투자,"신흥국 시장의 장기 채권 투자 방식으로, 투자자들이 활용하는 금융 기법입니다."
신흥국장기채권거래,"신흥국 시장의 장기 채권 거래 방식으로, 투자자들이 활용하는 금융 기법입니다."
신흥국장기채권시장,"신흥국 시장의 장기 채권 시장 방식으로, 투자자들이 활용하는 금융 기법입니다."
신흥국장기채권상품,"신흥국 시장의 장기 채권 상품 방식으로, 투자자들이 활용하는 금융 기법입니다."
신흥국장기채권포트폴리오,"신흥국 시장의 장기 채권 포트폴리오 방식으로, 투자자들이 활용하는 금융 기법입니다."
신흥국초단기채권투자,"신흥국 시장의 초단기 채권 투자 방식으로, 투자자들이 활용하는 금융 기법입니다."
신흥국초단기채권거래,"신흥국 시장의 초단기 채권 거래 방식으로, 투자자들이 활용하는 금융 기법입니다."
신흥국초단기채권시장,"신흥국 시장의 초단기 채권 시장 방식으로, 투자자들이 활용하는 금융 기법입니다."
신흥국초단기채권상품,"신흥국 시장의 초단기 채권 상품 방식으로, 투자자들이 활용하는 금융 기법입니다."
신흥국초단기채권포트폴리오,"신흥국 시장의 초단기 채권 포트폴리오 방식으로, 투자자들이 활용하는 금융 기법입니다."
신흥국초장기채권투자,"신흥국 시장의 초장기 채권 투자 방식으로, 투자자들이 활용하는 금융 기법입니다."
신흥국초장기채권거래,"신흥국 시장의 초장기 채권 거래 방식으로, 투자자들이 활용하는 금융 기법입니다."
신흥국초장기채권시장,"신흥국 시장의 초장기 채권 시장 방식으로, 투자자들이 활용하는 금융 기법입니다."
신흥국초장기채권상품,"신흥국 시장의 초장기 채권 상품 방식으로, 투자자들이 활용하는 금융 기법입니다."
신흥국초장기채권포트폴리오,"신흥국 시장의 초장기 채권 포트폴리오 방식으로, 투자자들이 활용하는 금융 기법입니다."
선진국단기채권투자,"선진국 시장의 단기 채권 투자 방식으로, 투자자들이 활용하는 금융 기법입니다."
선진국단기채권거래,"선진국 시장의 단기 채권 거래 방식으로, 투자자들이 활용하는 금융 기법입니다."
선진국단기채권시장,"선진국 시장의 단기 채권 시장 방식으로, 투자자들이 활용하는 금융 기법입니다."
선진국단기채권상품,"선진국 시장의 단기 채권 상품 방식으로, 투자자들이 활용하는 금융 기법입니다."
선진국단기채권포트폴리오,"선진국 시장의 단기 채권 포트폴리오 방식으로, 투자자들이 활용하는 금융 기법입니다."
선진국중기채권투자,"선진국 시장의 중기 채권 투자 방식으로, 투자자들이 활용하는 금융 기법입니다."
선진국중기채권거래,"선진국 시장의 중기 채권 거래 방식으로, 투자자들이 활용하는 금융 기법입니다."
선진국중기채권시장,"선진국 시장의 중기 채권 시장 방식으로, 투자자들이 활용하는 금융 기법입니다."
선진국중기채권상품,"선진국 시장의 중기 채권 상품 방식으로, 투자자들이 활용하는 금융 기법입니다."
선진국중기채권포트폴리오,"선진국 시장의 중기 채권 포트폴리오 방식으로, 투자자들이 활용하는 금융 기법입니다."
선진국장기채권투자,"선진국 시장의 장기 채권 투자 방식으로, 투자자들이 활용하는 금융 기법입니다."
선진국장기채권거래,"선진국 시장의 장기 채권 거래 방식으로, 투자자들이 활용하는 금융 기법입니다."
선진국장기채권시장,"선진국 시장의 장기 채권 시장 방식으로, 투자자들이 활용하는 금융 기법입니다."
선진국장기채권상품,"선진국 시장의 장기 채권 상품 방식으로, 투자자들이 활용하는 금융 기법입니다."
선진국장기채권포트폴리오,"선진국 시장의 장기 채권 포트폴리오 방식으로, 투자자들이 활용하는 금융 기법입니다."
선진국초단기채권투자,"선진국 시장의 초단기 채권 투자 방식으로, 투자자들이 활용하는 금융 기법입니다."
선진국초단기채권거래,"선진국 시장의 초단기 채권 거래 방식으로, 투자자들이 활용하는 금융 기법입니다."
선진국초단기채권시장,"선진국 시장의 초단기 채권 시장 방식으로, 투자자들이 활용하는 금융 기법입니다."
선진국초단기채권상품,"선진국 시장의 초단기 채권 상품 방식으로, 투자자들이 활용하는 금융 기법입니다."
선진국초단기채권포트폴리오,"선진국 시장의 초단기 채권 포트폴리오 방식으로, 투자자들이 활용하는 금융 기법입니다."
선진국초장기채권투자,"선진국 시장의 초장기 채권 투자 방식으로, 투자자들이 활용하는 금융 기법입니다."
선진국초장기채권거래,"선진국 시장의 초장기 채권 거래 방식으로, 투자자들이 활용하는 금융 기법입니다."
선진국초장기채권시장,"선진국 시장의 초장기 채권 시장 방식으로, 투자자들이 활용하는 금융 기법입니다."
선진국초장기채권상품,"선진국 시장의 초장기 채권 상품 방식으로, 투자자들이 활용하는 금융 기법입니다."
선진국초장기채권포트폴리오,"선진국 시장의 초장기 채권 포트폴리오 방식으로, 투자자들이 활용하는 금융 기법입니다."
중국단기채권투자,"중국 시장의 단기 채권 투자 방식으로, 투자자들이 활용하는 금융 기법입니다."
중국단기채권거래,"중국 시장의 단기 채권 거래 방식으로, 투자자들이 활용하는 금융 기법입니다."
중국단기채권시장,"중국 시장의 단기 채권 시장 방식으로, 투자자들이 활용하는 금융 기법입니다."
중국단기채권상품,"중국 시장의 단기 채권 상품 방식으로, 투자자들이 활용하는 금융 기법입니다."
중국단기채권포트폴리오,"중국 시장의 단기 채권 포트폴리오 방식으로, 투자자들이 활용하는 금융 기법입니다."
중국중기채권투자,"중국 시장의 중기 채권 투자 방식으로, 투자자들이 활용하는 금융 기법입니다."
중국중기채권거래,"중국 시장의 중기 채권 거래 방식으로, 투자자들이 활용하는 금융 기법입니다."
중국중기채권시장,"중국 시장의 중기 채권 시장 방식으로, 투자자들이 활용하는 금융 기법입니다."
중국중기채권상품,"중국 시장의 중기 채권 상품 방식으로, 투자자들이 활용하는 금융 기법입니다."
중국중기채권포트폴리오,"중국 시장의 중기 채권 포트폴리오 방식으로, 투자자들이 활용하는 금융 기법입니다."
중국장기채권투자,"중국 시장의 장기 채권 투자 방식으로, 투자자들이 활용하는 금융 기법입니다."
중국장기채권거래,"중국 시장의 장기 채권 거래 방식으로, 투자자들이 활용하는 금융 기법입니다."
중국장기채권시장,"중국 시장의 장기 채권 시장 방식으로, 투자자들이 활용하는 금융 기법입니다."
중국장기채권상품,"중국 시장의 장기 채권 상품 방식으로, 투자자들이 활용하는 금융 기법입니다."
중국장기채권포트폴리오,"중국 시장의 장기 채권 포트폴리오 방식으로, 투자자들이 활용하는 금융 기법입니다."
중국초단기채권투자,"중국 시장의 초단기 채권 투자 방식으로, 투자자들이 활용하는 금융 기법입니다."
중국초단기채권거래,"중국 시장의 초단기 채권 거래 방식으로, 투자자들이 활용하는 금융 기법입니다."
중국초단기채권시장,"중국 시장의 초단기 채권 시장 방식으로, 투자자들이 활용하는 금융 기법입니다."
중국초단기채권상품,"중국 시장의 초단기 채권 상품 방식으로, 투자자들이 활용하는 금융 기법입니다."
중국초단기채권포트폴리오,"중국 시장의 초단기 채권 포트폴리오 방식으로, 투자자들이 활용하는 금융 기법입니다."
중국초장기채권투자,"중국 시장의 초장기 채권 투자 방식으로, 투자자들이 활용하는 금융 기법입니다."
중국초장기채권거래,"중국 시장의 초장기 채권 거래 방식으로, 투자자들이 활용하는 금융 기법입니다."
중국초장기채권시장,"중국 시장의 초장기 채권 시장 방식으로, 투자자들이 활용하는 금융 기법입니다."
중국초장기채권상품,"중국 시장의 초장기 채권 상품 방식으로, 투자자들이 활용하는 금융 기법입니다."
중국초장기채권포트폴리오,"중국 시장의 초장기 채권 포트폴리오 방식으로, 투자자들이 활용하는 금융 기법입니다."
일본단기채권투자,"일본 시장의 단기 채권 투자 방식으로, 투자자들이 활용하는 금융 기법입니다."
일본단기채권거래,"일본 시장의 단기 채권 거래 방식으로, 투자자들이 활용하는 금융 기법입니다."
일본단기채권시장,"일본 시장의 단기 채권 시장 방식으로, 투자자들이 활용하는 금융 기법입니다."
일본단기채권상품,"일본 시장의 단기 채권 상품 방식으로, 투자자들이 활용하는 금융 기법입니다."
일본단기채권포트폴리오,"일본 시장의 단기 채권 포트폴리오 방식으로, 투자자들이 활용하는 금융 기법입니다."
일본중기채권투자,"일본 시장의 중기 채권 투자 방식으로, 투자자들이 활용하는 금융 기법입니다."
일본중기채권거래,"일본 시장의 중기 채권 거래 방식으로, 투자자들이 활용하는 금융 기법입니다."
일본중기채권시장,"일본 시장의 중기 채권 시장 방식으로, 투자자들이 활용하는 금융 기법입니다."
일본중기채권상품,"일본 시장의 중기 채권 상품 방식으로, 투자자들이 활용하는 금융 기법입니다."
일본중기채권포트폴리오,"일본 시장의 중기 채권 포트폴리오 방식으로, 투자자들이 활용하는 금융 기법입니다."
일본장기채권투자,"일본 시장의 장기 채권 투자 방식으로, 투자자들이 활용하는 금융 기법입니다."
일본장기채권거래,"일본 시장의 장기 채권 거래 방식으로, 투자자들이 활용하는 금융 기법입니다."
일본장기채권시장,"일본 시장의 장기 채권 시장 방식으로, 투자자들이 활용하는 금융 기법입니다."
일본장기채권상품,"일본 시장의 장기 채권 상품 방식으로, 투자자들이 활용하는 금융 기법입니다."
일본장기채권포트폴리오,"일본 시장의 장기 채권 포트폴리오 방식으로, 투자자들이 활용하는 금융 기법입니다."
일본초단기채권투자,"일본 시장의 초단기 채권 투자 방식으로, 투자자들이 활용하는 금융 기법입니다."
일본초단기채권거래,"일본 시장의 초단기 채권 거래 방식으로, 투자자들이 활용하는 금융 기법입니다."
일본초단기채권시장,"일본 시장의 초단기 채권 시장 방식으로, 투자자들이 활용하는 금융 기법입니다."
일본초단기채권상품,"일본 시장의 초단기 채권 상품 방식으로, 투자자들이 활용하는 금융 기법입니다."
일본초단기채권포트폴리오,"일본 시장의 초단기 채권 포트폴리오 방식으로, 투자자들이 활용하는 금융 기법입니다."
일본초장기채권투자,"일본 시장의 초장기 채권 투자 방식으로, 투자자들이 활용하는 금융 기법입니다."
일본초장기채권거래,"일본 시장의 초장기 채권 거래 방식으로, 투자자들이 활용하는 금융 기법입니다."
일본초장기채권시장,"일본 시장의 초장기 채권 시장 방식으로, 투자자들이 활용하는 금융 기법입니다."
일본초장기채권상품,"일본 시장의 초장기 채권 상품 방식으로, 투자자들이 활용하는 금융 기법입니다."
일본초장기채권포트폴리오,"일본 시장의 초장기 채권 포트폴리오 방식으로, 투자자들이 활용하는 금융 기법입니다."
국내단기펀드투자,"국내 시장의 단기 펀드 투자 방식으로, 투자자들이 활용하는 금융 기법입니다."
국내단기펀드거래,"국내 시장의 단기 펀드 거래 방식으로, 투자자들이 활용하는 금융 기법입니다."
국내단기펀드시장,"국내 시장의 단기 펀드 시장 방식으로, 투자자들이 활용하는 금융 기법입니다."
국내단기펀드상품,"국내 시장의 단기 펀드 상품 방식으로, 투자자들이 활용하는 금융 기법입니다."
국내단기펀드포트폴리오,"국내 시장의 단기 펀드 포트폴리오 방식으로, 투자자들이 활용하는 금융 기법입니다."
국내중기펀드투자,"국내 시장의 중기 펀드 투자 방식으로, 투자자들이 활용하는 금융 기법입니다."
국내중기펀드거래,"국내 시장의 중기 펀드 거래 방식으로, 투자자들이 활용하는 금융 기법입니다."
국내중기펀드시장,"국내 시장의 중기 펀드 시장 방식으로, 투자자들이 활용하는 금융 기법입니다."
국내중기펀드상품,"국내 시장의 중기 펀드 상품 방식으로, 투자자들이 활용하는 금융 기법입니다."
국내중기펀드포트폴리오,"국내 시장의 중기 펀드 포트폴리오 방식으로, 투자자들이 활용하는 금융 기법입니다."
국내장기펀드투자,"국내 시장의 장기 펀드 투자 방식으로, 투자자들이 활용하는 금융 기법입니다."
국내장기펀드거래,"국내 시장의 장기 펀드 거래 방식으로, 투자자들이 활용하는 금융 기법입니다."
국내장기펀드시장,"국내 시장의 장기 펀드 시장 방식으로, 투자자들이 활용하는 금융 기법입니다."
국내장기펀드상품,"국내 시장의 장기 펀드 상품 방식으로, 투자자들이 활용하는 금융 기법입니다."
국내장기펀드포트폴리오,"국내 시장의 장기 펀드 포트폴리오 방식으로, 투자자들이 활용하는 금융 기법입니다."
국내초단기펀드투자,"국내 시장의 초단기 펀드 투자 방식으로, 투자자들이 활용하는 금융 기법입니다."
국내초단기펀드거래,"국내 시장의 초단기 펀드 거래 방식으로, 투자자들이 활용하는 금융 기법입니다."
국내초단기펀드시장,"국내 시장의 초단기 펀드 시장 방식으로, 투자자들이 활용하는 금융 기법입니다."
국내초단기펀드상품,"국내 시장의 초단기 펀드 상품 방식으로, 투자자들이 활용하는 금융 기법입니다."
국내초단기펀드포트폴리오,"국내 시장의 초단기 펀드 포트폴리오 방식으로, 투자자들이 활용하는 금융 기법입니다."
국내초장기펀드투자,"국내 시장의 초장기 펀드 투자 방식으로, 투자자들이 활용하는 금융 기법입니다."
국내초장기펀드거래,"국내 시장의 초장기 펀드 거래 방식으로, 투자자들이 활용하는 금융 기법입니다."
국내초장기펀드시장,"국내 시장의 초장기 펀드 시장 방식으로, 투자자들이 활용하는 금융 기법입니다."
국내초장기펀드상품,"국내 시장의 초장기 펀드 상품 방식으로, 투자자들이 활용하는 금융 기법입니다."
국내초장기펀드포트폴리오,"국내 시장의 초장기 펀드 포트폴리오 방식으로, 투자자들이 활용하는 금융 기법입니다."
해외단기펀드투자,"해외 시장의 단기 펀드 투자 방식으로, 투자자들이 활용하는 금융 기법입니다."
해외단기펀드거래,"해외 시장의 단기 펀드 거래 방식으로, 투자자들이 활용하는 금융 기법입니다."
해외단기펀드시장,"해외 시장의 단기 펀드 시장 방식으로, 투자자들이 활용하는 금융 기법입니다."
해외단기펀드상품,"해외 시장의 단기 펀드 상품 방식으로, 투자자들이 활용하는 금융 기법입니다."
해외단기펀드포트폴리오,"해외 시장의 단기 펀드 포트폴리오 방식으로, 투자자들이 활용하는 금융 기법입니다."
해외중기펀드투자,"해외 시장의 중기 펀드 투자 방식으로, 투자자들이 활용하는 금융 기법입니다."
해외중기펀드거래,"해외 시장의 중기 펀드 거래 방식으로, 투자자들이 활용하는 금융 기법입니다."
해외중기펀드시장,"해외 시장의 중기 펀드 시장 방식으로, 투자자들이 활용하는 금융 기법입니다."
해외중기펀드상품,"해외 시장의 중기 펀드 상품 방식으로, 투자자들이 활용하는 금융 기법입니다."
해외중기펀드포트폴리오,"해외 시장의 중기 펀드 포트폴리오 방식으로, 투자자들이 활용하는 금융 기법입니다."
해외장기펀드투자,"해외 시장의 장기 펀드 투자 방식으로, 투자자들이 활용하는 금융 기법입니다."
해외장기펀드거래,"해외 시장의 장기 펀드 거래 방식으로, 투자자들이 활용하는 금융 기법입니다."
해외장기펀드시장,"해외 시장의 장기 펀드 시장 방식으로, 투자자들이 활용하는 금융 기법입니다."
해외장기펀드상품,"해외 시장의 장기 펀드 상품 방식으로, 투자자들이 활용하는 금융 기법입니다."
해외장기펀드포트폴리오,"해외 시장의 장기 펀드 포트폴리오 방식으로, 투자자들이 활용하는 금융 기법입니다."
해외초단기펀드투자,"해외 시장의 초단기 펀드 투자 방식으로, 투자자들이 활용하는 금융 기법입니다."
해외초단기펀드거래,"해외 시장의 초단기 펀드 거래 방식으로, 투자자들이 활용하는 금융 기법입니다."
해외초단기펀드시장,"해외 시장의 초단기 펀드 시장 방식으로, 투자자들이 활용하는 금융 기법입니다."
해외초단기펀드상품,"해외 시장의 초단기 펀드 상품 방식으로, 투자자들이 활용하는 금융 기법입니다."
해외초단기펀드포트폴리오,"해외 시장의 초단기 펀드 포트폴리오 방식으로, 투자자들이 활용하는 금융 기법입니다."
해외초장기펀드투자,"해외 시장의 초장기 펀드 투자 방식으로, 투자자들이 활용하는 금융 기법입니다."
해외초장기펀드거래,"해외 시장의 초장기 펀드 거래 방식으로, 투자자들이 활용하는 금융 기법입니다."
해외초장기펀드시장,"해외 시장의 초장기 펀드 시장 방식으로, 투자자들이 활용하는 금융 기법입니다."
해외초장기펀드상품,"해외 시장의 초장기 펀드 상품 방식으로, 투자자들이 활용하는 금융 기법입니다."
해외초장기펀드포트폴리오,"해외 시장의 초장기 펀드 포트폴리오 방식으로, 투자자들이 활용하는 금융 기법입니다."
글로벌단기펀드투자,"글로벌 시장의 단기 펀드 투자 방식으로, 투자자들이 활용하는 금융 기법입니다."
글로벌단기펀드거래,"글로벌 시장의 단기 펀드 거래 방식으로, 투자자들이 활용하는 금융 기법입니다."
글로벌단기펀드시장,"글로벌 시장의 단기 펀드 시장 방식으로, 투자자들이 활용하는 금융 기법입니다."
글로벌단기펀드상품,"글로벌 시장의 단기 펀드 상품 방식으로, 투자자들이 활용하는 금융 기법입니다."
글로벌단기펀드포트폴리오,"글로벌 시장의 단기 펀드 포트폴리오 방식으로, 투자자들이 활용하는 금융 기법입니다."
글로벌중기펀드투자,"글로벌 시장의 중기 펀드 투자 방식으로, 투자자들이 활용하는 금융 기법입니다."
글로벌중기펀드거래,"글로벌 시장의 중기 펀드 거래 방식으로, 투자자들이 활용하는 금융 기법입니다."
글로벌중기펀드시장,"글로벌 시장의 중기 펀드 시장 방식으로, 투자자들이 활용하는 금융 기법입니다."
글로벌중기펀드상품,"글로벌 시장의 중기 펀드 상품 방식으로, 투자자들이 활용하는 금융 기법입니다."
글로벌중기펀드포트폴리오,"글로벌 시장의 중기 펀드 포트폴리오 방식으로, 투자자들이 활용하는 금융 기법입니다."
글로벌장기펀드투자,"글로벌 시장의 장기 펀드 투자 방식으로, 투자자들이 활용하는 금융 기법입니다."
글로벌장기펀드거래,"글로벌 시장의 장기 펀드 거래 방식으로, 투자자들이 활용하는 금융 기법입니다."
글로벌장기펀드시장,"글로벌 시장의 장기 펀드 시장 방식으로, 투자자들이 활용하는 금융 기법입니다."
글로벌장기펀드상품,"글로벌 시장의 장기 펀드 상품 방식으로, 투자자들이 활용하는 금융 기법입니다."
글로벌장기펀드포트폴리오,"글로벌 시장의 장기 펀드 포트폴리오 방식으로, 투자자들이 활용하는 금융 기법입니다."
글로벌초단기펀드투자,"글로벌 시장의 초단기 펀드 투자 방식으로, 투자자들이 활용하는 금융 기법입니다."
글로벌초단기펀드거래,"글로벌 시장의 초단기 펀드 거래 방식으로, 투자자들이 활용하는 금융 기법입니다."
글로벌초단기펀드시장,"글로벌 시장의 초단기 펀드 시장 방식으로, 투자자들이 활용하는 금융 기법입니다."
글로벌초단기펀드상품,"글로벌 시장의 초단기 펀드 상품 방식으로, 투자자들이 활용하는 금융 기법입니다."
글로벌초단기펀드포트폴리오,"글로벌 시장의 초단기 펀드 포트폴리오 방식으로, 투자자들이 활용하는 금융 기법입니다."
글로벌초장기펀드투자,"글로벌 시장의 초장기 펀드 투자 방식으로, 투자자들이 활용하는 금융 기법입니다."
글로벌초장기펀드거래,"글로벌 시장의 초장기 펀드 거래 방식으로, 투자자들이 활용하는 금융 기법입니다."
글로벌초장기펀드시장,"글로벌 시장의 초장기 펀드 시장 방식으로, 투자자들이 활용하는 금융 기법입니다."
글로벌초장기펀드상품,"글로벌 시장의 초장기 펀드 상품 방식으로, 투자자들이 활용하는 금융 기법입니다."
글로벌초장기펀드포트폴리오,"글로벌 시장의 초장기 펀드 포트폴리오 방식으로, 투자자들이 활용하는 금융 기법입니다."
미국단기펀드투자,"미국 시장의 단기 펀드 투자 방식으로, 투자자들이 활용하는 금융 기법입니다."
미국단기펀드거래,"미국 시장의 단기 펀드 거래 방식으로, 투자자들이 활용하는 금융 기법입니다."
미국단기펀드시장,"미국 시장의 단기 펀드 시장 방식으로, 투자자들이 활용하는 금융 기법입니다."
미국단기펀드상품,"미국 시장의 단기 펀드 상품 방식으로, 투자자들이 활용하는 금융 기법입니다."
미국단기펀드포트폴리오,"미국 시장의 단기 펀드 포트폴리오 방식으로, 투자자들이 활용하는 금융 기법입니다."
미국중기펀드투자,"미국 시장의 중기 펀드 투자 방식으로, 투자자들이 활용하는 금융 기법입니다."
미국중기펀드거래,"미국 시장의 중기 펀드 거래 방식으로, 투자자들이 활용하는 금융 기법입니다."
미국중기펀드시장,"미국 시장의 중기 펀드 시장 방식으로, 투자자들이 활용하는 금융 기법입니다."
미국중기펀드상품,"미국 시장의 중기 펀드 상품 방식으로, 투자자들이 활용하는 금융 기법입니다."
미국중기펀드포트폴리오,"미국 시장의 중기 펀드 포트폴리오 방식으로, 투자자들이 활용하는 금융 기법입니다."
미국장기펀드투자,"미국 시장의 장기 펀드 투자 방식으로, 투자자들이 활용하는 금융 기법입니다."
미국장기펀드거래,"미국 시장의 장기 펀드 거래 방식으로, 투자자들이 활용하는 금융 기법입니다."
미국장기펀드시장,"미국 시장의 장기 펀드 시장 방식으로, 투자자들이 활용하는 금융 기법입니다."
미국장기펀드상품,"미국 시장의 장기 펀드 상품 방식으로, 투자자들이 활용하는 금융 기법입니다."
미국장기펀드포트폴리오,"미국 시장의 장기 펀드 포트폴리오 방식으로, 투자자들이 활용하는 금융 기법입니다."
미국초단기펀드투자,"미국 시장의 초단기 펀드 투자 방식으로, 투자자들이 활용하는 금융 기법입니다."
미국초단기펀드거래,"미국 시장의 초단기 펀드 거래 방식으로, 투자자들이 활용하는 금융 기법입니다."
미국초단기펀드시장,"미국 시장의 초단기 펀드 시장 방식으로, 투자자들이 활용하는 금융 기법입니다."
미국초단기펀드상품,"미국 시장의 초단기 펀드 상품 방식으로, 투자자들이 활용하는 금융 기법입니다."
미국초단기펀드포트폴리오,"미국 시장의 초단기 펀드 포트폴리오 방식으로, 투자자들이 활용하는 금융 기법입니다."
미국초장기펀드투자,"미국 시장의 초장기 펀드 투자 방식으로, 투자자들이 활용하는 금융 기법입니다."
미국초장기펀드거래,"미국 시장의 초장기 펀드 거래 방식으로, 투자자들이 활용하는 금융 기법입니다."
미국초장기펀드시장,"미국 시장의 초장기 펀드 시장 방식으로, 투자자들이 활용하는 금융 기법입니다."
미국초장기펀드상품,"미국 시장의 초장기 펀드 상품 방식으로, 투자자들이 활용하는 금융 기법입니다."
미국초장기펀드포트폴리오,"미국 시장의 초장기 펀드 포트폴리오 방식으로, 투자자들이 활용하는 금융 기법입니다."
유럽단기펀드투자,"유럽 시장의 단기 펀드 투자 방식으로, 투자자들이 활용하는 금융 기법입니다."
유럽단기펀드거래,"유럽 시장의 단기 펀드 거래 방식으로, 투자자들이 활용하는 금융 기법입니다."
유럽단기펀드시장,"유럽 시장의 단기 펀드 시장 방식으로, 투자자들이 활용하는 금융 기법입니다."
유럽단기펀드상품,"유럽 시장의 단기 펀드 상품 방식으로, 투자자들이 활용하는 금융 기법입니다."
유럽단기펀드포트폴리오,"유럽 시장의 단기 펀드 포트폴리오 방식으로, 투자자들이 활용하는 금융 기법입니다."
유럽중기펀드투자,"유럽 시장의 중기 펀드 투자 방식으로, 투자자들이 활용하는 금융 기법입니다."
유럽중기펀드거래,"유럽 시장의 중기 펀드 거래 방식으로, 투자자들이 활용하는 금융 기법입니다."
유럽중기펀드시장,"유럽 시장의 중기 펀드 시장 방식으로, 투자자들이 활용하는 금융 기법입니다."
유럽중기펀드상품,"유럽 시장의 중기 펀드 상품 방식으로, 투자자들이 활용하는 금융 기법입니다."
유럽중기펀드포트폴리오,"유럽 시장의 중기 펀드 포트폴리오 방식으로, 투자자들이 활용하는 금융 기법입니다."
유럽장기펀드투자,"유럽 시장의 장기 펀드 투자 방식으로, 투자자들이 활용하는 금융 기법입니다."
유럽장기펀드거래,"유럽 시장의 장기 펀드 거래 방식으로, 투자자들이 활용하는 금융 기법입니다."
유럽장기펀드시장,"유럽 시장의 장기 펀드 시장 방식으로, 투자자들이 활용하는 금융 기법입니다."
유럽장기펀드상품,"유럽 시장의 장기 펀드 상품 방식으로, 투자자들이 활용하는 금융 기법입니다."
유럽장기펀드포트폴리오,"유럽 시장의 장기 펀드 포트폴리오 방식으로, 투자자들이 활용하는 금융 기법입니다."
유럽초단기펀드투자,"유럽 시장의 초단기 펀드 투자 방식으로, 투자자들이 활용하는 금융 기법입니다."
유럽초단기펀드거래,"유럽 시장의 초단기 펀드 거래 방식으로, 투자자들이 활용하는 금융 기법입니다."
유럽초단기펀드시장,"유럽 시장의 초단기 펀드 시장 방식으로, 투자자들이 활용하는 금융 기법입니다."
유럽초단기펀드상품,"유럽 시장의 초단기 펀드 상품 방식으로, 투자자들이 활용하는 금융 기법입니다."
유럽초단기펀드포트폴리오,"유럽 시장의 초단기 펀드 포트폴리오 방식으로, 투자자들이 활용하는 금융 기법입니다."
유럽초장기펀드투자,"유럽 시장의 초장기 펀드 투자 방식으로, 투자자들이 활용하는 금융 기법입니다."
유럽초장기펀드거래,"유럽 시장의 초장기 펀드 거래 방식으로, 투자자들이 활용하는 금융 기법입니다."
유럽초장기펀드시장,"유럽 시장의 초장기 펀드 시장 방식으로, 투자자들이 활용하는 금융 기법입니다."
유럽초장기펀드상품,"유럽 시장의 초장기 펀드 상품 방식으로, 투자자들이 활용하는 금융 기법입니다."
유럽초장기펀드포트폴리오,"유럽 시장의 초장기 펀드 포트폴리오 방식으로, 투자자들이 활용하는 금융 기법입니다."
아시아단기펀드투자,"아시아 시장의 단기 펀드 투자 방식으로, 투자자들이 활용하는 금융 기법입니다."
아시아단기펀드거래,"아시아 시장의 단기 펀드 거래 방식으로, 투자자들이 활용하는 금융 기법입니다."
아시아단기펀드시장,"아시아 시장의 단기 펀드 시장 방식으로, 투자자들이 활용하는 금융 기법입니다."
아시아단기펀드상품,"아시아 시장의 단기 펀드 상품 방식으로, 투자자들이 활용하는 금융 기법입니다."
아시아단기펀드포트폴리오,"아시아 시장의 단기 펀드 포트폴리오 방식으로, 투자자들이 활용하는 금융 기법입니다."
아시아중기펀드투자,"아시아 시장의 중기 펀드 투자 방식으로, 투자자들이 활용하는 금융 기법입니다."
아시아중기펀드거래,"아시아 시장의 중기 펀드 거래 방식으로, 투자자들이 활용하는 금융 기법입니다."
아시아중기펀드시장,"아시아 시장의 중기 펀드 시장 방식으로, 투자자들이 활용하는 금융 기법입니다."
아시아중기펀드상품,"아시아 시장의 중기 펀드 상품 방식으로, 투자자들이 활용하는 금융 기법입니다."
아시아중기펀드포트폴리오,"아시아 시장의 중기 펀드 포트폴리오 방식으로, 투자자들이 활용하는 금융 기법입니다."
아시아장기펀드투자,"아시아 시장의 장기 펀드 투자 방식으로, 투자자들이 활용하는 금융 기법입니다."
아시아장기펀드거래,"아시아 시장의 장기 펀드 거래 방식으로, 투자자들이 활용하는 금융 기법입니다."
아시아장기펀드시장,"아시아 시장의 장기 펀드 시장 방식으로, 투자자들이 활용하는 금융 기법입니다."
아시아장기펀드상품,"아시아 시장의 장기 펀드 상품 방식으로, 투자자들이 활용하는 금융 기법입니다."
아시아장기펀드포트폴리오,"아시아 시장의 장기 펀드 포트폴리오 방식으로, 투자자들이 활용하는 금융 기법입니다."
아시아초단기펀드투자,"아시아 시장의 초단기 펀드 투자 방식으로, 투자자들이 활용하는 금융 기법입니다."
아시아초단기펀드거래,"아시아 시장의 초단기 펀드 거래 방식으로, 투자자들이 활용하는 금융 기법입니다."
아시아초단기펀드시장,"아시아 시장의 초단기 펀드 시장 방식으로, 투자자들이 활용하는 금융 기법입니다."
아시아초단기펀드상품,"아시아 시장의 초단기 펀드 상품 방식으로, 투자자들이 활용하는 금융 기법입니다."
아시아초단기펀드포트폴리오,"아시아 시장의 초단기 펀드 포트폴리오 방식으로, 투자자들이 활용하는 금융 기법입니다."
아시아초장기펀드투자,"아시아 시장의 초장기 펀드 투자 방식으로, 투자자들이 활용하는 금융 기법입니다."
아시아초장기펀드거래,"아시아 시장의 초장기 펀드 거래 방식으로, 투자자들이 활용하는 금융 기법입니다."
아시아초장기펀드시장,"아시아 시장의 초장기 펀드 시장 방식으로, 투자자들이 활용하는 금융 기법입니다."
아시아초장기펀드상품,"아시아 시장의 초장기 펀드 상품 방식으로, 투자자들이 활용하는 금융 기법입니다."
아시아초장기펀드포트폴리오,"아시아 시장의 초장기 펀드 포트폴리오 방식으로, 투자자들이 활용하는 금융 기법입니다."
신흥국단기펀드투자,"신흥국 시장의 단기 펀드 투자 방식으로, 투자자들이 활용하는 금융 기법입니다."
신흥국단기펀드거래,"신흥국 시장의 단기 펀드 거래 방식으로, 투자자들이 활용하는 금융 기법입니다."
신흥국단기펀드시장,"신흥국 시장의 단기 펀드 시장 방식으로, 투자자들이 활용하는 금융 기법입니다."
신흥국단기펀드상품,"신흥국 시장의 단기 펀드 상품 방식으로, 투자자들이 활용하는 금융 기법입니다."
신흥국단기펀드포트폴리오,"신흥국 시장의 단기 펀드 포트폴리오 방식으로, 투자자들이 활용하는 금융 기법입니다."
신흥국중기펀드투자,"신흥국 시장의 중기 펀드 투자 방식으로, 투자자들이 활용하는 금융 기법입니다."
신흥국중기펀드거래,"신흥국 시장의 중기 펀드 거래 방식으로, 투자자들이 활용하는 금융 기법입니다."
신흥국중기펀드시장,"신흥국 시장의 중기 펀드 시장 방식으로, 투자자들이 활용하는 금융 기법입니다."
신흥국중기펀드상품,"신흥국 시장의 중기 펀드 상품 방식으로, 투자자들이 활용하는 금융 기법입니다."
신흥국중기펀드포트폴리오,"신흥국 시장의 중기 펀드 포트폴리오 방식으로, 투자자들이 활용하는 금융 기법입니다."
신흥국장기펀드투자,"신흥국 시장의 장기 펀드 투자 방식으로, 투자자들이 활용하는 금융 기법입니다."
신흥국장기펀드거래,"신흥국 시장의 장기 펀드 거래 방식으로, 투자자들이 활용하는 금융 기법입니다."
신흥국장기펀드시장,"신흥국 시장의 장기 펀드 시장 방식으로, 투자자들이 활용하는 금융 기법입니다."
신흥국장기펀드상품,"신흥국 시장의 장기 펀드 상품 방식으로, 투자자들이 활용하는 금융 기법입니다."
신흥국장기펀드포트폴리오,"신흥국 시장의 장기 펀드 포트폴리오 방식으로, 투자자들이 활용하는 금융 기법입니다."
신흥국초단기펀드투자,"신흥국 시장의 초단기 펀드 투자 방식으로, 투자자들이 활용하는 금융 기법입니다."
신흥국초단기펀드거래,"신흥국 시장의 초단기 펀드 거래 방식으로, 투자자들이 활용하는 금융 기법입니다."
신흥국초단기펀드시장,"신흥국 시장의 초단기 펀드 시장 방식으로, 투자자들이 활용하는 금융 기법입니다."
신흥국초단기펀드상품,"신흥국 시장의 초단기 펀드 상품 방식으로, 투자자들이 활용하는 금융 기법입니다."
신흥국초단기펀드포트폴리오,"신흥국 시장의 초단기 펀드 포트폴리오 방식으로, 투자자들이 활용하는 금융 기법입니다."
신흥국초장기펀드투자,"신흥국 시장의 초장기 펀드 투자 방식으로, 투자자들이 활용하는 금융 기법입니다."
신흥국초장기펀드거래,"신흥국 시장의 초장기 펀드 거래 방식으로, 투자자들이 활용하는 금융 기법입니다."
신흥국초장기펀드시장,"신흥국 시장의 초장기 펀드 시장 방식으로, 투자자들이 활용하는 금융 기법입니다."
신흥국초장기펀드상품,"신흥국 시장의 초장기 펀드 상품 방식으로, 투자자들이 활용하는 금융 기법입니다."
신흥국초장기펀드포트폴리오,"신흥국 시장의 초장기 펀드 포트폴리오 방식으로, 투자자들이 활용하는 금융 기법입니다."
선진국단기펀드투자,"선진국 시장의 단기 펀드 투자 방식으로, 투자자들이 활용하는 금융 기법입니다."
선진국단기펀드거래,"선진국 시장의 단기 펀드 거래 방식으로, 투자자들이 활용하는 금융 기법입니다."
선진국단기펀드시장,"선진국 시장의 단기 펀드 시장 방식으로, 투자자들이 활용하는 금융 기법입니다."
선진국단기펀드상품,"선진국 시장의 단기 펀드 상품 방식으로, 투자자들이 활용하는 금융 기법입니다."
선진국단기펀드포트폴리오,"선진국 시장의 단기 펀드 포트폴리오 방식으로, 투자자들이 활용하는 금융 기법입니다."
선진국중기펀드투자,"선진국 시장의 중기 펀드 투자 방식으로, 투자자들이 활용하는 금융 기법입니다."
선진국중기펀드거래,"선진국 시장의 중기 펀드 거래 방식으로, 투자자들이 활용하는 금융 기법입니다."
선진국중기펀드시장,"선진국 시장의 중기 펀드 시장 방식으로, 투자자들이 활용하는 금융 기법입니다."
선진국중기펀드상품,"선진국 시장의 중기 펀드 상품 방식으로, 투자자들이 활용하는 금융 기법입니다."
선진국중기펀드포트폴리오,"선진국 시장의 중기 펀드 포트폴리오 방식으로, 투자자들이 활용하는 금융 기법입니다."
선진국장기펀드투자,"선진국 시장의 장기 펀드 투자 방식으로, 투자자들이 활용하는 금융 기법입니다."
선진국장기펀드거래,"선진국 시장의 장기 펀드 거래 방식으로, 투자자들이 활용하는 금융 기법입니다."
선진국장기펀드시장,"선진국 시장의 장기 펀드 시장 방식으로, 투자자들이 활용하는 금융 기법입니다."
선진국장기펀드상품,"선진국 시장의 장기 펀드 상품 방식으로, 투자자들이 활용하는 금융 기법입니다."
선진국장기펀드포트폴리오,"선진국 시장의 장기 펀드 포트폴리오 방식으로, 투자자들이 활용하는 금융 기법입니다."
선진국초단기펀드투자,"선진국 시장의 초단기 펀드 투자 방식으로, 투자자들이 활용하는 금융 기법입니다."
선진국초단기펀드거래,"선진국 시장의 초단기 펀드 거래 방식으로, 투자자들이 활용하는 금융 기법입니다."
선진국초단기펀드시장,"선진국 시장의 초단기 펀드 시장 방식으로, 투자자들이 활용하는 금융 기법입니다."
선진국초단기펀드상품,"선진국 시장의 초단기 펀드 상품 방식으로, 투자자들이 활용하는 금융 기법입니다."
선진국초단기펀드포트폴리오,"선진국 시장의 초단기 펀드 포트폴리오 방식으로, 투자자들이 활용하는 금융 기법입니다."
선진국초장기펀드투자,"선진국 시장의 초장기 펀드 투자 방식으로, 투자자들이 활용하는 금융 기법입니다."
선진국초장기펀드거래,"선진국 시장의 초장기 펀드 거래 방식으로, 투자자들이 활용하는 금융 기법입니다."
선진국초장기펀드시장,"선진국 시장의 초장기 펀드 시장 방식으로, 투자자들이 활용하는 금융 기법입니다."
선진국초장기펀드상품,"선진국 시장의 초장기 펀드 상품 방식으로, 투자자들이 활용하는 금융 기법입니다."
선진국초장기펀드포트폴리오,"선진국 시장의 초장기 펀드 포트폴리오 방식으로, 투자자들이 활용하는 금융 기법입니다."
중국단기펀드투자,"중국 시장의 단기 펀드 투자 방식으로, 투자자들이 활용하는 금융 기법입니다."
중국단기펀드거래,"중국 시장의 단기 펀드 거래 방식으로, 투자자들이 활용하는 금융 기법입니다."
중국단기펀드시장,"중국 시장의 단기 펀드 시장 방식으로, 투자자들이 활용하는 금융 기법입니다."
중국단기펀드상품,"중국 시장의 단기 펀드 상품 방식으로, 투자자들이 활용하는 금융 기법입니다."
중국단기펀드포트폴리오,"중국 시장의 단기 펀드 포트폴리오 방식으로, 투자자들이 활용하는 금융 기법입니다."
중국중기펀드투자,"중국 시장의 중기 펀드 투자 방식으로, 투자자들이 활용하는 금융 기법입니다."
중국중기펀드거래,"중국 시장의 중기 펀드 거래 방식으로, 투자자들이 활용하는 금융 기법입니다."
중국중기펀드시장,"중국 시장의 중기 펀드 시장 방식으로, 투자자들이 활용하는 금융 기법입니다."
중국중기펀드상품,"중국 시장의 중기 펀드 상품 방식으로, 투자자들이 활용하는 금융 기법입니다."
중국중기펀드포트폴리오,"중국 시장의 중기 펀드 포트폴리오 방식으로, 투자자들이 활용하는 금융 기법입니다."
중국장기펀드투자,"중국 시장의 장기 펀드 투자 방식으로, 투자자들이 활용하는 금융 기법입니다."
중국장기펀드거래,"중국 시장의 장기 펀드 거래 방식으로, 투자자들이 활용하는 금융 기법입니다."
중국장기펀드시장,"중국 시장의 장기 펀드 시장 방식으로, 투자자들이 활용하는 금융 기법입니다."
중국장기펀드상품,"중국 시장의 장기 펀드 상품 방식으로, 투자자들이 활용하는 금융 기법입니다."
중국장기펀드포트폴리오,"중국 시장의 장기 펀드 포트폴리오 방식으로, 투자자들이 활용하는 금융 기법입니다."
중국초단기펀드투자,"중국 시장의 초단기 펀드 투자 방식으로, 투자자들이 활용하는 금융 기법입니다."
중국초단기펀드거래,"중국 시장의 초단기 펀드 거래 방식으로, 투자자들이 활용하는 금융 기법입니다."
중국초단기펀드시장,"중국 시장의 초단기 펀드 시장 방식으로, 투자자들이 활용하는 금융 기법입니다."
중국초단기펀드상품,"중국 시장의 초단기 펀드 상품 방식으로, 투자자들이 활용하는 금융 기법입니다."
중국초단기펀드포트폴리오,"중국 시장의 초단기 펀드 포트폴리오 방식으로, 투자자들이 활용하는 금융 기법입니다."
중국초장기펀드투자,"중국 시장의 초장기 펀드 투자 방식으로, 투자자들이 활용하는 금융 기법입니다."
중국초장기펀드거래,"중국 시장의 초장기 펀드 거래 방식으로, 투자자들이 활용하는 금융 기법입니다."
중국초장기펀드시장,"중국 시장의 초장기 펀드 시장 방식으로, 투자자들이 활용하는 금융 기법입니다."
중국초장기펀드상품,"중국 시장의 초장기 펀드 상품 방식으로, 투자자들이 활용하는 금융 기법입니다."
중국초장기펀드포트폴리오,"중국 시장의 초장기 펀드 포트폴리오 방식으로, 투자자들이 활용하는 금융 기법입니다."
일본단기펀드투자,"일본 시장의 단기 펀드 투자 방식으로, 투자자들이 활용하는 금융 기법입니다."
일본단기펀드거래,"일본 시장의 단기 펀드 거래 방식으로, 투자자들이 활용하는 금융 기법입니다."
일본단기펀드시장,"일본 시장의 단기 펀드 시장 방식으로, 투자자들이 활용하는 금융 기법입니다."
일본단기펀드상품,"일본 시장의 단기 펀드 상품 방식으로, 투자자들이 활용하는 금융 기법입니다."
일본단기펀드포트폴리오,"일본 시장의 단기 펀드 포트폴리오 방식으로, 투자자들이 활용하는 금융 기법입니다."
일본중기펀드투자,"일본 시장의 중기 펀드 투자 방식으로, 투자자들이 활용하는 금융 기법입니다."
일본중기펀드거래,"일본 시장의 중기 펀드 거래 방식으로, 투자자들이 활용하는 금융 기법입니다."
일본중기펀드시장,"일본 시장의 중기 펀드 시장 방식으로, 투자자들이 활용하는 금융 기법입니다."
일본중기펀드상품,"일본 시장의 중기 펀드 상품 방식으로, 투자자들이 활용하는 금융 기법입니다."
일본중기펀드포트폴리오,"일본 시장의 중기 펀드 포트폴리오 방식으로, 투자자들이 활용하는 금융 기법입니다."
일본장기펀드투자,"일본 시장의 장기 펀드 투자 방식으로, 투자자들이 활용하는 금융 기법입니다."
일본장기펀드거래,"일본 시장의 장기 펀드 거래 방식으로, 투자자들이 활용하는 금융 기법입니다."
일본장기펀드시장,"일본 시장의 장기 펀드 시장 방식으로, 투자자들이 활용하는 금융 기법입니다."
일본장기펀드상품,"일본 시장의 장기 펀드 상품 방식으로, 투자자들이 활용하는 금융 기법입니다."
일본장기펀드포트폴리오,"일본 시장의 장기 펀드 포트폴리오 방식으로, 투자자들이 활용하는 금융 기법입니다."
일본초단기펀드투자,"일본 시장의 초단기 펀드 투자 방식으로, 투자자들이 활용하는 금융 기법입니다."
일본초단기펀드거래,"일본 시장의 초단기 펀드 거래 방식으로, 투자자들이 활용하는 금융 기법입니다."
일본초단기펀드시장,"일본 시장의 초단기 펀드 시장 방식으로, 투자자들이 활용하는 금융 기법입니다."
일본초단기펀드상품,"일본 시장의 초단기 펀드 상품 방식으로, 투자자들이 활용하는 금융 기법입니다."
일본초단기펀드포트폴리오,"일본 시장의 초단기 펀드 포트폴리오 방식으로, 투자자들이 활용하는 금융 기법입니다."
일본초장기펀드투자,"일본 시장의 초장기 펀드 투자 방식으로, 투자자들이 활용하는 금융 기법입니다."
일본초장기펀드거래,"일본 시장의 초장기 펀드 거래 방식으로, 투자자들이 활용하는 금융 기법입니다."
일본초장기펀드시장,"일본 시장의 초장기 펀드 시장 방식으로, 투자자들이 활용하는 금융 기법입니다."
일본초장기펀드상품,"일본 시장의 초장기 펀드 상품 방식으로, 투자자들이 활용하는 금융 기법입니다."
일본초장기펀드포트폴리오,"일본 시장의 초장기 펀드 포트폴리오 방식으로, 투자자들이 활용하는 금융 기법입니다."
국내단기ETF투자,"국내 시장의 단기 ETF 투자 방식으로, 투자자들이 활용하는 금융 기법입니다."
국내단기ETF거래,"국내 시장의 단기 ETF 거래 방식으로, 투자자들이 활용하는 금융 기법입니다."
국내단기ETF시장,"국내 시장의 단기 ETF 시장 방식으로, 투자자들이 활용하는 금융 기법입니다."
국내단기ETF상품,"국내 시장의 단기 ETF 상품 방식으로, 투자자들이 활용하는 금융 기법입니다."
국내단기ETF포트폴리오,"국내 시장의 단기 ETF 포트폴리오 방식으로, 투자자들이 활용하는 금융 기법입니다."
국내중기ETF투자,"국내 시장의 중기 ETF 투자 방식으로, 투자자들이 활용하는 금융 기법입니다."
국내중기ETF거래,"국내 시장의 중기 ETF 거래 방식으로, 투자자들이 활용하는 금융 기법입니다."
국내중기ETF시장,"국내 시장의 중기 ETF 시장 방식으로, 투자자들이 활용하는 금융 기법입니다."
국내중기ETF상품,"국내 시장의 중기 ETF 상품 방식으로, 투자자들이 활용하는 금융 기법입니다."
국내중기ETF포트폴리오,"국내 시장의 중기 ETF 포트폴리오 방식으로, 투자자들이 활용하는 금융 기법입니다."
국내장기ETF투자,"국내 시장의 장기 ETF 투자 방식으로, 투자자들이 활용하는 금융 기법입니다."
국내장기ETF거래,"국내 시장의 장기 ETF 거래 방식으로, 투자자들이 활용하는 금융 기법입니다."
국내장기ETF시장,"국내 시장의 장기 ETF 시장 방식으로, 투자자들이 활용하는 금융 기법입니다."
국내장기ETF상품,"국내 시장의 장기 ETF 상품 방식으로, 투자자들이 활용하는 금융 기법입니다."
국내장기ETF포트폴리오,"국내 시장의 장기 ETF 포트폴리오 방식으로, 투자자들이 활용하는 금융 기법입니다."
국내초단기ETF투자,"국내 시장의 초단기 ETF 투자 방식으로, 투자자들이 활용하는 금융 기법입니다."
국내초단기ETF거래,"국내 시장의 초단기 ETF 거래 방식으로, 투자자들이 활용하는 금융 기법입니다."
국내초단기ETF시장,"국내 시장의 초단기 ETF 시장 방식으로, 투자자들이 활용하는 금융 기법입니다."
국내초단기ETF상품,"국내 시장의 초단기 ETF 상품 방식으로, 투자자들이 활용하는 금융 기법입니다."
국내초단기ETF포트폴리오,"국내 시장의 초단기 ETF 포트폴리오 방식으로, 투자자들이 활용하는 금융 기법입니다."
국내초장기ETF투자,"국내 시장의 초장기 ETF 투자 방식으로, 투자자들이 활용하는 금융 기법입니다."
국내초장기ETF거래,"국내 시장의 초장기 ETF 거래 방식으로, 투자자들이 활용하는 금융 기법입니다."
국내초장기ETF시장,"국내 시장의 초장기 ETF 시장 방식으로, 투자자들이 활용하는 금융 기법입니다."
국내초장기ETF상품,"국내 시장의 초장기 ETF 상품 방식으로, 투자자들이 활용하는 금융 기법입니다."
국내초장기ETF포트폴리오,"국내 시장의 초장기 ETF 포트폴리오 방식으로, 투자자들이 활용하는 금융 기법입니다."
해외단기ETF투자,"해외 시장의 단기 ETF 투자 방식으로, 투자자들이 활용하는 금융 기법입니다."
해외단기ETF거래,"해외 시장의 단기 ETF 거래 방식으로, 투자자들이 활용하는 금융 기법입니다."
해외단기ETF시장,"해외 시장의 단기 ETF 시장 방식으로, 투자자들이 활용하는 금융 기법입니다."
해외단기ETF상품,"해외 시장의 단기 ETF 상품 방식으로, 투자자들이 활용하는 금융 기법입니다."
해외단기ETF포트폴리오,"해외 시장의 단기 ETF 포트폴리오 방식으로, 투자자들이 활용하는 금융 기법입니다."
해외중기ETF투자,"해외 시장의 중기 ETF 투자 방식으로, 투자자들이 활용하는 금융 기법입니다."
해외중기ETF거래,"해외 시장의 중기 ETF 거래 방식으로, 투자자들이 활용하는 금융 기법입니다."
해외중기ETF시장,"해외 시장의 중기 ETF 시장 방식으로, 투자자들이 활용하는 금융 기법입니다."
해외중기ETF상품,"해외 시장의 중기 ETF 상품 방식으로, 투자자들이 활용하는 금융 기법입니다."
해외중기ETF포트폴리오,"해외 시장의 중기 ETF 포트폴리오 방식으로, 투자자들이 활용하는 금융 기법입니다."
해외장기ETF투자,"해외 시장의 장기 ETF 투자 방식으로, 투자자들이 활용하는 금융 기법입니다."
해외장기ETF거래,"해외 시장의 장기 ETF 거래 방식으로, 투자자들이 활용하는 금융 기법입니다."
해외장기ETF시장,"해외 시장의 장기 ETF 시장 방식으로, 투자자들이 활용하는 금융 기법입니다."
해외장기ETF상품,"해외 시장의 장기 ETF 상품 방식으로, 투자자들이 활용하는 금융 기법입니다."
해외장기ETF포트폴리오,"해외 시장의 장기 ETF 포트폴리오 방식으로, 투자자들이 활용하는 금융 기법입니다."
해외초단기ETF투자,"해외 시장의 초단기 ETF 투자 방식으로, 투자자들이 활용하는 금융 기법입니다."
해외초단기ETF거래,"해외 시장의 초단기 ETF 거래 방식으로, 투자자들이 활용하는 금융 기법입니다."
해외초단기ETF시장,"해외 시장의 초단기 ETF 시장 방식으로, 투자자들이 활용하는 금융 기법입니다."
해외초단기ETF상품,"해외 시장의 초단기 ETF 상품 방식으로, 투자자들이 활용하는 금융 기법입니다."
해외초단기ETF포트폴리오,"해외 시장의 초단기 ETF 포트폴리오 방식으로, 투자자들이 활용하는 금융 기법입니다."
해외초장기ETF투자,"해외 시장의 초장기 ETF 투자 방식으로, 투자자들이 활용하는 금융 기법입니다."
해외초장기ETF거래,"해외 시장의 초장기 ETF 거래 방식으로, 투자자들이 활용하는 금융 기법입니다."
해외초장기ETF시장,"해외 시장의 초장기 ETF 시장 방식으로, 투자자들이 활용하는 금융 기법입니다."
해외초장기ETF상품,"해외 시장의 초장기 ETF 상품 방식으로, 투자자들이 활용하는 금융 기법입니다."
해외초장기ETF포트폴리오,"해외 시장의 초장기 ETF 포트폴리오 방식으로, 투자자들이 활용하는 금융 기법입니다."
글로벌단기ETF투자,"글로벌 시장의 단기 ETF 투자 방식으로, 투자자들이 활용하는 금융 기법입니다."
글로벌단기ETF거래,"글로벌 시장의 단기 ETF 거래 방식으로, 투자자들이 활용하는 금융 기법입니다."
글로벌단기ETF시장,"글로벌 시장의 단기 ETF 시장 방식으로, 투자자들이 활용하는 금융 기법입니다."
글로벌단기ETF상품,"글로벌 시장의 단기 ETF 상품 방식으로, 투자자들이 활용하는 금융 기법입니다."
글로벌단기ETF포트폴리오,"글로벌 시장의 단기 ETF 포트폴리오 방식으로, 투자자들이 활용하는 금융 기법입니다."
글로벌중기ETF투자,"글로벌 시장의 중기 ETF 투자 방식으로, 투자자들이 활용하는 금융 기법입니다."
글로벌중기ETF거래,"글로벌 시장의 중기 ETF 거래 방식으로, 투자자들이 활용하는 금융 기법입니다."
글로벌중기ETF시장,"글로벌 시장의 중기 ETF 시장 방식으로, 투자자들이 활용하는 금융 기법입니다."
글로벌중기ETF상품,"글로벌 시장의 중기 ETF 상품 방식으로, 투자자들이 활용하는 금융 기법입니다."
글로벌중기ETF포트폴리오,"글로벌 시장의 중기 ETF 포트폴리오 방식으로, 투자자들이 활용하는 금융 기법입니다."
글로벌장기ETF투자,"글로벌 시장의 장기 ETF 투자 방식으로, 투자자들이 활용하는 금융 기법입니다."
글로벌장기ETF거래,"글로벌 시장의 장기 ETF 거래 방식으로, 투자자들이 활용하는 금융 기법입니다."
글로벌장기ETF시장,"글로벌 시장의 장기 ETF 시장 방식으로, 투자자들이 활용하는 금융 기법입니다."
글로벌장기ETF상품,"글로벌 시장의 장기 ETF 상품 방식으로, 투자자들이 활용하는 금융 기법입니다."
글로벌장기ETF포트폴리오,"글로벌 시장의 장기 ETF 포트폴리오 방식으로, 투자자들이 활용하는 금융 기법입니다."
글로벌초단기ETF투자,"글로벌 시장의 초단기 ETF 투자 방식으로, 투자자들이 활용하는 금융 기법입니다."
글로벌초단기ETF거래,"글로벌 시장의 초단기 ETF 거래 방식으로, 투자자들이 활용하는 금융 기법입니다."
글로벌초단기ETF시장,"글로벌 시장의 초단기 ETF 시장 방식으로, 투자자들이 활용하는 금융 기법입니다."
글로벌초단기ETF상품,"글로벌 시장의 초단기 ETF 상품 방식으로, 투자자들이 활용하는 금융 기법입니다."
글로벌초단기ETF포트폴리오,"글로벌 시장의 초단기 ETF 포트폴리오 방식으로, 투자자들이 활용하는 금융 기법입니다."
글로벌초장기ETF투자,"글로벌 시장의 초장기 ETF 투자 방식으로, 투자자들이 활용하는 금융 기법입니다."
글로벌초장기ETF거래,"글로벌 시장의 초장기 ETF 거래 방식으로, 투자자들이 활용하는 금융 기법입니다."
글로벌초장기ETF시장,"글로벌 시장의 초장기 ETF 시장 방식으로, 투자자들이 활용하는 금융 기법입니다."
글로벌초장기ETF상품,"글로벌 시장의 초장기 ETF 상품 방식으로, 투자자들이 활용하는 금융 기법입니다."
글로벌초장기ETF포트폴리오,"글로벌 시장의 초장기 ETF 포트폴리오 방식으로, 투자자들이 활용하는 금융 기법입니다."
미국단기ETF투자,"미국 시장의 단기 ETF 투자 방식으로, 투자자들이 활용하는 금융 기법입니다."
미국단기ETF거래,"미국 시장의 단기 ETF 거래 방식으로, 투자자들이 활용하는 금융 기법입니다."
미국단기ETF시장,"미국 시장의 단기 ETF 시장 방식으로, 투자자들이 활용하는 금융 기법입니다."
미국단기ETF상품,"미국 시장의 단기 ETF 상품 방식으로, 투자자들이 활용하는 금융 기법입니다."
미국단기ETF포트폴리오,"미국 시장의 단기 ETF 포트폴리오 방식으로, 투자자들이 활용하는 금융 기법입니다."
미국중기ETF투자,"미국 시장의 중기 ETF 투자 방식으로, 투자자들이 활용하는 금융 기법입니다."
미국중기ETF거래,"미국 시장의 중기 ETF 거래 방식으로, 투자자들이 활용하는 금융 기법입니다."
미국중기ETF시장,"미국 시장의 중기 ETF 시장 방식으로, 투자자들이 활용하는 금융 기법입니다."
미국중기ETF상품,"미국 시장의 중기 ETF 상품 방식으로, 투자자들이 활용하는 금융 기법입니다."
미국중기ETF포트폴리오,"미국 시장의 중기 ETF 포트폴리오 방식으로, 투자자들이 활용하는 금융 기법입니다."
미국장기ETF투자,"미국 시장의 장기 ETF 투자 방식으로, 투자자들이 활용하는 금융 기법입니다."
미국장기ETF거래,"미국 시장의 장기 ETF 거래 방식으로, 투자자들이 활용하는 금융 기법입니다."
미국장기ETF시장,"미국 시장의 장기 ETF 시장 방식으로, 투자자들이 활용하는 금융 기법입니다."
미국장기ETF상품,"미국 시장의 장기 ETF 상품 방식으로, 투자자들이 활용하는 금융 기법입니다."
미국장기ETF포트폴리오,"미국 시장의 장기 ETF 포트폴리오 방식으로, 투자자들이 활용하는 금융 기법입니다."
미국초단기ETF투자,"미국 시장의 초단기 ETF 투자 방식으로, 투자자들이 활용하는 금융 기법입니다."
미국초단기ETF거래,"미국 시장의 초단기 ETF 거래 방식으로, 투자자들이 활용하는 금융 기법입니다."
미국초단기ETF시장,"미국 시장의 초단기 ETF 시장 방식으로, 투자자들이 활용하는 금융 기법입니다."
미국초단기ETF상품,"미국 시장의 초단기 ETF 상품 방식으로, 투자자들이 활용하는 금융 기법입니다."
미국초단기ETF포트폴리오,"미국 시장의 초단기 ETF 포트폴리오 방식으로, 투자자들이 활용하는 금융 기법입니다."
미국초장기ETF투자,"미국 시장의 초장기 ETF 투자 방식으로, 투자자들이 활용하는 금융 기법입니다."
미국초장기ETF거래,"미국 시장의 초장기 ETF 거래 방식으로, 투자자들이 활용하는 금융 기법입니다."
미국초장기ETF시장,"미국 시장의 초장기 ETF 시장 방식으로, 투자자들이 활용하는 금융 기법입니다."
미국초장기ETF상품,"미국 시장의 초장기 ETF 상품 방식으로, 투자자들이 활용하는 금융 기법입니다."
미국초장기ETF포트폴리오,"미국 시장의 초장기 ETF 포트폴리오 방식으로, 투자자들이 활용하는 금융 기법입니다."
유럽단기ETF투자,"유럽 시장의 단기 ETF 투자 방식으로, 투자자들이 활용하는 금융 기법입니다."
유럽단기ETF거래,"유럽 시장의 단기 ETF 거래 방식으로, 투자자들이 활용하는 금융 기법입니다."
유럽단기ETF시장,"유럽 시장의 단기 ETF 시장 방식으로, 투자자들이 활용하는 금융 기법입니다."
유럽단기ETF상품,"유럽 시장의 단기 ETF 상품 방식으로, 투자자들이 활용하는 금융 기법입니다."
유럽단기ETF포트폴리오,"유럽 시장의 단기 ETF 포트폴리오 방식으로, 투자자들이 활용하는 금융 기법입니다."
유럽중기ETF투자,"유럽 시장의 중기 ETF 투자 방식으로, 투자자들이 활용하는 금융 기법입니다."
유럽중기ETF거래,"유럽 시장의 중기 ETF 거래 방식으로, 투자자들이 활용하는 금융 기법입니다."
유럽중기ETF시장,"유럽 시장의 중기 ETF 시장 방식으로, 투자자들이 활용하는 금융 기법입니다."
유럽중기ETF상품,"유럽 시장의 중기 ETF 상품 방식으로, 투자자들이 활용하는 금융 기법입니다."
유럽중기ETF포트폴리오,"유럽 시장의 중기 ETF 포트폴리오 방식으로, 투자자들이 활용하는 금융 기법입니다."
유럽장기ETF투자,"유럽 시장의 장기 ETF 투자 방식으로, 투자자들이 활용하는 금융 기법입니다."
유럽장기ETF거래,"유럽 시장의 장기 ETF 거래 방식으로, 투자자들이 활용하는 금융 기법입니다."
유럽장기ETF시장,"유럽 시장의 장기 ETF 시장 방식으로, 투자자들이 활용하는 금융 기법입니다."
유럽장기ETF상품,"유럽 시장의 장기 ETF 상품 방식으로, 투자자들이 활용하는 금융 기법입니다."
유럽장기ETF포트폴리오,"유럽 시장의 장기 ETF 포트폴리오 방식으로, 투자자들이 활용하는 금융 기법입니다."
유럽초단기ETF투자,"유럽 시장의 초단기 ETF 투자 방식으로, 투자자들이 활용하는 금융 기법입니다."
유럽초단기ETF거래,"유럽 시장의 초단기 ETF 거래 방식으로, 투자자들이 활용하는 금융 기법입니다."
유럽초단기ETF시장,"유럽 시장의 초단기 ETF 시장 방식으로, 투자자들이 활용하는 금융 기법입니다."
유럽초단기ETF상품,"유럽 시장의 초단기 ETF 상품 방식으로, 투자자들이 활용하는 금융 기법입니다."
유럽초단기ETF포트폴리오,"유럽 시장의 초단기 ETF 포트폴리오 방식으로, 투자자들이 활용하는 금융 기법입니다."
유럽초장기ETF투자,"유럽 시장의 초장기 ETF 투자 방식으로, 투자자들이 활용하는 금융 기법입니다."
유럽초장기ETF거래,"유럽 시장의 초장기 ETF 거래 방식으로, 투자자들이 활용하는 금융 기법입니다."
유럽초장기ETF시장,"유럽 시장의 초장기 ETF 시장 방식으로, 투자자들이 활용하는 금융 기법입니다."
유럽초장기ETF상품,"유럽 시장의 초장기 ETF 상품 방식으로, 투자자들이 활용하는 금융 기법입니다."
유럽초장기ETF포트폴리오,"유럽 시장의 초장기 ETF 포트폴리오 방식으로, 투자자들이 활용하는 금융 기법입니다."
아시아단기ETF투자,"아시아 시장의 단기 ETF 투자 방식으로, 투자자들이 활용하는 금융 기법입니다."
아시아단기ETF거래,"아시아 시장의 단기 ETF 거래 방식으로, 투자자들이 활용하는 금융 기법입니다."
아시아단기ETF시장,"아시아 시장의 단기 ETF 시장 방식으로, 투자자들이 활용하는 금융 기법입니다."
아시아단기ETF상품,"아시아 시장의 단기 ETF 상품 방식으로, 투자자들이 활용하는 금융 기법입니다."
아시아단기ETF포트폴리오,"아시아 시장의 단기 ETF 포트폴리오 방식으로, 투자자들이 활용하는 금융 기법입니다."
아시아중기ETF투자,"아시아 시장의 중기 ETF 투자 방식으로, 투자자들이 활용하는 금융 기법입니다."
아시아중기ETF거래,"아시아 시장의 중기 ETF 거래 방식으로, 투자자들이 활용하는 금융 기법입니다."
아시아중기ETF시장,"아시아 시장의 중기 ETF 시장 방식으로, 투자자들이 활용하는 금융 기법입니다."
아시아중기ETF상품,"아시아 시장의 중기 ETF 상품 방식으로, 투자자들이 활용하는 금융 기법입니다."
아시아중기ETF포트폴리오,"아시아 시장의 중기 ETF 포트폴리오 방식으로, 투자자들이 활용하는 금융 기법입니다."
아시아장기ETF투자,"아시아 시장의 장기 ETF 투자 방식으로, 투자자들이 활용하는 금융 기법입니다."
아시아장기ETF거래,"아시아 시장의 장기 ETF 거래 방식으로, 투자자들이 활용하는 금융 기법입니다."
아시아장기ETF시장,"아시아 시장의 장기 ETF 시장 방식으로, 투자자들이 활용하는 금융 기법입니다."
아시아장기ETF상품,"아시아 시장의 장기 ETF 상품 방식으로, 투자자들이 활용하는 금융 기법입니다."
아시아장기ETF포트폴리오,"아시아 시장의 장기 ETF 포트폴리오 방식으로, 투자자들이 활용하는 금융 기법입니다."
아시아초단기ETF투자,"아시아 시장의 초단기 ETF 투자 방식으로, 투자자들이 활용하는 금융 기법입니다."
아시아초단기ETF거래,"아시아 시장의 초단기 ETF 거래 방식으로, 투자자들이 활용하는 금융 기법입니다."
아시아초단기ETF시장,"아시아 시장의 초단기 ETF 시장 방식으로, 투자자들이 활용하는 금융 기법입니다."
아시아초단기ETF상품,"아시아 시장의 초단기 ETF 상품 방식으로, 투자자들이 활용하는 금융 기법입니다."
아시아초단기ETF포트폴리오,"아시아 시장의 초단기 ETF 포트폴리오 방식으로, 투자자들이 활용하는 금융 기법입니다."
아시아초장기ETF투자,"아시아 시장의 초장기 ETF 투자 방식으로, 투자자들이 활용하는 금융 기법입니다."
아시아초장기ETF거래,"아시아 시장의 초장기 ETF 거래 방식으로, 투자자들이 활용하는 금융 기법입니다."
아시아초장기ETF시장,"아시아 시장의 초장기 ETF 시장 방식으로, 투자자들이 활용하는 금융 기법입니다."
아시아초장기ETF상품,"아시아 시장의 초장기 ETF 상품 방식으로, 투자자들이 활용하는 금융 기법입니다."
아시아초장기ETF포트폴리오,"아시아 시장의 초장기 ETF 포트폴리오 방식으로, 투자자들이 활용하는 금융 기법입니다."
신흥국단기ETF투자,"신흥국 시장의 단기 ETF 투자 방식으로, 투자자들이 활용하는 금융 기법입니다."
신흥국단기ETF거래,"신흥국 시장의 단기 ETF 거래 방식으로, 투자자들이 활용하는 금융 기법입니다."
신흥국단기ETF시장,"신흥국 시장의 단기 ETF 시장 방식으로, 투자자들이 활용하는 금융 기법입니다."
신흥국단기ETF상품,"신흥국 시장의 단기 ETF 상품 방식으로, 투자자들이 활용하는 금융 기법입니다."
신흥국단기ETF포트폴리오,"신흥국 시장의 단기 ETF 포트폴리오 방식으로, 투자자들이 활용하는 금융 기법입니다."
신흥국중기ETF투자,"신흥국 시장의 중기 ETF 투자 방식으로, 투자자들이 활용하는 금융 기법입니다."
신흥국중기ETF거래,"신흥국 시장의 중기 ETF 거래 방식으로, 투자자들이 활용하는 금융 기법입니다."
신흥국중기ETF시장,"신흥국 시장의 중기 ETF 시장 방식으로, 투자자들이 활용하는 금융 기법입니다."
신흥국중기ETF상품,"신흥국 시장의 중기 ETF 상품 방식으로, 투자자들이 활용하는 금융 기법입니다."
신흥국중기ETF포트폴리오,"신흥국 시장의 중기 ETF 포트폴리오 방식으로, 투자자들이 활용하는 금융 기법입니다."
신흥국장기ETF투자,"신흥국 시장의 장기 ETF 투자 방식으로, 투자자들이 활용하는 금융 기법입니다."
신흥국장기ETF거래,"신흥국 시장의 장기 ETF 거래 방식으로, 투자자들이 활용하는 금융 기법입니다."
신흥국장기ETF시장,"신흥국 시장의 장기 ETF 시장 방식으로, 투자자들이 활용하는 금융 기법입니다."
신흥국장기ETF상품,"신흥국 시장의 장기 ETF 상품 방식으로, 투자자들이 활용하는 금융 기법입니다."
신흥국장기ETF포트폴리오,"신흥국 시장의 장기 ETF 포트폴리오 방식으로, 투자자들이 활용하는 금융 기법입니다."
신흥국초단기ETF투자,"신흥국 시장의 초단기 ETF 투자 방식으로, 투자자들이 활용하는 금융 기법입니다."
신흥국초단기ETF거래,"신흥국 시장의 초단기 ETF 거래 방식으로, 투자자들이 활용하는 금융 기법입니다."
신흥국초단기ETF시장,"신흥국 시장의 초단기 ETF 시장 방식으로, 투자자들이 활용하는 금융 기법입니다."
신흥국초단기ETF상품,"신흥국 시장의 초단기 ETF 상품 방식으로, 투자자들이 활용하는 금융 기법입니다."
신흥국초단기ETF포트폴리오,"신흥국 시장의 초단기 ETF 포트폴리오 방식으로, 투자자들이 활용하는 금융 기법입니다."
신흥국초장기ETF투자,"신흥국 시장의 초장기 ETF 투자 방식으로, 투자자들이 활용하는 금융 기법입니다."
신흥국초장기ETF거래,"신흥국 시장의 초장기 ETF 거래 방식으로, 투자자들이 활용하는 금융 기법입니다."
신흥국초장기ETF시장,"신흥국 시장의 초장기 ETF 시장 방식으로, 투자자들이 활용하는 금융 기법입니다."
신흥국초장기ETF상품,"신흥국 시장의 초장기 ETF 상품 방식으로, 투자자들이 활용하는 금융 기법입니다."
신흥국초장기ETF포트폴리오,"신흥국 시장의 초장기 ETF 포트폴리오 방식으로, 투자자들이 활용하는 금융 기법입니다."
선진국단기ETF투자,"선진국 시장의 단기 ETF 투자 방식으로, 투자자들이 활용하는 금융 기법입니다."
선진국단기ETF거래,"선진국 시장의 단기 ETF 거래 방식으로, 투자자들이 활용하는 금융 기법입니다."
선진국단기ETF시장,"선진국 시장의 단기 ETF 시장 방식으로, 투자자들이 활용하는 금융 기법입니다."
선진국단기ETF상품,"선진국 시장의 단기 ETF 상품 방식으로, 투자자들이 활용하는 금융 기법입니다."
선진국단기ETF포트폴리오,"선진국 시장의 단기 ETF 포트폴리오 방식으로, 투자자들이 활용하는 금융 기법입니다."
선진국중기ETF투자,"선진국 시장의 중기 ETF 투자 방식으로, 투자자들이 활용하는 금융 기법입니다."
선진국중기ETF거래,"선진국 시장의 중기 ETF 거래 방식으로, 투자자들이 활용하는 금융 기법입니다."
선진국중기ETF시장,"선진국 시장의 중기 ETF 시장 방식으로, 투자자들이 활용하는 금융 기법입니다."
선진국중기ETF상품,"선진국 시장의 중기 ETF 상품 방식으로, 투자자들이 활용하는 금융 기법입니다."
선진국중기ETF포트폴리오,"선진국 시장의 중기 ETF 포트폴리오 방식으로, 투자자들이 활용하는 금융 기법입니다."
선진국장기ETF투자,"선진국 시장의 장기 ETF 투자 방식으로, 투자자들이 활용하는 금융 기법입니다."
선진국장기ETF거래,"선진국 시장의 장기 ETF 거래 방식으로, 투자자들이 활용하는 금융 기법입니다."
선진국장기ETF시장,"선진국 시장의 장기 ETF 시장 방식으로, 투자자들이 활용하는 금융 기법입니다."
선진국장기ETF상품,"선진국 시장의 장기 ETF 상품 방식으로, 투자자들이 활용하는 금융 기법입니다."
선진국장기ETF포트폴리오,"선진국 시장의 장기 ETF 포트폴리오 방식으로, 투자자들이 활용하는 금융 기법입니다."
선진국초단기ETF투자,"선진국 시장의 초단기 ETF 투자 방식으로, 투자자들이 활용하는 금융 기법입니다."
선진국초단기ETF거래,"선진국 시장의 초단기 ETF 거래 방식으로, 투자자들이 활용하는 금융 기법입니다."
선진국초단기ETF시장,"선진국 시장의 초단기 ETF 시장 방식으로, 투자자들이 활용하는 금융 기법입니다."
선진국초단기ETF상품,"선진국 시장의 초단기 ETF 상품 방식으로, 투자자들이 활용하는 금융 기법입니다."
선진국초단기ETF포트폴리오,"선진국 시장의 초단기 ETF 포트폴리오 방식으로, 투자자들이 활용하는 금융 기법입니다."
선진국초장기ETF투자,"선진국 시장의 초장기 ETF 투자 방식으로, 투자자들이 활용하는 금융 기법입니다."
선진국초장기ETF거래,"선진국 시장의 초장기 ETF 거래 방식으로, 투자자들이 활용하는 금융 기법입니다."
선진국초장기ETF시장,"선진국 시장의 초장기 ETF 시장 방식으로, 투자자들이 활용하는 금융 기법입니다."
선진국초장기ETF상품,"선진국 시장의 초장기 ETF 상품 방식으로, 투자자들이 활용하는 금융 기법입니다."
선진국초장기ETF포트폴리오,"선진국 시장의 초장기 ETF 포트폴리오 방식으로, 투자자들이 활용하는 금융 기법입니다."
중국단기ETF투자,"중국 시장의 단기 ETF 투자 방식으로, 투자자들이 활용하는 금융 기법입니다."
중국단기ETF거래,"중국 시장의 단기 ETF 거래 방식으로, 투자자들이 활용하는 금융 기법입니다."
중국단기ETF시장,"중국 시장의 단기 ETF 시장 방식으로, 투자자들이 활용하는 금융 기법입니다."
중국단기ETF상품,"중국 시장의 단기 ETF 상품 방식으로, 투자자들이 활용하는 금융 기법입니다."
중국단기ETF포트폴리오,"중국 시장의 단기 ETF 포트폴리오 방식으로, 투자자들이 활용하는 금융 기법입니다."
중국중기ETF투자,"중국 시장의 중기 ETF 투자 방식으로, 투자자들이 활용하는 금융 기법입니다."
중국중기ETF거래,"중국 시장의 중기 ETF 거래 방식으로, 투자자들이 활용하는 금융 기법입니다."
중국중기ETF시장,"중국 시장의 중기 ETF 시장 방식으로, 투자자들이 활용하는 금융 기법입니다."
중국중기ETF상품,"중국 시장의 중기 ETF 상품 방식으로, 투자자들이 활용하는 금융 기법입니다."
중국중기ETF포트폴리오,"중국 시장의 중기 ETF 포트폴리오 방식으로, 투자자들이 활용하는 금융 기법입니다."
중국장기ETF투자,"중국 시장의 장기 ETF 투자 방식으로, 투자자들이 활용하는 금융 기법입니다."
중국장기ETF거래,"중국 시장의 장기 ETF 거래 방식으로, 투자자들이 활용하는 금융 기법입니다."
중국장기ETF시장,"중국 시장의 장기 ETF 시장 방식으로, 투자자들이 활용하는 금융 기법입니다."
중국장기ETF상품,"중국 시장의 장기 ETF 상품 방식으로, 투자자들이 활용하는 금융 기법입니다."
중국장기ETF포트폴리오,"중국 시장의 장기 ETF 포트폴리오 방식으로, 투자자들이 활용하는 금융 기법입니다."
중국초단기ETF투자,"중국 시장의 초단기 ETF 투자 방식으로, 투자자들이 활용하는 금융 기법입니다."
중국초단기ETF거래,"중국 시장의 초단기 ETF 거래 방식으로, 투자자들이 활용하는 금융 기법입니다."
중국초단기ETF시장,"중국 시장의 초단기 ETF 시장 방식으로, 투자자들이 활용하는 금융 기법입니다."
중국초단기ETF상품,"중국 시장의 초단기 ETF 상품 방식으로, 투자자들이 활용하는 금융 기법입니다."
중국초단기ETF포트폴리오,"중국 시장의 초단기 ETF 포트폴리오 방식으로, 투자자들이 활용하는 금융 기법입니다."
중국초장기ETF투자,"중국 시장의 초장기 ETF 투자 방식으로, 투자자들이 활용하는 금융 기법입니다."
중국초장기ETF거래,"중국 시장의 초장기 ETF 거래 방식으로, 투자자들이 활용하는 금융 기법입니다."
중국초장기ETF시장,"중국 시장의 초장기 ETF 시장 방식으로, 투자자들이 활용하는 금융 기법입니다."
중국초장기ETF상품,"중국 시장의 초장기 ETF 상품 방식으로, 투자자들이 활용하는 금융 기법입니다."
중국초장기ETF포트폴리오,"중국 시장의 초장기 ETF 포트폴리오 방식으로, 투자자들이 활용하는 금융 기법입니다."
일본단기ETF투자,"일본 시장의 단기 ETF 투자 방식으로, 투자자들이 활용하는 금융 기법입니다."
일본단기ETF거래,"일본 시장의 단기 ETF 거래 방식으로, 투자자들이 활용하는 금융 기법입니다."
일본단기ETF시장,"일본 시장의 단기 ETF 시장 방식으로, 투자자들이 활용하는 금융 기법입니다."
일본단기ETF상품,"일본 시장의 단기 ETF 상품 방식으로, 투자자들이 활용하는 금융 기법입니다."
일본단기ETF포트폴리오,"일본 시장의 단기 ETF 포트폴리오 방식으로, 투자자들이 활용하는 금융 기법입니다."
일본중기ETF투자,"일본 시장의 중기 ETF 투자 방식으로, 투자자들이 활용하는 금융 기법입니다."
일본중기ETF거래,"일본 시장의 중기 ETF 거래 방식으로, 투자자들이 활용하는 금융 기법입니다."
일본중기ETF시장,"일본 시장의 중기 ETF 시장 방식으로, 투자자들이 활용하는 금융 기법입니다."
일본중기ETF상품,"일본 시장의 중기 ETF 상품 방식으로, 투자자들이 활용하는 금융 기법입니다."
일본중기ETF포트폴리오,"일본 시장의 중기 ETF 포트폴리오 방식으로, 투자자들이 활용하는 금융 기법입니다."
일본장기ETF투자,"일본 시장의 장기 ETF 투자 방식으로, 투자자들이 활용하는 금융 기법입니다."
일본장기ETF거래,"일본 시장의 장기 ETF 거래 방식으로, 투자자들이 활용하는 금융 기법입니다."
일본장기ETF시장,"일본 시장의 장기 ETF 시장 방식으로, 투자자들이 활용하는 금융 기법입니다."
일본장기ETF상품,"일본 시장의 장기 ETF 상품 방식으로, 투자자들이 활용하는 금융 기법입니다."
일본장기ETF포트폴리오,"일본 시장의 장기 ETF 포트폴리오 방식으로, 투자자들이 활용하는 금융 기법입니다."
일본초단기ETF투자,"일본 시장의 초단기 ETF 투자 방식으로, 투자자들이 활용하는 금융 기법입니다."
일본초단기ETF거래,"일본 시장의 초단기 ETF 거래 방식으로, 투자자들이 활용하는 금융 기법입니다."
일본초단기ETF시장,"일본 시장의 초단기 ETF 시장 방식으로, 투자자들이 활용하는 금융 기법입니다."
일본초단기ETF상품,"일본 시장의 초단기 ETF 상품 방식으로, 투자자들이 활용하는 금융 기법입니다."
일본초단기ETF포트폴리오,"일본 시장의 초단기 ETF 포트폴리오 방식으로, 투자자들이 활용하는 금융 기법입니다."
일본초장기ETF투자,"일본 시장의 초장기 ETF 투자 방식으로, 투자자들이 활용하는 금융 기법입니다."
일본초장기ETF거래,"일본 시장의 초장기 ETF 거래 방식으로, 투자자들이 활용하는 금융 기법입니다."
일본초장기ETF시장,"일본 시장의 초장기 ETF 시장 방식으로, 투자자들이 활용하는 금융 기법입니다."
일본초장기ETF상품,"일본 시장의 초장기 ETF 상품 방식으로, 투자자들이 활용하는 금융 기법입니다."
일본초장기ETF포트폴리오,"일본 시장의 초장기 ETF 포트폴리오 방식으로, 투자자들이 활용하는 금융 기법입니다."
국내단기파생상품투자,"국내 시장의 단기 파생상품 투자 방식으로, 투자자들이 활용하는 금융 기법입니다."
국내단기파생상품거래,"국내 시장의 단기 파생상품 거래 방식으로, 투자자들이 활용하는 금융 기법입니다."
국내단기파생상품시장,"국내 시장의 단기 파생상품 시장 방식으로, 투자자들이 활용하는 금융 기법입니다."
국내단기파생상품상품,"국내 시장의 단기 파생상품 상품 방식으로, 투자자들이 활용하는 금융 기법입니다."
국내단기파생상품포트폴리오,"국내 시장의 단기 파생상품 포트폴리오 방식으로, 투자자들이 활용하는 금융 기법입니다."
국내중기파생상품투자,"국내 시장의 중기 파생상품 투자 방식으로, 투자자들이 활용하는 금융 기법입니다."
국내중기파생상품거래,"국내 시장의 중기 파생상품 거래 방식으로, 투자자들이 활용하는 금융 기법입니다."
국내중기파생상품시장,"국내 시장의 중기 파생상품 시장 방식으로, 투자자들이 활용하는 금융 기법입니다."
국내중기파생상품상품,"국내 시장의 중기 파생상품 상품 방식으로, 투자자들이 활용하는 금융 기법입니다."
국내중기파생상품포트폴리오,"국내 시장의 중기 파생상품 포트폴리오 방식으로, 투자자들이 활용하는 금융 기법입니다."
국내장기파생상품투자,"국내 시장의 장기 파생상품 투자 방식으로, 투자자들이 활용하는 금융 기법입니다."
국내장기파생상품거래,"국내 시장의 장기 파생상품 거래 방식으로, 투자자들이 활용하는 금융 기법입니다."
국내장기파생상품시장,"국내 시장의 장기 파생상품 시장 방식으로, 투자자들이 활용하는 금융 기법입니다."
국내장기파생상품상품,"국내 시장의 장기 파생상품 상품 방식으로, 투자자들이 활용하는 금융 기법입니다."
국내장기파생상품포트폴리오,"국내 시장의 장기 파생상품 포트폴리오 방식으로, 투자자들이 활용하는 금융 기법입니다."
국내초단기파생상품투자,"국내 시장의 초단기 파생상품 투자 방식으로, 투자자들이 활용하는 금융 기법입니다."
국내초단기파생상품거래,"국내 시장의 초단기 파생상품 거래 방식으로, 투자자들이 활용하는 금융 기법입니다."
국내초단기파생상품시장,"국내 시장의 초단기 파생상품 시장 방식으로, 투자자들이 활용하는 금융 기법입니다."
국내초단기파생상품상품,"국내 시장의 초단기 파생상품 상품 방식으로, 투자자들이 활용하는 금융 기법입니다."
국내초단기파생상품포트폴리오,"국내 시장의 초단기 파생상품 포트폴리오 방식으로, 투자자들이 활용하는 금융 기법입니다."
국내초장기파생상품투자,"국내 시장의 초장기 파생상품 투자 방식으로, 투자자들이 활용하는 금융 기법입니다."
국내초장기파생상품거래,"국내 시장의 초장기 파생상품 거래 방식으로, 투자자들이 활용하는 금융 기법입니다."
국내초장기파생상품시장,"국내 시장의 초장기 파생상품 시장 방식으로, 투자자들이 활용하는 금융 기법입니다."
국내초장기파생상품상품,"국내 시장의 초장기 파생상품 상품 방식으로, 투자자들이 활용하는 금융 기법입니다."
국내초장기파생상품포트폴리오,"국내 시장의 초장기 파생상품 포트폴리오 방식으로, 투자자들이 활용하는 금융 기법입니다."
해외단기파생상품투자,"해외 시장의 단기 파생상품 투자 방식으로, 투자자들이 활용하는 금융 기법입니다."
해외단기파생상품거래,"해외 시장의 단기 파생상품 거래 방식으로, 투자자들이 활용하는 금융 기법입니다."
해외단기파생상품시장,"해외 시장의 단기 파생상품 시장 방식으로, 투자자들이 활용하는 금융 기법입니다."
해외단기파생상품상품,"해외 시장의 단기 파생상품 상품 방식으로, 투자자들이 활용하는 금융 기법입니다."
해외단기파생상품포트폴리오,"해외 시장의 단기 파생상품 포트폴리오 방식으로, 투자자들이 활용하는 금융 기법입니다."
해외중기파생상품투자,"해외 시장의 중기 파생상품 투자 방식으로, 투자자들이 활용하는 금융 기법입니다."
해외중기파생상품거래,"해외 시장의 중기 파생상품 거래 방식으로, 투자자들이 활용하는 금융 기법입니다."
해외중기파생상품시장,"해외 시장의 중기 파생상품 시장 방식으로, 투자자들이 활용하는 금융 기법입니다."
해외중기파생상품상품,"해외 시장의 중기 파생상품 상품 방식으로, 투자자들이 활용하는 금융 기법입니다."
해외중기파생상품포트폴리오,"해외 시장의 중기 파생상품 포트폴리오 방식으로, 투자자들이 활용하는 금융 기법입니다."
해외장기파생상품투자,"해외 시장의 장기 파생상품 투자 방식으로, 투자자들이 활용하는 금융 기법입니다."
해외장기파생상품거래,"해외 시장의 장기 파생상품 거래 방식으로, 투자자들이 활용하는 금융 기법입니다."
해외장기파생상품시장,"해외 시장의 장기 파생상품 시장 방식으로, 투자자들이 활용하는 금융 기법입니다."
해외장기파생상품상품,"해외 시장의 장기 파생상품 상품 방식으로, 투자자들이 활용하는 금융 기법입니다."
해외장기파생상품포트폴리오,"해외 시장의 장기 파생상품 포트폴리오 방식으로, 투자자들이 활용하는 금융 기법입니다."
해외초단기파생상품투자,"해외 시장의 초단기 파생상품 투자 방식으로, 투자자들이 활용하는 금융 기법입니다."
해외초단기파생상품거래,"해외 시장의 초단기 파생상품 거래 방식으로, 투자자들이 활용하는 금융 기법입니다."
해외초단기파생상품시장,"해외 시장의 초단기 파생상품 시장 방식으로, 투자자들이 활용하는 금융 기법입니다."
해외초단기파생상품상품,"해외 시장의 초단기 파생상품 상품 방식으로, 투자자들이 활용하는 금융 기법입니다."
해외초단기파생상품포트폴리오,"해외 시장의 초단기 파생상품 포트폴리오 방식으로, 투자자들이 활용하는 금융 기법입니다."
해외초장기파생상품투자,"해외 시장의 초장기 파생상품 투자 방식으로, 투자자들이 활용하는 금융 기법입니다."
해외초장기파생상품거래,"해외 시장의 초장기 파생상품 거래 방식으로, 투자자들이 활용하는 금융 기법입니다."
해외초장기파생상품시장,"해외 시장의 초장기 파생상품 시장 방식으로, 투자자들이 활용하는 금융 기법입니다."
해외초장기파생상품상품,"해외 시장의 초장기 파생상품 상품 방식으로, 투자자들이 활용하는 금융 기법입니다."
해외초장기파생상품포트폴리오,"해외 시장의 초장기 파생상품 포트폴리오 방식으로, 투자자들이 활용하는 금융 기법입니다."
글로벌단기파생상품투자,"글로벌 시장의 단기 파생상품 투자 방식으로, 투자자들이 활용하는 금융 기법입니다."
글로벌단기파생상품거래,"글로벌 시장의 단기 파생상품 거래 방식으로, 투자자들이 활용하는 금융 기법입니다."
글로벌단기파생상품시장,"글로벌 시장의 단기 파생상품 시장 방식으로, 투자자들이 활용하는 금융 기법입니다."
글로벌단기파생상품상품,"글로벌 시장의 단기 파생상품 상품 방식으로, 투자자들이 활용하는 금융 기법입니다."
글로벌단기파생상품포트폴리오,"글로벌 시장의 단기 파생상품 포트폴리오 방식으로, 투자자들이 활용하는 금융 기법입니다."
글로벌중기파생상품투자,"글로벌 시장의 중기 파생상품 투자 방식으로, 투자자들이 활용하는 금융 기법입니다."
글로벌중기파생상품거래,"글로벌 시장의 중기 파생상품 거래 방식으로, 투자자들이 활용하는 금융 기법입니다."
글로벌중기파생상품시장,"글로벌 시장의 중기 파생상품 시장 방식으로, 투자자들이 활용하는 금융 기법입니다."
글로벌중기파생상품상품,"글로벌 시장의 중기 파생상품 상품 방식으로, 투자자들이 활용하는 금융 기법입니다."
글로벌중기파생상품포트폴리오,"글로벌 시장의 중기 파생상품 포트폴리오 방식으로, 투자자들이 활용하는 금융 기법입니다."
글로벌장기파생상품투자,"글로벌 시장의 장기 파생상품 투자 방식으로, 투자자들이 활용하는 금융 기법입니다."
글로벌장기파생상품거래,"글로벌 시장의 장기 파생상품 거래 방식으로, 투자자들이 활용하는 금융 기법입니다."
글로벌장기파생상품시장,"글로벌 시장의 장기 파생상품 시장 방식으로, 투자자들이 활용하는 금융 기법입니다."
글로벌장기파생상품상품,"글로벌 시장의 장기 파생상품 상품 방식으로, 투자자들이 활용하는 금융 기법입니다."
글로벌장기파생상품포트폴리오,"글로벌 시장의 장기 파생상품 포트폴리오 방식으로, 투자자들이 활용하는 금융 기법입니다."
글로벌초단기파생상품투자,"글로벌 시장의 초단기 파생상품 투자 방식으로, 투자자들이 활용하는 금융 기법입니다."
글로벌초단기파생상품거래,"글로벌 시장의 초단기 파생상품 거래 방식으로, 투자자들이 활용하는 금융 기법입니다."
글로벌초단기파생상품시장,"글로벌 시장의 초단기 파생상품 시장 방식으로, 투자자들이 활용하는 금융 기법입니다."
글로벌초단기파생상품상품,"글로벌 시장의 초단기 파생상품 상품 방식으로, 투자자들이 활용하는 금융 기법입니다."
글로벌초단기파생상품포트폴리오,"글로벌 시장의 초단기 파생상품 포트폴리오 방식으로, 투자자들이 활용하는 금융 기법입니다."
글로벌초장기파생상품투자,"글로벌 시장의 초장기 파생상품 투자 방식으로, 투자자들이 활용하는 금융 기법입니다."
글로벌초장기파생상품거래,"글로벌 시장의 초장기 파생상품 거래 방식으로, 투자자들이 활용하는 금융 기법입니다."
글로벌초장기파생상품시장,"글로벌 시장의 초장기 파생상품 시장 방식으로, 투자자들이 활용하는 금융 기법입니다."
글로벌초장기파생상품상품,"글로벌 시장의 초장기 파생상품 상품 방식으로, 투자자들이 활용하는 금융 기법입니다."
글로벌초장기파생상품포트폴리오,"글로벌 시장의 초장기 파생상품 포트폴리오 방식으로, 투자자들이 활용하는 금융 기법입니다."
미국단기파생상품투자,"미국 시장의 단기 파생상품 투자 방식으로, 투자자들이 활용하는 금융 기법입니다."
미국단기파생상품거래,"미국 시장의 단기 파생상품 거래 방식으로, 투자자들이 활용하는 금융 기법입니다."
미국단기파생상품시장,"미국 시장의 단기 파생상품 시장 방식으로, 투자자들이 활용하는 금융 기법입니다."
미국단기파생상품상품,"미국 시장의 단기 파생상품 상품 방식으로, 투자자들이 활용하는 금융 기법입니다."
미국단기파생상품포트폴리오,"미국 시장의 단기 파생상품 포트폴리오 방식으로, 투자자들이 활용하는 금융 기법입니다."
미국중기파생상품투자,"미국 시장의 중기 파생상품 투자 방식으로, 투자자들이 활용하는 금융 기법입니다."
미국중기파생상품거래,"미국 시장의 중기 파생상품 거래 방식으로, 투자자들이 활용하는 금융 기법입니다."
미국중기파생상품시장,"미국 시장의 중기 파생상품 시장 방식으로, 투자자들이 활용하는 금융 기법입니다."
미국중기파생상품상품,"미국 시장의 중기 파생상품 상품 방식으로, 투자자들이 활용하는 금융 기법입니다."
미국중기파생상품포트폴리오,"미국 시장의 중기 파생상품 포트폴리오 방식으로, 투자자들이 활용하는 금융 기법입니다."
미국장기파생상품투자,"미국 시장의 장기 파생상품 투자 방식으로, 투자자들이 활용하는 금융 기법입니다."
미국장기파생상품거래,"미국 시장의 장기 파생상품 거래 방식으로, 투자자들이 활용하는 금융 기법입니다."
미국장기파생상품시장,"미국 시장의 장기 파생상품 시장 방식으로, 투자자들이 활용하는 금융 기법입니다."
미국장기파생상품상품,"미국 시장의 장기 파생상품 상품 방식으로, 투자자들이 활용하는 금융 기법입니다."
미국장기파생상품포트폴리오,"미국 시장의 장기 파생상품 포트폴리오 방식으로, 투자자들이 활용하는 금융 기법입니다."
미국초단기파생상품투자,"미국 시장의 초단기 파생상품 투자 방식으로, 투자자들이 활용하는 금융 기법입니다."
미국초단기파생상품거래,"미국 시장의 초단기 파생상품 거래 방식으로, 투자자들이 활용하는 금융 기법입니다."
미국초단기파생상품시장,"미국 시장의 초단기 파생상품 시장 방식으로, 투자자들이 활용하는 금융 기법입니다."
미국초단기파생상품상품,"미국 시장의 초단기 파생상품 상품 방식으로, 투자자들이 활용하는 금융 기법입니다."
미국초단기파생상품포트폴리오,"미국 시장의 초단기 파생상품 포트폴리오 방식으로, 투자자들이 활용하는 금융 기법입니다."
미국초장기파생상품투자,"미국 시장의 초장기 파생상품 투자 방식으로, 투자자들이 활용하는 금융 기법입니다."
미국초장기파생상품거래,"미국 시장의 초장기 파생상품 거래 방식으로, 투자자들이 활용하는 금융 기법입니다."
미국초장기파생상품시장,"미국 시장의 초장기 파생상품 시장 방식으로, 투자자들이 활용하는 금융 기법입니다."
미국초장기파생상품상품,"미국 시장의 초장기 파생상품 상품 방식으로, 투자자들이 활용하는 금융 기법입니다."
미국초장기파생상품포트폴리오,"미국 시장의 초장기 파생상품 포트폴리오 방식으로, 투자자들이 활용하는 금융 기법입니다."
유럽단기파생상품투자,"유럽 시장의 단기 파생상품 투자 방식으로, 투자자들이 활용하는 금융 기법입니다."
유럽단기파생상품거래,"유럽 시장의 단기 파생상품 거래 방식으로, 투자자들이 활용하는 금융 기법입니다."
유럽단기파생상품시장,"유럽 시장의 단기 파생상품 시장 방식으로, 투자자들이 활용하는 금융 기법입니다."
유럽단기파생상품상품,"유럽 시장의 단기 파생상품 상품 방식으로, 투자자들이 활용하는 금융 기법입니다."
유럽단기파생상품포트폴리오,"유럽 시장의 단기 파생상품 포트폴리오 방식으로, 투자자들이 활용하는 금융 기법입니다."
유럽중기파생상품투자,"유럽 시장의 중기 파생상품 투자 방식으로, 투자자들이 활용하는 금융 기법입니다."
유럽중기파생상품거래,"유럽 시장의 중기 파생상품 거래 방식으로, 투자자들이 활용하는 금융 기법입니다."
유럽중기파생상품시장,"유럽 시장의 중기 파생상품 시장 방식으로, 투자자들이 활용하는 금융 기법입니다."
유럽중기파생상품상품,"유럽 시장의 중기 파생상품 상품 방식으로, 투자자들이 활용하는 금융 기법입니다."
유럽중기파생상품포트폴리오,"유럽 시장의 중기 파생상품 포트폴리오 방식으로, 투자자들이 활용하는 금융 기법입니다."
유럽장기파생상품투자,"유럽 시장의 장기 파생상품 투자 방식으로, 투자자들이 활용하는 금융 기법입니다."
유럽장기파생상품거래,"유럽 시장의 장기 파생상품 거래 방식으로, 투자자들이 활용하는 금융 기법입니다."
유럽장기파생상품시장,"유럽 시장의 장기 파생상품 시장 방식으로, 투자자들이 활용하는 금융 기법입니다."
유럽장기파생상품상품,"유럽 시장의 장기 파생상품 상품 방식으로, 투자자들이 활용하는 금융 기법입니다."
유럽장기파생상품포트폴리오,"유럽 시장의 장기 파생상품 포트폴리오 방식으로, 투자자들이 활용하는 금융 기법입니다."
유럽초단기파생상품투자,"유럽 시장의 초단기 파생상품 투자 방식으로, 투자자들이 활용하는 금융 기법입니다."
유럽초단기파생상품거래,"유럽 시장의 초단기 파생상품 거래 방식으로, 투자자들이 활용하는 금융 기법입니다."
유럽초단기파생상품시장,"유럽 시장의 초단기 파생상품 시장 방식으로, 투자자들이 활용하는 금융 기법입니다."
유럽초단기파생상품상품,"유럽 시장의 초단기 파생상품 상품 방식으로, 투자자들이 활용하는 금융 기법입니다."
유럽초단기파생상품포트폴리오,"유럽 시장의 초단기 파생상품 포트폴리오 방식으로, 투자자들이 활용하는 금융 기법입니다."
유럽초장기파생상품투자,"유럽 시장의 초장기 파생상품 투자 방식으로, 투자자들이 활용하는 금융 기법입니다."
유럽초장기파생상품거래,"유럽 시장의 초장기 파생상품 거래 방식으로, 투자자들이 활용하는 금융 기법입니다."
유럽초장기파생상품시장,"유럽 시장의 초장기 파생상품 시장 방식으로, 투자자들이 활용하는 금융 기법입니다."
유럽초장기파생상품상품,"유럽 시장의 초장기 파생상품 상품 방식으로, 투자자들이 활용하는 금융 기법입니다."
유럽초장기파생상품포트폴리오,"유럽 시장의 초장기 파생상품 포트폴리오 방식으로, 투자자들이 활용하는 금융 기법입니다."
아시아단기파생상품투자,"아시아 시장의 단기 파생상품 투자 방식으로, 투자자들이 활용하는 금융 기법입니다."
아시아단기파생상품거래,"아시아 시장의 단기 파생상품 거래 방식으로, 투자자들이 활용하는 금융 기법입니다."
아시아단기파생상품시장,"아시아 시장의 단기 파생상품 시장 방식으로, 투자자들이 활용하는 금융 기법입니다."
아시아단기파생상품상품,"아시아 시장의 단기 파생상품 상품 방식으로, 투자자들이 활용하는 금융 기법입니다."
아시아단기파생상품포트폴리오,"아시아 시장의 단기 파생상품 포트폴리오 방식으로, 투자자들이 활용하는 금융 기법입니다."
아시아중기파생상품투자,"아시아 시장의 중기 파생상품 투자 방식으로, 투자자들이 활용하는 금융 기법입니다."
아시아중기파생상품거래,"아시아 시장의 중기 파생상품 거래 방식으로, 투자자들이 활용하는 금융 기법입니다."
아시아중기파생상품시장,"아시아 시장의 중기 파생상품 시장 방식으로, 투자자들이 활용하는 금융 기법입니다."
아시아중기파생상품상품,"아시아 시장의 중기 파생상품 상품 방식으로, 투자자들이 활용하는 금융 기법입니다."
아시아중기파생상품포트폴리오,"아시아 시장의 중기 파생상품 포트폴리오 방식으로, 투자자들이 활용하는 금융 기법입니다."
아시아장기파생상품투자,"아시아 시장의 장기 파생상품 투자 방식으로, 투자자들이 활용하는 금융 기법입니다."
아시아장기파생상품거래,"아시아 시장의 장기 파생상품 거래 방식으로, 투자자들이 활용하는 금융 기법입니다."
아시아장기파생상품시장,"아시아 시장의 장기 파생상품 시장 방식으로, 투자자들이 활용하는 금융 기법입니다."
아시아장기파생상품상품,"아시아 시장의 장기 파생상품 상품 방식으로, 투자자들이 활용하는 금융 기법입니다."
아시아장기파생상품포트폴리오,"아시아 시장의 장기 파생상품 포트폴리오 방식으로, 투자자들이 활용하는 금융 기법입니다."
아시아초단기파생상품투자,"아시아 시장의 초단기 파생상품 투자 방식으로, 투자자들이 활용하는 금융 기법입니다."
아시아초단기파생상품거래,"아시아 시장의 초단기 파생상품 거래 방식으로, 투자자들이 활용하는 금융 기법입니다."
아시아초단기파생상품시장,"아시아 시장의 초단기 파생상품 시장 방식으로, 투자자들이 활용하는 금융 기법입니다."
아시아초단기파생상품상품,"아시아 시장의 초단기 파생상품 상품 방식으로, 투자자들이 활용하는 금융 기법입니다."
아시아초단기파생상품포트폴리오,"아시아 시장의 초단기 파생상품 포트폴리오 방식으로, 투자자들이 활용하는 금융 기법입니다."
아시아초장기파생상품투자,"아시아 시장의 초장기 파생상품 투자 방식으로, 투자자들이 활용하는 금융 기법입니다."
아시아초장기파생상품거래,"아시아 시장의 초장기 파생상품 거래 방식으로, 투자자들이 활용하는 금융 기법입니다."
아시아초장기파생상품시장,"아시아 시장의 초장기 파생상품 시장 방식으로, 투자자들이 활용하는 금융 기법입니다."
아시아초장기파생상품상품,"아시아 시장의 초장기 파생상품 상품 방식으로, 투자자들이 활용하는 금융 기법입니다."
아시아초장기파생상품포트폴리오,"아시아 시장의 초장기 파생상품 포트폴리오 방식으로, 투자자들이 활용하는 금융 기법입니다."
신흥국단기파생상품투자,"신흥국 시장의 단기 파생상품 투자 방식으로, 투자자들이 활용하는 금융 기법입니다."
신흥국단기파생상품거래,"신흥국 시장의 단기 파생상품 거래 방식으로, 투자자들이 활용하는 금융 기법입니다."
신흥국단기파생상품시장,"신흥국 시장의 단기 파생상품 시장 방식으로, 투자자들이 활용하는 금융 기법입니다."
신흥국단기파생상품상품,"신흥국 시장의 단기 파생상품 상품 방식으로, 투자자들이 활용하는 금융 기법입니다."
신흥국단기파생상품포트폴리오,"신흥국 시장의 단기 파생상품 포트폴리오 방식으로, 투자자들이 활용하는 금융 기법입니다."
신흥국중기파생상품투자,"신흥국 시장의 중기 파생상품 투자 방식으로, 투자자들이 활용하는 금융 기법입니다."
신흥국중기파생상품거래,"신흥국 시장의 중기 파생상품 거래 방식으로, 투자자들이 활용하는 금융 기법입니다."
신흥국중기파생상품시장,"신흥국 시장의 중기 파생상품 시장 방식으로, 투자자들이 활용하는 금융 기법입니다."
신흥국중기파생상품상품,"신흥국 시장의 중기 파생상품 상품 방식으로, 투자자들이 활용하는 금융 기법입니다."
신흥국중기파생상품포트폴리오,"신흥국 시장의 중기 파생상품 포트폴리오 방식으로, 투자자들이 활용하는 금융 기법입니다."
신흥국장기파생상품투자,"신흥국 시장의 장기 파생상품 투자 방식으로, 투자자들이 활용하는 금융 기법입니다."
신흥국장기파생상품거래,"신흥국 시장의 장기 파생상품 거래 방식으로, 투자자들이 활용하는 금융 기법입니다."
신흥국장기파생상품시장,"신흥국 시장의 장기 파생상품 시장 방식으로, 투자자들이 활용하는 금융 기법입니다."
신흥국장기파생상품상품,"신흥국 시장의 장기 파생상품 상품 방식으로, 투자자들이 활용하는 금융 기법입니다."
신흥국장기파생상품포트폴리오,"신흥국 시장의 장기 파생상품 포트폴리오 방식으로, 투자자들이 활용하는 금융 기법입니다."
신흥국초단기파생상품투자,"신흥국 시장의 초단기 파생상품 투자 방식으로, 투자자들이 활용하는 금융 기법입니다."
신흥국초단기파생상품거래,"신흥국 시장의 초단기 파생상품 거래 방식으로, 투자자들이 활용하는 금융 기법입니다."
신흥국초단기파생상품시장,"신흥국 시장의 초단기 파생상품 시장 방식으로, 투자자들이 활용하는 금융 기법입니다."
신흥국초단기파생상품상품,"신흥국 시장의 초단기 파생상품 상품 방식으로, 투자자들이 활용하는 금융 기법입니다."
신흥국초단기파생상품포트폴리오,"신흥국 시장의 초단기 파생상품 포트폴리오 방식으로, 투자자들이 활용하는 금융 기법입니다."
신흥국초장기파생상품투자,"신흥국 시장의 초장기 파생상품 투자 방식으로, 투자자들이 활용하는 금융 기법입니다."
신흥국초장기파생상품거래,"신흥국 시장의 초장기 파생상품 거래 방식으로, 투자자들이 활용하는 금융 기법입니다."
신흥국초장기파생상품시장,"신흥국 시장의 초장기 파생상품 시장 방식으로, 투자자들이 활용하는 금융 기법입니다."
신흥국초장기파생상품상품,"신흥국 시장의 초장기 파생상품 상품 방식으로, 투자자들이 활용하는 금융 기법입니다."
신흥국초장기파생상품포트폴리오,"신흥국 시장의 초장기 파생상품 포트폴리오 방식으로, 투자자들이 활용하는 금융 기법입니다."
선진국단기파생상품투자,"선진국 시장의 단기 파생상품 투자 방식으로, 투자자들이 활용하는 금융 기법입니다."
선진국단기파생상품거래,"선진국 시장의 단기 파생상품 거래 방식으로, 투자자들이 활용하는 금융 기법입니다."
선진국단기파생상품시장,"선진국 시장의 단기 파생상품 시장 방식으로, 투자자들이 활용하는 금융 기법입니다."
선진국단기파생상품상품,"선진국 시장의 단기 파생상품 상품 방식으로, 투자자들이 활용하는 금융 기법입니다."
선진국단기파생상품포트폴리오,"선진국 시장의 단기 파생상품 포트폴리오 방식으로, 투자자들이 활용하는 금융 기법입니다."
선진국중기파생상품투자,"선진국 시장의 중기 파생상품 투자 방식으로, 투자자들이 활용하는 금융 기법입니다."
선진국중기파생상품거래,"선진국 시장의 중기 파생상품 거래 방식으로, 투자자들이 활용하는 금융 기법입니다."
선진국중기파생상품시장,"선진국 시장의 중기 파생상품 시장 방식으로, 투자자들이 활용하는 금융 기법입니다."
선진국중기파생상품상품,"선진국 시장의 중기 파생상품 상품 방식으로, 투자자들이 활용하는 금융 기법입니다."
선진국중기파생상품포트폴리오,"선진국 시장의 중기 파생상품 포트폴리오 방식으로, 투자자들이 활용하는 금융 기법입니다."
선진국장기파생상품투자,"선진국 시장의 장기 파생상품 투자 방식으로, 투자자들이 활용하는 금융 기법입니다."
선진국장기파생상품거래,"선진국 시장의 장기 파생상품 거래 방식으로, 투자자들이 활용하는 금융 기법입니다."
선진국장기파생상품시장,"선진국 시장의 장기 파생상품 시장 방식으로, 투자자들이 활용하는 금융 기법입니다."
선진국장기파생상품상품,"선진국 시장의 장기 파생상품 상품 방식으로, 투자자들이 활용하는 금융 기법입니다."
선진국장기파생상품포트폴리오,"선진국 시장의 장기 파생상품 포트폴리오 방식으로, 투자자들이 활용하는 금융 기법입니다."
선진국초단기파생상품투자,"선진국 시장의 초단기 파생상품 투자 방식으로, 투자자들이 활용하는 금융 기법입니다."
선진국초단기파생상품거래,"선진국 시장의 초단기 파생상품 거래 방식으로, 투자자들이 활용하는 금융 기법입니다."
선진국초단기파생상품시장,"선진국 시장의 초단기 파생상품 시장 방식으로, 투자자들이 활용하는 금융 기법입니다."
선진국초단기파생상품상품,"선진국 시장의 초단기 파생상품 상품 방식으로, 투자자들이 활용하는 금융 기법입니다."
선진국초단기파생상품포트폴리오,"선진국 시장의 초단기 파생상품 포트폴리오 방식으로, 투자자들이 활용하는 금융 기법입니다."
선진국초장기파생상품투자,"선진국 시장의 초장기 파생상품 투자 방식으로, 투자자들이 활용하는 금융 기법입니다."
선진국초장기파생상품거래,"선진국 시장의 초장기 파생상품 거래 방식으로, 투자자들이 활용하는 금융 기법입니다."
선진국초장기파생상품시장,"선진국 시장의 초장기 파생상품 시장 방식으로, 투자자들이 활용하는 금융 기법입니다."
선진국초장기파생상품상품,"선진국 시장의 초장기 파생상품 상품 방식으로, 투자자들이 활용하는 금융 기법입니다."
선진국초장기파생상품포트폴리오,"선진국 시장의 초장기 파생상품 포트폴리오 방식으로, 투자자들이 활용하는 금융 기법입니다."
중국단기파생상품투자,"중국 시장의 단기 파생상품 투자 방식으로, 투자자들이 활용하는 금융 기법입니다."
중국단기파생상품거래,"중국 시장의 단기 파생상품 거래 방식으로, 투자자들이 활용하는 금융 기법입니다."
중국단기파생상품시장,"중국 시장의 단기 파생상품 시장 방식으로, 투자자들이 활용하는 금융 기법입니다."
중국단기파생상품상품,"중국 시장의 단기 파생상품 상품 방식으로, 투자자들이 활용하는 금융 기법입니다."
중국단기파생상품포트폴리오,"중국 시장의 단기 파생상품 포트폴리오 방식으로, 투자자들이 활용하는 금융 기법입니다."
중국중기파생상품투자,"중국 시장의 중기 파생상품 투자 방식으로, 투자자들이 활용하는 금융 기법입니다."
중국중기파생상품거래,"중국 시장의 중기 파생상품 거래 방식으로, 투자자들이 활용하는 금융 기법입니다."
중국중기파생상품시장,"중국 시장의 중기 파생상품 시장 방식으로, 투자자들이 활용하는 금융 기법입니다."
중국중기파생상품상품,"중국 시장의 중기 파생상품 상품 방식으로, 투자자들이 활용하는 금융 기법입니다."
중국중기파생상품포트폴리오,"중국 시장의 중기 파생상품 포트폴리오 방식으로, 투자자들이 활용하는 금융 기법입니다."
중국장기파생상품투자,"중국 시장의 장기 파생상품 투자 방식으로, 투자자들이 활용하는 금융 기법입니다."
중국장기파생상품거래,"중국 시장의 장기 파생상품 거래 방식으로, 투자자들이 활용하는 금융 기법입니다."
중국장기파생상품시장,"중국 시장의 장기 파생상품 시장 방식으로, 투자자들이 활용하는 금융 기법입니다."
중국장기파생상품상품,"중국 시장의 장기 파생상품 상품 방식으로, 투자자들이 활용하는 금융 기법입니다."
중국장기파생상품포트폴리오,"중국 시장의 장기 파생상품 포트폴리오 방식으로, 투자자들이 활용하는 금융 기법입니다."
중국초단기파생상품투자,"중국 시장의 초단기 파생상품 투자 방식으로, 투자자들이 활용하는 금융 기법입니다."
중국초단기파생상품거래,"중국 시장의 초단기 파생상품 거래 방식으로, 투자자들이 활용하는 금융 기법입니다."
중국초단기파생상품시장,"중국 시장의 초단기 파생상품 시장 방식으로, 투자자들이 활용하는 금융 기법입니다."
중국초단기파생상품상품,"중국 시장의 초단기 파생상품 상품 방식으로, 투자자들이 활용하는 금융 기법입니다."
중국초단기파생상품포트폴리오,"중국 시장의 초단기 파생상품 포트폴리오 방식으로, 투자자들이 활용하는 금융 기법입니다."
중국초장기파생상품투자,"중국 시장의 초장기 파생상품 투자 방식으로, 투자자들이 활용하는 금융 기법입니다."
중국초장기파생상품거래,"중국 시장의 초장기 파생상품 거래 방식으로, 투자자들이 활용하는 금융 기법입니다."
중국초장기파생상품시장,"중국 시장의 초장기 파생상품 시장 방식으로, 투자자들이 활용하는 금융 기법입니다."
중국초장기파생상품상품,"중국 시장의 초장기 파생상품 상품 방식으로, 투자자들이 활용하는 금융 기법입니다."
중국초장기파생상품포트폴리오,"중국 시장의 초장기 파생상품 포트폴리오 방식으로, 투자자들이 활용하는 금융 기법입니다."
일본단기파생상품투자,"일본 시장의 단기 파생상품 투자 방식으로, 투자자들이 활용하는 금융 기법입니다."
일본단기파생상품거래,"일본 시장의 단기 파생상품 거래 방식으로, 투자자들이 활용하는 금융 기법입니다."
일본단기파생상품시장,"일본 시장의 단기 파생상품 시장 방식으로, 투자자들이 활용하는 금융 기법입니다."
일본단기파생상품상품,"일본 시장의 단기 파생상품 상품 방식으로, 투자자들이 활용하는 금융 기법입니다."
일본단기파생상품포트폴리오,"일본 시장의 단기 파생상품 포트폴리오 방식으로, 투자자들이 활용하는 금융 기법입니다."
일본중기파생상품투자,"일본 시장의 중기 파생상품 투자 방식으로, 투자자들이 활용하는 금융 기법입니다."
일본중기파생상품거래,"일본 시장의 중기 파생상품 거래 방식으로, 투자자들이 활용하는 금융 기법입니다."
일본중기파생상품시장,"일본 시장의 중기 파생상품 시장 방식으로, 투자자들이 활용하는 금융 기법입니다."
일본중기파생상품상품,"일본 시장의 중기 파생상품 상품 방식으로, 투자자들이 활용하는 금융 기법입니다."
일본중기파생상품포트폴리오,"일본 시장의 중기 파생상품 포트폴리오 방식으로, 투자자들이 활용하는 금융 기법입니다."
일본장기파생상품투자,"일본 시장의 장기 파생상품 투자 방식으로, 투자자들이 활용하는 금융 기법입니다."
일본장기파생상품거래,"일본 시장의 장기 파생상품 거래 방식으로, 투자자들이 활용하는 금융 기법입니다."
일본장기파생상품시장,"일본 시장의 장기 파생상품 시장 방식으로, 투자자들이 활용하는 금융 기법입니다."
일본장기파생상품상품,"일본 시장의 장기 파생상품 상품 방식으로, 투자자들이 활용하는 금융 기법입니다."
일본장기파생상품포트폴리오,"일본 시장의 장기 파생상품 포트폴리오 방식으로, 투자자들이 활용하는 금융 기법입니다."
일본초단기파생상품투자,"일본 시장의 초단기 파생상품 투자 방식으로, 투자자들이 활용하는 금융 기법입니다."
일본초단기파생상품거래,"일본 시장의 초단기 파생상품 거래 방식으로, 투자자들이 활용하는 금융 기법입니다."
일본초단기파생상품시장,"일본 시장의 초단기 파생상품 시장 방식으로, 투자자들이 활용하는 금융 기법입니다."
일본초단기파생상품상품,"일본 시장의 초단기 파생상품 상품 방식으로, 투자자들이 활용하는 금융 기법입니다."
일본초단기파생상품포트폴리오,"일본 시장의 초단기 파생상품 포트폴리오 방식으로, 투자자들이 활용하는 금융 기법입니다."
일본초장기파생상품투자,"일본 시장의 초장기 파생상품 투자 방식으로, 투자자들이 활용하는 금융 기법입니다."
일본초장기파생상품거래,"일본 시장의 초장기 파생상품 거래 방식으로, 투자자들이 활용하는 금융 기법입니다."
일본초장기파생상품시장,"일본 시장의 초장기 파생상품 시장 방식으로, 투자자들이 활용하는 금융 기법입니다."
일본초장기파생상품상품,"일본 시장의 초장기 파생상품 상품 방식으로, 투자자들이 활용하는 금융 기법입니다."
일본초장기파생상품포트폴리오,"일본 시장의 초장기 파생상품 포트폴리오 방식으로, 투자자들이 활용하는 금융 기법입니다."
국내단기옵션투자,"국내 시장의 단기 옵션 투자 방식으로, 투자자들이 활용하는 금융 기법입니다."
국내단기옵션거래,"국내 시장의 단기 옵션 거래 방식으로, 투자자들이 활용하는 금융 기법입니다."
국내단기옵션시장,"국내 시장의 단기 옵션 시장 방식으로, 투자자들이 활용하는 금융 기법입니다."
국내단기옵션상품,"국내 시장의 단기 옵션 상품 방식으로, 투자자들이 활용하는 금융 기법입니다."
국내단기옵션포트폴리오,"국내 시장의 단기 옵션 포트폴리오 방식으로, 투자자들이 활용하는 금융 기법입니다."
국내중기옵션투자,"국내 시장의 중기 옵션 투자 방식으로, 투자자들이 활용하는 금융 기법입니다."
국내중기옵션거래,"국내 시장의 중기 옵션 거래 방식으로, 투자자들이 활용하는 금융 기법입니다."
국내중기옵션시장,"국내 시장의 중기 옵션 시장 방식으로, 투자자들이 활용하는 금융 기법입니다."
국내중기옵션상품,"국내 시장의 중기 옵션 상품 방식으로, 투자자들이 활용하는 금융 기법입니다."
국내중기옵션포트폴리오,"국내 시장의 중기 옵션 포트폴리오 방식으로, 투자자들이 활용하는 금융 기법입니다."
국내장기옵션투자,"국내 시장의 장기 옵션 투자 방식으로, 투자자들이 활용하는 금융 기법입니다."
국내장기옵션거래,"국내 시장의 장기 옵션 거래 방식으로, 투자자들이 활용하는 금융 기법입니다."
국내장기옵션시장,"국내 시장의 장기 옵션 시장 방식으로, 투자자들이 활용하는 금융 기법입니다."
국내장기옵션상품,"국내 시장의 장기 옵션 상품 방식으로, 투자자들이 활용하는 금융 기법입니다."
국내장기옵션포트폴리오,"국내 시장의 장기 옵션 포트폴리오 방식으로, 투자자들이 활용하는 금융 기법입니다."
국내초단기옵션투자,"국내 시장의 초단기 옵션 투자 방식으로, 투자자들이 활용하는 금융 기법입니다."
국내초단기옵션거래,"국내 시장의 초단기 옵션 거래 방식으로, 투자자들이 활용하는 금융 기법입니다."
국내초단기옵션시장,"국내 시장의 초단기 옵션 시장 방식으로, 투자자들이 활용하는 금융 기법입니다."
국내초단기옵션상품,"국내 시장의 초단기 옵션 상품 방식으로, 투자자들이 활용하는 금융 기법입니다."
국내초단기옵션포트폴리오,"국내 시장의 초단기 옵션 포트폴리오 방식으로, 투자자들이 활용하는 금융 기법입니다."
국내초장기옵션투자,"국내 시장의 초장기 옵션 투자 방식으로, 투자자들이 활용하는 금융 기법입니다."
국내초장기옵션거래,"국내 시장의 초장기 옵션 거래 방식으로, 투자자들이 활용하는 금융 기법입니다."
국내초장기옵션시장,"국내 시장의 초장기 옵션 시장 방식으로, 투자자들이 활용하는 금융 기법입니다."
국내초장기옵션상품,"국내 시장의 초장기 옵션 상품 방식으로, 투자자들이 활용하는 금융 기법입니다."
국내초장기옵션포트폴리오,"국내 시장의 초장기 옵션 포트폴리오 방식으로, 투자자들이 활용하는 금융 기법입니다."
해외단기옵션투자,"해외 시장의 단기 옵션 투자 방식으로, 투자자들이 활용하는 금융 기법입니다."
해외단기옵션거래,"해외 시장의 단기 옵션 거래 방식으로, 투자자들이 활용하는 금융 기법입니다."
해외단기옵션시장,"해외 시장의 단기 옵션 시장 방식으로, 투자자들이 활용하는 금융 기법입니다."
해외단기옵션상품,"해외 시장의 단기 옵션 상품 방식으로, 투자자들이 활용하는 금융 기법입니다."
해외단기옵션포트폴리오,"해외 시장의 단기 옵션 포트폴리오 방식으로, 투자자들이 활용하는 금융 기법입니다."
해외중기옵션투자,"해외 시장의 중기 옵션 투자 방식으로, 투자자들이 활용하는 금융 기법입니다."
해외중기옵션거래,"해외 시장의 중기 옵션 거래 방식으로, 투자자들이 활용하는 금융 기법입니다."
해외중기옵션시장,"해외 시장의 중기 옵션 시장 방식으로, 투자자들이 활용하는 금융 기법입니다."
해외중기옵션상품,"해외 시장의 중기 옵션 상품 방식으로, 투자자들이 활용하는 금융 기법입니다."
해외중기옵션포트폴리오,"해외 시장의 중기 옵션 포트폴리오 방식으로, 투자자들이 활용하는 금융 기법입니다."
해외장기옵션투자,"해외 시장의 장기 옵션 투자 방식으로, 투자자들이 활용하는 금융 기법입니다."
해외장기옵션거래,"해외 시장의 장기 옵션 거래 방식으로, 투자자들이 활용하는 금융 기법입니다."
해외장기옵션시장,"해외 시장의 장기 옵션 시장 방식으로, 투자자들이 활용하는 금융 기법입니다."
해외장기옵션상품,"해외 시장의 장기 옵션 상품 방식으로, 투자자들이 활용하는 금융 기법입니다."
해외장기옵션포트폴리오,"해외 시장의 장기 옵션 포트폴리오 방식으로, 투자자들이 활용하는 금융 기법입니다."
해외초단기옵션투자,"해외 시장의 초단기 옵션 투자 방식으로, 투자자들이 활용하는 금융 기법입니다."
해외초단기옵션거래,"해외 시장의 초단기 옵션 거래 방식으로, 투자자들이 활용하는 금융 기법입니다."
해외초단기옵션시장,"해외 시장의 초단기 옵션 시장 방식으로, 투자자들이 활용하는 금융 기법입니다."
해외초단기옵션상품,"해외 시장의 초단기 옵션 상품 방식으로, 투자자들이 활용하는 금융 기법입니다."
해외초단기옵션포트폴리오,"해외 시장의 초단기 옵션 포트폴리오 방식으로, 투자자들이 활용하는 금융 기법입니다."
해외초장기옵션투자,"해외 시장의 초장기 옵션 투자 방식으로, 투자자들이 활용하는 금융 기법입니다."
해외초장기옵션거래,"해외 시장의 초장기 옵션 거래 방식으로, 투자자들이 활용하는 금융 기법입니다."
해외초장기옵션시장,"해외 시장의 초장기 옵션 시장 방식으로, 투자자들이 활용하는 금융 기법입니다."
해외초장기옵션상품,"해외 시장의 초장기 옵션 상품 방식으로, 투자자들이 활용하는 금융 기법입니다."
해외초장기옵션포트폴리오,"해외 시장의 초장기 옵션 포트폴리오 방식으로, 투자자들이 활용하는 금융 기법입니다."
글로벌단기옵션투자,"글로벌 시장의 단기 옵션 투자 방식으로, 투자자들이 활용하는 금융 기법입니다."
글로벌단기옵션거래,"글로벌 시장의 단기 옵션 거래 방식으로, 투자자들이 활용하는 금융 기법입니다."
글로벌단기옵션시장,"글로벌 시장의 단기 옵션 시장 방식으로, 투자자들이 활용하는 금융 기법입니다."
글로벌단기옵션상품,"글로벌 시장의 단기 옵션 상품 방식으로, 투자자들이 활용하는 금융 기법입니다."
글로벌단기옵션포트폴리오,"글로벌 시장의 단기 옵션 포트폴리오 방식으로, 투자자들이 활용하는 금융 기법입니다."
글로벌중기옵션투자,"글로벌 시장의 중기 옵션 투자 방식으로, 투자자들이 활용하는 금융 기법입니다."
글로벌중기옵션거래,"글로벌 시장의 중기 옵션 거래 방식으로, 투자자들이 활용하는 금융 기법입니다."
글로벌중기옵션시장,"글로벌 시장의 중기 옵션 시장 방식으로, 투자자들이 활용하는 금융 기법입니다."
글로벌중기옵션상품,"글로벌 시장의 중기 옵션 상품 방식으로, 투자자들이 활용하는 금융 기법입니다."
글로벌중기옵션포트폴리오,"글로벌 시장의 중기 옵션 포트폴리오 방식으로, 투자자들이 활용하는 금융 기법입니다."
글로벌장기옵션투자,"글로벌 시장의 장기 옵션 투자 방식으로, 투자자들이 활용하는 금융 기법입니다."
글로벌장기옵션거래,"글로벌 시장의 장기 옵션 거래 방식으로, 투자자들이 활용하는 금융 기법입니다."
글로벌장기옵션시장,"글로벌 시장의 장기 옵션 시장 방식으로, 투자자들이 활용하는 금융 기법입니다."
글로벌장기옵션상품,"글로벌 시장의 장기 옵션 상품 방식으로, 투자자들이 활용하는 금융 기법입니다."
글로벌장기옵션포트폴리오,"글로벌 시장의 장기 옵션 포트폴리오 방식으로, 투자자들이 활용하는 금융 기법입니다."
글로벌초단기옵션투자,"글로벌 시장의 초단기 옵션 투자 방식으로, 투자자들이 활용하는 금융 기법입니다."
글로벌초단기옵션거래,"글로벌 시장의 초단기 옵션 거래 방식으로, 투자자들이 활용하는 금융 기법입니다."
글로벌초단기옵션시장,"글로벌 시장의 초단기 옵션 시장 방식으로, 투자자들이 활용하는 금융 기법입니다."
글로벌초단기옵션상품,"글로벌 시장의 초단기 옵션 상품 방식으로, 투자자들이 활용하는 금융 기법입니다."
글로벌초단기옵션포트폴리오,"글로벌 시장의 초단기 옵션 포트폴리오 방식으로, 투자자들이 활용하는 금융 기법입니다."
글로벌초장기옵션투자,"글로벌 시장의 초장기 옵션 투자 방식으로, 투자자들이 활용하는 금융 기법입니다."
글로벌초장기옵션거래,"글로벌 시장의 초장기 옵션 거래 방식으로, 투자자들이 활용하는 금융 기법입니다."
글로벌초장기옵션시장,"글로벌 시장의 초장기 옵션 시장 방식으로, 투자자들이 활용하는 금융 기법입니다."
글로벌초장기옵션상품,"글로벌 시장의 초장기 옵션 상품 방식으로, 투자자들이 활용하는 금융 기법입니다."
글로벌초장기옵션포트폴리오,"글로벌 시장의 초장기 옵션 포트폴리오 방식으로, 투자자들이 활용하는 금융 기법입니다."
미국단기옵션투자,"미국 시장의 단기 옵션 투자 방식으로, 투자자들이 활용하는 금융 기법입니다."
미국단기옵션거래,"미국 시장의 단기 옵션 거래 방식으로, 투자자들이 활용하는 금융 기법입니다."
미국단기옵션시장,"미국 시장의 단기 옵션 시장 방식으로, 투자자들이 활용하는 금융 기법입니다."
미국단기옵션상품,"미국 시장의 단기 옵션 상품 방식으로, 투자자들이 활용하는 금융 기법입니다."
미국단기옵션포트폴리오,"미국 시장의 단기 옵션 포트폴리오 방식으로, 투자자들이 활용하는 금융 기법입니다."
미국중기옵션투자,"미국 시장의 중기 옵션 투자 방식으로, 투자자들이 활용하는 금융 기법입니다."
미국중기옵션거래,"미국 시장의 중기 옵션 거래 방식으로, 투자자들이 활용하는 금융 기법입니다."
미국중기옵션시장,"미국 시장의 중기 옵션 시장 방식으로, 투자자들이 활용하는 금융 기법입니다."
미국중기옵션상품,"미국 시장의 중기 옵션 상품 방식으로, 투자자들이 활용하는 금융 기법입니다."
미국중기옵션포트폴리오,"미국 시장의 중기 옵션 포트폴리오 방식으로, 투자자들이 활용하는 금융 기법입니다."
미국장기옵션투자,"미국 시장의 장기 옵션 투자 방식으로, 투자자들이 활용하는 금융 기법입니다."
미국장기옵션거래,"미국 시장의 장기 옵션 거래 방식으로, 투자자들이 활용하는 금융 기법입니다."
미국장기옵션시장,"미국 시장의 장기 옵션 시장 방식으로, 투자자들이 활용하는 금융 기법입니다."
미국장기옵션상품,"미국 시장의 장기 옵션 상품 방식으로, 투자자들이 활용하는 금융 기법입니다."
미국장기옵션포트폴리오,"미국 시장의 장기 옵션 포트폴리오 방식으로, 투자자들이 활용하는 금융 기법입니다."
미국초단기옵션투자,"미국 시장의 초단기 옵션 투자 방식으로, 투자자들이 활용하는 금융 기법입니다."
미국초단기옵션거래,"미국 시장의 초단기 옵션 거래 방식으로, 투자자들이 활용하는 금융 기법입니다."
미국초단기옵션시장,"미국 시장의 초단기 옵션 시장 방식으로, 투자자들이 활용하는 금융 기법입니다."
미국초단기옵션상품,"미국 시장의 초단기 옵션 상품 방식으로, 투자자들이 활용하는 금융 기법입니다."
미국초단기옵션포트폴리오,"미국 시장의 초단기 옵션 포트폴리오 방식으로, 투자자들이 활용하는 금융 기법입니다."
미국초장기옵션투자,"미국 시장의 초장기 옵션 투자 방식으로, 투자자들이 활용하는 금융 기법입니다."
미국초장기옵션거래,"미국 시장의 초장기 옵션 거래 방식으로, 투자자들이 활용하는 금융 기법입니다."
미국초장기옵션시장,"미국 시장의 초장기 옵션 시장 방식으로, 투자자들이 활용하는 금융 기법입니다."
미국초장기옵션상품,"미국 시장의 초장기 옵션 상품 방식으로, 투자자들이 활용하는 금융 기법입니다."
미국초장기옵션포트폴리오,"미국 시장의 초장기 옵션 포트폴리오 방식으로, 투자자들이 활용하는 금융 기법입니다."
유럽단기옵션투자,"유럽 시장의 단기 옵션 투자 방식으로, 투자자들이 활용하는 금융 기법입니다."
유럽단기옵션거래,"유럽 시장의 단기 옵션 거래 방식으로, 투자자들이 활용하는 금융 기법입니다."
유럽단기옵션시장,"유럽 시장의 단기 옵션 시장 방식으로, 투자자들이 활용하는 금융 기법입니다."
유럽단기옵션상품,"유럽 시장의 단기 옵션 상품 방식으로, 투자자들이 활용하는 금융 기법입니다."
유럽단기옵션포트폴리오,"유럽 시장의 단기 옵션 포트폴리오 방식으로, 투자자들이 활용하는 금융 기법입니다."
유럽중기옵션투자,"유럽 시장의 중기 옵션 투자 방식으로, 투자자들이 활용하는 금융 기법입니다."
유럽중기옵션거래,"유럽 시장의 중기 옵션 거래 방식으로, 투자자들이 활용하는 금융 기법입니다."
유럽중기옵션시장,"유럽 시장의 중기 옵션 시장 방식으로, 투자자들이 활용하는 금융 기법입니다."
유럽중기옵션상품,"유럽 시장의 중기 옵션 상품 방식으로, 투자자들이 활용하는 금융 기법입니다."
유럽중기옵션포트폴리오,"유럽 시장의 중기 옵션 포트폴리오 방식으로, 투자자들이 활용하는 금융 기법입니다."
유럽장기옵션투자,"유럽 시장의 장기 옵션 투자 방식으로, 투자자들이 활용하는 금융 기법입니다."
유럽장기옵션거래,"유럽 시장의 장기 옵션 거래 방식으로, 투자자들이 활용하는 금융 기법입니다."
유럽장기옵션시장,"유럽 시장의 장기 옵션 시장 방식으로, 투자자들이 활용하는 금융 기법입니다."
유럽장기옵션상품,"유럽 시장의 장기 옵션 상품 방식으로, 투자자들이 활용하는 금융 기법입니다."
유럽장기옵션포트폴리오,"유럽 시장의 장기 옵션 포트폴리오 방식으로, 투자자들이 활용하는 금융 기법입니다."
유럽초단기옵션투자,"유럽 시장의 초단기 옵션 투자 방식으로, 투자자들이 활용하는 금융 기법입니다."
유럽초단기옵션거래,"유럽 시장의 초단기 옵션 거래 방식으로, 투자자들이 활용하는 금융 기법입니다."
유럽초단기옵션시장,"유럽 시장의 초단기 옵션 시장 방식으로, 투자자들이 활용하는 금융 기법입니다."
유럽초단기옵션상품,"유럽 시장의 초단기 옵션 상품 방식으로, 투자자들이 활용하는 금융 기법입니다."
유럽초단기옵션포트폴리오,"유럽 시장의 초단기 옵션 포트폴리오 방식으로, 투자자들이 활용하는 금융 기법입니다."
유럽초장기옵션투자,"유럽 시장의 초장기 옵션 투자 방식으로, 투자자들이 활용하는 금융 기법입니다."
유럽초장기옵션거래,"유럽 시장의 초장기 옵션 거래 방식으로, 투자자들이 활용하는 금융 기법입니다."
유럽초장기옵션시장,"유럽 시장의 초장기 옵션 시장 방식으로, 투자자들이 활용하는 금융 기법입니다."
유럽초장기옵션상품,"유럽 시장의 초장기 옵션 상품 방식으로, 투자자들이 활용하는 금융 기법입니다."
유럽초장기옵션포트폴리오,"유럽 시장의 초장기 옵션 포트폴리오 방식으로, 투자자들이 활용하는 금융 기법입니다."
아시아단기옵션투자,"아시아 시장의 단기 옵션 투자 방식으로, 투자자들이 활용하는 금융 기법입니다."
아시아단기옵션거래,"아시아 시장의 단기 옵션 거래 방식으로, 투자자들이 활용하는 금융 기법입니다."
아시아단기옵션시장,"아시아 시장의 단기 옵션 시장 방식으로, 투자자들이 활용하는 금융 기법입니다."
아시아단기옵션상품,"아시아 시장의 단기 옵션 상품 방식으로, 투자자들이 활용하는 금융 기법입니다."
아시아단기옵션포트폴리오,"아시아 시장의 단기 옵션 포트폴리오 방식으로, 투자자들이 활용하는 금융 기법입니다."
아시아중기옵션투자,"아시아 시장의 중기 옵션 투자 방식으로, 투자자들이 활용하는 금융 기법입니다."
아시아중기옵션거래,"아시아 시장의 중기 옵션 거래 방식으로, 투자자들이 활용하는 금융 기법입니다."
아시아중기옵션시장,"아시아 시장의 중기 옵션 시장 방식으로, 투자자들이 활용하는 금융 기법입니다."
아시아중기옵션상품,"아시아 시장의 중기 옵션 상품 방식으로, 투자자들이 활용하는 금융 기법입니다."
아시아중기옵션포트폴리오,"아시아 시장의 중기 옵션 포트폴리오 방식으로, 투자자들이 활용하는 금융 기법입니다."
아시아장기옵션투자,"아시아 시장의 장기 옵션 투자 방식으로, 투자자들이 활용하는 금융 기법입니다."
아시아장기옵션거래,"아시아 시장의 장기 옵션 거래 방식으로, 투자자들이 활용하는 금융 기법입니다."
아시아장기옵션시장,"아시아 시장의 장기 옵션 시장 방식으로, 투자자들이 활용하는 금융 기법입니다."
아시아장기옵션상품,"아시아 시장의 장기 옵션 상품 방식으로, 투자자들이 활용하는 금융 기법입니다."
아시아장기옵션포트폴리오,"아시아 시장의 장기 옵션 포트폴리오 방식으로, 투자자들이 활용하는 금융 기법입니다."
아시아초단기옵션투자,"아시아 시장의 초단기 옵션 투자 방식으로, 투자자들이 활용하는 금융 기법입니다."
아시아초단기옵션거래,"아시아 시장의 초단기 옵션 거래 방식으로, 투자자들이 활용하는 금융 기법입니다."
아시아초단기옵션시장,"아시아 시장의 초단기 옵션 시장 방식으로, 투자자들이 활용하는 금융 기법입니다."
아시아초단기옵션상품,"아시아 시장의 초단기 옵션 상품 방식으로, 투자자들이 활용하는 금융 기법입니다."
아시아초단기옵션포트폴리오,"아시아 시장의 초단기 옵션 포트폴리오 방식으로, 투자자들이 활용하는 금융 기법입니다."
아시아초장기옵션투자,"아시아 시장의 초장기 옵션 투자 방식으로, 투자자들이 활용하는 금융 기법입니다."
아시아초장기옵션거래,"아시아 시장의 초장기 옵션 거래 방식으로, 투자자들이 활용하는 금융 기법입니다."
아시아초장기옵션시장,"아시아 시장의 초장기 옵션 시장 방식으로, 투자자들이 활용하는 금융 기법입니다."
아시아초장기옵션상품,"아시아 시장의 초장기 옵션 상품 방식으로, 투자자들이 활용하는 금융 기법입니다."
아시아초장기옵션포트폴리오,"아시아 시장의 초장기 옵션 포트폴리오 방식으로, 투자자들이 활용하는 금융 기법입니다."
신흥국단기옵션투자,"신흥국 시장의 단기 옵션 투자 방식으로, 투자자들이 활용하는 금융 기법입니다."
신흥국단기옵션거래,"신흥국 시장의 단기 옵션 거래 방식으로, 투자자들이 활용하는 금융 기법입니다."
신흥국단기옵션시장,"신흥국 시장의 단기 옵션 시장 방식으로, 투자자들이 활용하는 금융 기법입니다."
신흥국단기옵션상품,"신흥국 시장의 단기 옵션 상품 방식으로, 투자자들이 활용하는 금융 기법입니다."
신흥국단기옵션포트폴리오,"신흥국 시장의 단기 옵션 포트폴리오 방식으로, 투자자들이 활용하는 금융 기법입니다."
신흥국중기옵션투자,"신흥국 시장의 중기 옵션 투자 방식으로, 투자자들이 활용하는 금융 기법입니다."
신흥국중기옵션거래,"신흥국 시장의 중기 옵션 거래 방식으로, 투자자들이 활용하는 금융 기법입니다."
신흥국중기옵션시장,"신흥국 시장의 중기 옵션 시장 방식으로, 투자자들이 활용하는 금융 기법입니다."
신흥국중기옵션상품,"신흥국 시장의 중기 옵션 상품 방식으로, 투자자들이 활용하는 금융 기법입니다."
신흥국중기옵션포트폴리오,"신흥국 시장의 중기 옵션 포트폴리오 방식으로, 투자자들이 활용하는 금융 기법입니다."
신흥국장기옵션투자,"신흥국 시장의 장기 옵션 투자 방식으로, 투자자들이 활용하는 금융 기법입니다."
신흥국장기옵션거래,"신흥국 시장의 장기 옵션 거래 방식으로, 투자자들이 활용하는 금융 기법입니다."
신흥국장기옵션시장,"신흥국 시장의 장기 옵션 시장 방식으로, 투자자들이 활용하는 금융 기법입니다."
신흥국장기옵션상품,"신흥국 시장의 장기 옵션 상품 방식으로, 투자자들이 활용하는 금융 기법입니다."
신흥국장기옵션포트폴리오,"신흥국 시장의 장기 옵션 포트폴리오 방식으로, 투자자들이 활용하는 금융 기법입니다."
신흥국초단기옵션투자,"신흥국 시장의 초단기 옵션 투자 방식으로, 투자자들이 활용하는 금융 기법입니다."
신흥국초단기옵션거래,"신흥국 시장의 초단기 옵션 거래 방식으로, 투자자들이 활용하는 금융 기법입니다."
신흥국초단기옵션시장,"신흥국 시장의 초단기 옵션 시장 방식으로, 투자자들이 활용하는 금융 기법입니다."
신흥국초단기옵션상품,"신흥국 시장의 초단기 옵션 상품 방식으로, 투자자들이 활용하는 금융 기법입니다."
신흥국초단기옵션포트폴리오,"신흥국 시장의 초단기 옵션 포트폴리오 방식으로, 투자자들이 활용하는 금융 기법입니다."
신흥국초장기옵션투자,"신흥국 시장의 초장기 옵션 투자 방식으로, 투자자들이 활용하는 금융 기법입니다."
신흥국초장기옵션거래,"신흥국 시장의 초장기 옵션 거래 방식으로, 투자자들이 활용하는 금융 기법입니다."
신흥국초장기옵션시장,"신흥국 시장의 초장기 옵션 시장 방식으로, 투자자들이 활용하는 금융 기법입니다."
신흥국초장기옵션상품,"신흥국 시장의 초장기 옵션 상품 방식으로, 투자자들이 활용하는 금융 기법입니다."
신흥국초장기옵션포트폴리오,"신흥국 시장의 초장기 옵션 포트폴리오 방식으로, 투자자들이 활용하는 금융 기법입니다."
선진국단기옵션투자,"선진국 시장의 단기 옵션 투자 방식으로, 투자자들이 활용하는 금융 기법입니다."
선진국단기옵션거래,"선진국 시장의 단기 옵션 거래 방식으로, 투자자들이 활용하는 금융 기법입니다."
선진국단기옵션시장,"선진국 시장의 단기 옵션 시장 방식으로, 투자자들이 활용하는 금융 기법입니다."
선진국단기옵션상품,"선진국 시장의 단기 옵션 상품 방식으로, 투자자들이 활용하는 금융 기법입니다."
선진국단기옵션포트폴리오,"선진국 시장의 단기 옵션 포트폴리오 방식으로, 투자자들이 활용하는 금융 기법입니다."
선진국중기옵션투자,"선진국 시장의 중기 옵션 투자 방식으로, 투자자들이 활용하는 금융 기법입니다."
선진국중기옵션거래,"선진국 시장의 중기 옵션 거래 방식으로, 투자자들이 활용하는 금융 기법입니다."
선진국중기옵션시장,"선진국 시장의 중기 옵션 시장 방식으로, 투자자들이 활용하는 금융 기법입니다."
선진국중기옵션상품,"선진국 시장의 중기 옵션 상품 방식으로, 투자자들이 활용하는 금융 기법입니다."
선진국중기옵션포트폴리오,"선진국 시장의 중기 옵션 포트폴리오 방식으로, 투자자들이 활용하는 금융 기법입니다."
선진국장기옵션투자,"선진국 시장의 장기 옵션 투자 방식으로, 투자자들이 활용하는 금융 기법입니다."
선진국장기옵션거래,"선진국 시장의 장기 옵션 거래 방식으로, 투자자들이 활용하는 금융 기법입니다."
선진국장기옵션시장,"선진국 시장의 장기 옵션 시장 방식으로, 투자자들이 활용하는 금융 기법입니다."
선진국장기옵션상품,"선진국 시장의 장기 옵션 상품 방식으로, 투자자들이 활용하는 금융 기법입니다."
선진국장기옵션포트폴리오,"선진국 시장의 장기 옵션 포트폴리오 방식으로, 투자자들이 활용하는 금융 기법입니다."
선진국초단기옵션투자,"선진국 시장의 초단기 옵션 투자 방식으로, 투자자들이 활용하는 금융 기법입니다."
선진국초단기옵션거래,"선진국 시장의 초단기 옵션 거래 방식으로, 투자자들이 활용하는 금융 기법입니다."
선진국초단기옵션시장,"선진국 시장의 초단기 옵션 시장 방식으로, 투자자들이 활용하는 금융 기법입니다."
선진국초단기옵션상품,"선진국 시장의 초단기 옵션 상품 방식으로, 투자자들이 활용하는 금융 기법입니다."
선진국초단기옵션포트폴리오,"선진국 시장의 초단기 옵션 포트폴리오 방식으로, 투자자들이 활용하는 금융 기법입니다."
선진국초장기옵션투자,"선진국 시장의 초장기 옵션 투자 방식으로, 투자자들이 활용하는 금융 기법입니다."
선진국초장기옵션거래,"선진국 시장의 초장기 옵션 거래 방식으로, 투자자들이 활용하는 금융 기법입니다."
선진국초장기옵션시장,"선진국 시장의 초장기 옵션 시장 방식으로, 투자자들이 활용하는 금융 기법입니다."
선진국초장기옵션상품,"선진국 시장의 초장기 옵션 상품 방식으로, 투자자들이 활용하는 금융 기법입니다."
선진국초장기옵션포트폴리오,"선진국 시장의 초장기 옵션 포트폴리오 방식으로, 투자자들이 활용하는 금융 기법입니다."
중국단기옵션투자,"중국 시장의 단기 옵션 투자 방식으로, 투자자들이 활용하는 금융 기법입니다."
중국단기옵션거래,"중국 시장의 단기 옵션 거래 방식으로, 투자자들이 활용하는 금융 기법입니다."
중국단기옵션시장,"중국 시장의 단기 옵션 시장 방식으로, 투자자들이 활용하는 금융 기법입니다."
중국단기옵션상품,"중국 시장의 단기 옵션 상품 방식으로, 투자자들이 활용하는 금융 기법입니다."
중국단기옵션포트폴리오,"중국 시장의 단기 옵션 포트폴리오 방식으로, 투자자들이 활용하는 금융 기법입니다."
중국중기옵션투자,"중국 시장의 중기 옵션 투자 방식으로, 투자자들이 활용하는 금융 기법입니다."
중국중기옵션거래,"중국 시장의 중기 옵션 거래 방식으로, 투자자들이 활용하는 금융 기법입니다."
중국중기옵션시장,"중국 시장의 중기 옵션 시장 방식으로, 투자자들이 활용하는 금융 기법입니다."
중국중기옵션상품,"중국 시장의 중기 옵션 상품 방식으로, 투자자들이 활용하는 금융 기법입니다."
중국중기옵션포트폴리오,"중국 시장의 중기 옵션 포트폴리오 방식으로, 투자자들이 활용하는 금융 기법입니다."
중국장기옵션투자,"중국 시장의 장기 옵션 투자 방식으로, 투자자들이 활용하는 금융 기법입니다."
중국장기옵션거래,"중국 시장의 장기 옵션 거래 방식으로, 투자자들이 활용하는 금융 기법입니다."
중국장기옵션시장,"중국 시장의 장기 옵션 시장 방식으로, 투자자들이 활용하는 금융 기법입니다."
중국장기옵션상품,"중국 시장의 장기 옵션 상품 방식으로, 투자자들이 활용하는 금융 기법입니다."
중국장기옵션포트폴리오,"중국 시장의 장기 옵션 포트폴리오 방식으로, 투자자들이 활용하는 금융 기법입니다."
중국초단기옵션투자,"중국 시장의 초단기 옵션 투자 방식으로, 투자자들이 활용하는 금융 기법입니다."
중국초단기옵션거래,"중국 시장의 초단기 옵션 거래 방식으로, 투자자들이 활용하는 금융 기법입니다."
중국초단기옵션시장,"중국 시장의 초단기 옵션 시장 방식으로, 투자자들이 활용하는 금융 기법입니다."
중국초단기옵션상품,"중국 시장의 초단기 옵션 상품 방식으로, 투자자들이 활용하는 금융 기법입니다."
중국초단기옵션포트폴리오,"중국 시장의 초단기 옵션 포트폴리오 방식으로, 투자자들이 활용하는 금융 기법입니다."
중국초장기옵션투자,"중국 시장의 초장기 옵션 투자 방식으로, 투자자들이 활용하는 금융 기법입니다."
중국초장기옵션거래,"중국 시장의 초장기 옵션 거래 방식으로, 투자자들이 활용하는 금융 기법입니다."
중국초장기옵션시장,"중국 시장의 초장기 옵션 시장 방식으로, 투자자들이 활용하는 금융 기법입니다."
중국초장기옵션상품,"중국 시장의 초장기 옵션 상품 방식으로, 투자자들이 활용하는 금융 기법입니다."
중국초장기옵션포트폴리오,"중국 시장의 초장기 옵션 포트폴리오 방식으로, 투자자들이 활용하는 금융 기법입니다."
일본단기옵션투자,"일본 시장의 단기 옵션 투자 방식으로, 투자자들이 활용하는 금융 기법입니다."
일본단기옵션거래,"일본 시장의 단기 옵션 거래 방식으로, 투자자들이 활용하는 금융 기법입니다."
일본단기옵션시장,"일본 시장의 단기 옵션 시장 방식으로, 투자자들이 활용하는 금융 기법입니다."
일본단기옵션상품,"일본 시장의 단기 옵션 상품 방식으로, 투자자들이 활용하는 금융 기법입니다."
일본단기옵션포트폴리오,"일본 시장의 단기 옵션 포트폴리오 방식으로, 투자자들이 활용하는 금융 기법입니다."
일본중기옵션투자,"일본 시장의 중기 옵션 투자 방식으로, 투자자들이 활용하는 금융 기법입니다."
일본중기옵션거래,"일본 시장의 중기 옵션 거래 방식으로, 투자자들이 활용하는 금융 기법입니다."
일본중기옵션시장,"일본 시장의 중기 옵션 시장 방식으로, 투자자들이 활용하는 금융 기법입니다."
일본중기옵션상품,"일본 시장의 중기 옵션 상품 방식으로, 투자자들이 활용하는 금융 기법입니다."
일본중기옵션포트폴리오,"일본 시장의 중기 옵션 포트폴리오 방식으로, 투자자들이 활용하는 금융 기법입니다."
일본장기옵션투자,"일본 시장의 장기 옵션 투자 방식으로, 투자자들이 활용하는 금융 기법입니다."
일본장기옵션거래,"일본 시장의 장기 옵션 거래 방식으로, 투자자들이 활용하는 금융 기법입니다."
일본장기옵션시장,"일본 시장의 장기 옵션 시장 방식으로, 투자자들이 활용하는 금융 기법입니다."
일본장기옵션상품,"일본 시장의 장기 옵션 상품 방식으로, 투자자들이 활용하는 금융 기법입니다."
일본장기옵션포트폴리오,"일본 시장의 장기 옵션 포트폴리오 방식으로, 투자자들이 활용하는 금융 기법입니다."
일본초단기옵션투자,"일본 시장의 초단기 옵션 투자 방식으로, 투자자들이 활용하는 금융 기법입니다."
일본초단기옵션거래,"일본 시장의 초단기 옵션 거래 방식으로, 투자자들이 활용하는 금융 기법입니다."
일본초단기옵션시장,"일본 시장의 초단기 옵션 시장 방식으로, 투자자들이 활용하는 금융 기법입니다."
일본초단기옵션상품,"일본 시장의 초단기 옵션 상품 방식으로, 투자자들이 활용하는 금융 기법입니다."
일본초단기옵션포트폴리오,"일본 시장의 초단기 옵션 포트폴리오 방식으로, 투자자들이 활용하는 금융 기법입니다."
일본초장기옵션투자,"일본 시장의 초장기 옵션 투자 방식으로, 투자자들이 활용하는 금융 기법입니다."
일본초장기옵션거래,"일본 시장의 초장기 옵션 거래 방식으로, 투자자들이 활용하는 금융 기법입니다."
일본초장기옵션시장,"일본 시장의 초장기 옵션 시장 방식으로, 투자자들이 활용하는 금융 기법입니다."
일본초장기옵션상품,"일본 시장의 초장기 옵션 상품 방식으로, 투자자들이 활용하는 금융 기법입니다."
일본초장기옵션포트폴리오,"일본 시장의 초장기 옵션 포트폴리오 방식으로, 투자자들이 활용하는 금융 기법입니다."
국내단기선물투자,"국내 시장의 단기 선물 투자 방식으로, 투자자들이 활용하는 금융 기법입니다."
국내단기선물거래,"국내 시장의 단기 선물 거래 방식으로, 투자자들이 활용하는 금융 기법입니다."
국내단기선물시장,"국내 시장의 단기 선물 시장 방식으로, 투자자들이 활용하는 금융 기법입니다."
국내단기선물상품,"국내 시장의 단기 선물 상품 방식으로, 투자자들이 활용하는 금융 기법입니다."
국내단기선물포트폴리오,"국내 시장의 단기 선물 포트폴리오 방식으로, 투자자들이 활용하는 금융 기법입니다."
국내중기선물투자,"국내 시장의 중기 선물 투자 방식으로, 투자자들이 활용하는 금융 기법입니다."
국내중기선물거래,"국내 시장의 중기 선물 거래 방식으로, 투자자들이 활용하는 금융 기법입니다."
국내중기선물시장,"국내 시장의 중기 선물 시장 방식으로, 투자자들이 활용하는 금융 기법입니다."
국내중기선물상품,"국내 시장의 중기 선물 상품 방식으로, 투자자들이 활용하는 금융 기법입니다."
국내중기선물포트폴리오,"국내 시장의 중기 선물 포트폴리오 방식으로, 투자자들이 활용하는 금융 기법입니다."
국내장기선물투자,"국내 시장의 장기 선물 투자 방식으로, 투자자들이 활용하는 금융 기법입니다."
국내장기선물거래,"국내 시장의 장기 선물 거래 방식으로, 투자자들이 활용하는 금융 기법입니다."
국내장기선물시장,"국내 시장의 장기 선물 시장 방식으로, 투자자들이 활용하는 금융 기법입니다."
국내장기선물상품,"국내 시장의 장기 선물 상품 방식으로, 투자자들이 활용하는 금융 기법입니다."
국내장기선물포트폴리오,"국내 시장의 장기 선물 포트폴리오 방식으로, 투자자들이 활용하는 금융 기법입니다."
국내초단기선물투자,"국내 시장의 초단기 선물 투자 방식으로, 투자자들이 활용하는 금융 기법입니다."
국내초단기선물거래,"국내 시장의 초단기 선물 거래 방식으로, 투자자들이 활용하는 금융 기법입니다."
국내초단기선물시장,"국내 시장의 초단기 선물 시장 방식으로, 투자자들이 활용하는 금융 기법입니다."
국내초단기선물상품,"국내 시장의 초단기 선물 상품 방식으로, 투자자들이 활용하는 금융 기법입니다."
국내초단기선물포트폴리오,"국내 시장의 초단기 선물 포트폴리오 방식으로, 투자자들이 활용하는 금융 기법입니다."
국내초장기선물투자,"국내 시장의 초장기 선물 투자 방식으로, 투자자들이 활용하는 금융 기법입니다."
국내초장기선물거래,"국내 시장의 초장기 선물 거래 방식으로, 투자자들이 활용하는 금융 기법입니다."
국내초장기선물시장,"국내 시장의 초장기 선물 시장 방식으로, 투자자들이 활용하는 금융 기법입니다."
국내초장기선물상품,"국내 시장의 초장기 선물 상품 방식으로, 투자자들이 활용하는 금융 기법입니다."
국내초장기선물포트폴리오,"국내 시장의 초장기 선물 포트폴리오 방식으로, 투자자들이 활용하는 금융 기법입니다."
해외단기선물투자,"해외 시장의 단기 선물 투자 방식으로, 투자자들이 활용하는 금융 기법입니다."
해외단기선물거래,"해외 시장의 단기 선물 거래 방식으로, 투자자들이 활용하는 금융 기법입니다."
해외단기선물시장,"해외 시장의 단기 선물 시장 방식으로, 투자자들이 활용하는 금융 기법입니다."
해외단기선물상품,"해외 시장의 단기 선물 상품 방식으로, 투자자들이 활용하는 금융 기법입니다."
해외단기선물포트폴리오,"해외 시장의 단기 선물 포트폴리오 방식으로, 투자자들이 활용하는 금융 기법입니다."
해외중기선물투자,"해외 시장의 중기 선물 투자 방식으로, 투자자들이 활용하는 금융 기법입니다."
해외중기선물거래,"해외 시장의 중기 선물 거래 방식으로, 투자자들이 활용하는 금융 기법입니다."
해외중기선물시장,"해외 시장의 중기 선물 시장 방식으로, 투자자들이 활용하는 금융 기법입니다."
해외중기선물상품,"해외 시장의 중기 선물 상품 방식으로, 투자자들이 활용하는 금융 기법입니다."
해외중기선물포트폴리오,"해외 시장의 중기 선물 포트폴리오 방식으로, 투자자들이 활용하는 금융 기법입니다."
해외장기선물투자,"해외 시장의 장기 선물 투자 방식으로, 투자자들이 활용하는 금융 기법입니다."
해외장기선물거래,"해외 시장의 장기 선물 거래 방식으로, 투자자들이 활용하는 금융 기법입니다."
해외장기선물시장,"해외 시장의 장기 선물 시장 방식으로, 투자자들이 활용하는 금융 기법입니다."
해외장기선물상품,"해외 시장의 장기 선물 상품 방식으로, 투자자들이 활용하는 금융 기법입니다."
해외장기선물포트폴리오,"해외 시장의 장기 선물 포트폴리오 방식으로, 투자자들이 활용하는 금융 기법입니다."
해외초단기선물투자,"해외 시장의 초단기 선물 투자 방식으로, 투자자들이 활용하는 금융 기법입니다."
해외초단기선물거래,"해외 시장의 초단기 선물 거래 방식으로, 투자자들이 활용하는 금융 기법입니다."
해외초단기선물시장,"해외 시장의 초단기 선물 시장 방식으로, 투자자들이 활용하는 금융 기법입니다."
해외초단기선물상품,"해외 시장의 초단기 선물 상품 방식으로, 투자자들이 활용하는 금융 기법입니다."
해외초단기선물포트폴리오,"해외 시장의 초단기 선물 포트폴리오 방식으로, 투자자들이 활용하는 금융 기법입니다."
해외초장기선물투자,"해외 시장의 초장기 선물 투자 방식으로, 투자자들이 활용하는 금융 기법입니다."
해외초장기선물거래,"해외 시장의 초장기 선물 거래 방식으로, 투자자들이 활용하는 금융 기법입니다."
해외초장기선물시장,"해외 시장의 초장기 선물 시장 방식으로, 투자자들이 활용하는 금융 기법입니다."
해외초장기선물상품,"해외 시장의 초장기 선물 상품 방식으로, 투자자들이 활용하는 금융 기법입니다."
해외초장기선물포트폴리오,"해외 시장의 초장기 선물 포트폴리오 방식으로, 투자자들이 활용하는 금융 기법입니다."
글로벌단기선물투자,"글로벌 시장의 단기 선물 투자 방식으로, 투자자들이 활용하는 금융 기법입니다."
글로벌단기선물거래,"글로벌 시장의 단기 선물 거래 방식으로, 투자자들이 활용하는 금융 기법입니다."
글로벌단기선물시장,"글로벌 시장의 단기 선물 시장 방식으로, 투자자들이 활용하는 금융 기법입니다."
글로벌단기선물상품,"글로벌 시장의 단기 선물 상품 방식으로, 투자자들이 활용하는 금융 기법입니다."
글로벌단기선물포트폴리오,"글로벌 시장의 단기 선물 포트폴리오 방식으로, 투자자들이 활용하는 금융 기법입니다."
글로벌중기선물투자,"글로벌 시장의 중기 선물 투자 방식으로, 투자자들이 활용하는 금융 기법입니다."
글로벌중기선물거래,"글로벌 시장의 중기 선물 거래 방식으로, 투자자들이 활용하는 금융 기법입니다."
글로벌중기선물시장,"글로벌 시장의 중기 선물 시장 방식으로, 투자자들이 활용하는 금융 기법입니다."
글로벌중기선물상품,"글로벌 시장의 중기 선물 상품 방식으로, 투자자들이 활용하는 금융 기법입니다."
글로벌중기선물포트폴리오,"글로벌 시장의 중기 선물 포트폴리오 방식으로, 투자자들이 활용하는 금융 기법입니다."
글로벌장기선물투자,"글로벌 시장의 장기 선물 투자 방식으로, 투자자들이 활용하는 금융 기법입니다."
글로벌장기선물거래,"글로벌 시장의 장기 선물 거래 방식으로, 투자자들이 활용하는 금융 기법입니다."
글로벌장기선물시장,"글로벌 시장의 장기 선물 시장 방식으로, 투자자들이 활용하는 금융 기법입니다."
글로벌장기선물상품,"글로벌 시장의 장기 선물 상품 방식으로, 투자자들이 활용하는 금융 기법입니다."
글로벌장기선물포트폴리오,"글로벌 시장의 장기 선물 포트폴리오 방식으로, 투자자들이 활용하는 금융 기법입니다."
글로벌초단기선물투자,"글로벌 시장의 초단기 선물 투자 방식으로, 투자자들이 활용하는 금융 기법입니다."
글로벌초단기선물거래,"글로벌 시장의 초단기 선물 거래 방식으로, 투자자들이 활용하는 금융 기법입니다."
글로벌초단기선물시장,"글로벌 시장의 초단기 선물 시장 방식으로, 투자자들이 활용하는 금융 기법입니다."
글로벌초단기선물상품,"글로벌 시장의 초단기 선물 상품 방식으로, 투자자들이 활용하는 금융 기법입니다."
글로벌초단기선물포트폴리오,"글로벌 시장의 초단기 선물 포트폴리오 방식으로, 투자자들이 활용하는 금융 기법입니다."
글로벌초장기선물투자,"글로벌 시장의 초장기 선물 투자 방식으로, 투자자들이 활용하는 금융 기법입니다."
글로벌초장기선물거래,"글로벌 시장의 초장기 선물 거래 방식으로, 투자자들이 활용하는 금융 기법입니다."
글로벌초장기선물시장,"글로벌 시장의 초장기 선물 시장 방식으로, 투자자들이 활용하는 금융 기법입니다."
글로벌초장기선물상품,"글로벌 시장의 초장기 선물 상품 방식으로, 투자자들이 활용하는 금융 기법입니다."
글로벌초장기선물포트폴리오,"글로벌 시장의 초장기 선물 포트폴리오 방식으로, 투자자들이 활용하는 금융 기법입니다."
미국단기선물투자,"미국 시장의 단기 선물 투자 방식으로, 투자자들이 활용하는 금융 기법입니다."
미국단기선물거래,"미국 시장의 단기 선물 거래 방식으로, 투자자들이 활용하는 금융 기법입니다."
미국단기선물시장,"미국 시장의 단기 선물 시장 방식으로, 투자자들이 활용하는 금융 기법입니다."
미국단기선물상품,"미국 시장의 단기 선물 상품 방식으로, 투자자들이 활용하는 금융 기법입니다."
미국단기선물포트폴리오,"미국 시장의 단기 선물 포트폴리오 방식으로, 투자자들이 활용하는 금융 기법입니다."
미국중기선물투자,"미국 시장의 중기 선물 투자 방식으로, 투자자들이 활용하는 금융 기법입니다."
미국중기선물거래,"미국 시장의 중기 선물 거래 방식으로, 투자자들이 활용하는 금융 기법입니다."
미국중기선물시장,"미국 시장의 중기 선물 시장 방식으로, 투자자들이 활용하는 금융 기법입니다."
미국중기선물상품,"미국 시장의 중기 선물 상품 방식으로, 투자자들이 활용하는 금융 기법입니다."
미국중기선물포트폴리오,"미국 시장의 중기 선물 포트폴리오 방식으로, 투자자들이 활용하는 금융 기법입니다."
미국장기선물투자,"미국 시장의 장기 선물 투자 방식으로, 투자자들이 활용하는 금융 기법입니다."
미국장기선물거래,"미국 시장의 장기 선물 거래 방식으로, 투자자들이 활용하는 금융 기법입니다."
미국장기선물시장,"미국 시장의 장기 선물 시장 방식으로, 투자자들이 활용하는 금융 기법입니다."
미국장기선물상품,"미국 시장의 장기 선물 상품 방식으로, 투자자들이 활용하는 금융 기법입니다."
미국장기선물포트폴리오,"미국 시장의 장기 선물 포트폴리오 방식으로, 투자자들이 활용하는 금융 기법입니다."
미국초단기선물투자,"미국 시장의 초단기 선물 투자 방식으로, 투자자들이 활용하는 금융 기법입니다."
미국초단기선물거래,"미국 시장의 초단기 선물 거래 방식으로, 투자자들이 활용하는 금융 기법입니다."
미국초단기선물시장,"미국 시장의 초단기 선물 시장 방식으로, 투자자들이 활용하는 금융 기법입니다."
미국초단기선물상품,"미국 시장의 초단기 선물 상품 방식으로, 투자자들이 활용하는 금융 기법입니다."
미국초단기선물포트폴리오,"미국 시장의 초단기 선물 포트폴리오 방식으로, 투자자들이 활용하는 금융 기법입니다."
미국초장기선물투자,"미국 시장의 초장기 선물 투자 방식으로, 투자자들이 활용하는 금융 기법입니다."
미국초장기선물거래,"미국 시장의 초장기 선물 거래 방식으로, 투자자들이 활용하는 금융 기법입니다."
미국초장기선물시장,"미국 시장의 초장기 선물 시장 방식으로, 투자자들이 활용하는 금융 기법입니다."
미국초장기선물상품,"미국 시장의 초장기 선물 상품 방식으로, 투자자들이 활용하는 금융 기법입니다."
미국초장기선물포트폴리오,"미국 시장의 초장기 선물 포트폴리오 방식으로, 투자자들이 활용하는 금융 기법입니다."
유럽단기선물투자,"유럽 시장의 단기 선물 투자 방식으로, 투자자들이 활용하는 금융 기법입니다."
유럽단기선물거래,"유럽 시장의 단기 선물 거래 방식으로, 투자자들이 활용하는 금융 기법입니다."
유럽단기선물시장,"유럽 시장의 단기 선물 시장 방식으로, 투자자들이 활용하는 금융 기법입니다."
유럽단기선물상품,"유럽 시장의 단기 선물 상품 방식으로, 투자자들이 활용하는 금융 기법입니다."
유럽단기선물포트폴리오,"유럽 시장의 단기 선물 포트폴리오 방식으로, 투자자들이 활용하는 금융 기법입니다."
유럽중기선물투자,"유럽 시장의 중기 선물 투자 방식으로, 투자자들이 활용하는 금융 기법입니다."
유럽중기선물거래,"유럽 시장의 중기 선물 거래 방식으로, 투자자들이 활용하는 금융 기법입니다."
유럽중기선물시장,"유럽 시장의 중기 선물 시장 방식으로, 투자자들이 활용하는 금융 기법입니다."
유럽중기선물상품,"유럽 시장의 중기 선물 상품 방식으로, 투자자들이 활용하는 금융 기법입니다."
유럽중기선물포트폴리오,"유럽 시장의 중기 선물 포트폴리오 방식으로, 투자자들이 활용하는 금융 기법입니다."
유럽장기선물투자,"유럽 시장의 장기 선물 투자 방식으로, 투자자들이 활용하는 금융 기법입니다."
유럽장기선물거래,"유럽 시장의 장기 선물 거래 방식으로, 투자자들이 활용하는 금융 기법입니다."
유럽장기선물시장,"유럽 시장의 장기 선물 시장 방식으로, 투자자들이 활용하는 금융 기법입니다."
유럽장기선물상품,"유럽 시장의 장기 선물 상품 방식으로, 투자자들이 활용하는 금융 기법입니다."
유럽장기선물포트폴리오,"유럽 시장의 장기 선물 포트폴리오 방식으로, 투자자들이 활용하는 금융 기법입니다."
유럽초단기선물투자,"유럽 시장의 초단기 선물 투자 방식으로, 투자자들이 활용하는 금융 기법입니다."
유럽초단기선물거래,"유럽 시장의 초단기 선물 거래 방식으로, 투자자들이 활용하는 금융 기법입니다."
유럽초단기선물시장,"유럽 시장의 초단기 선물 시장 방식으로, 투자자들이 활용하는 금융 기법입니다."
유럽초단기선물상품,"유럽 시장의 초단기 선물 상품 방식으로, 투자자들이 활용하는 금융 기법입니다."
유럽초단기선물포트폴리오,"유럽 시장의 초단기 선물 포트폴리오 방식으로, 투자자들이 활용하는 금융 기법입니다."
유럽초장기선물투자,"유럽 시장의 초장기 선물 투자 방식으로, 투자자들이 활용하는 금융 기법입니다."
유럽초장기선물거래,"유럽 시장의 초장기 선물 거래 방식으로, 투자자들이 활용하는 금융 기법입니다."
유럽초장기선물시장,"유럽 시장의 초장기 선물 시장 방식으로, 투자자들이 활용하는 금융 기법입니다."
유럽초장기선물상품,"유럽 시장의 초장기 선물 상품 방식으로, 투자자들이 활용하는 금융 기법입니다."
유럽초장기선물포트폴리오,"유럽 시장의 초장기 선물 포트폴리오 방식으로, 투자자들이 활용하는 금융 기법입니다."
아시아단기선물투자,"아시아 시장의 단기 선물 투자 방식으로, 투자자들이 활용하는 금융 기법입니다."
아시아단기선물거래,"아시아 시장의 단기 선물 거래 방식으로, 투자자들이 활용하는 금융 기법입니다."
아시아단기선물시장,"아시아 시장의 단기 선물 시장 방식으로, 투자자들이 활용하는 금융 기법입니다."
아시아단기선물상품,"아시아 시장의 단기 선물 상품 방식으로, 투자자들이 활용하는 금융 기법입니다."
아시아단기선물포트폴리오,"아시아 시장의 단기 선물 포트폴리오 방식으로, 투자자들이 활용하는 금융 기법입니다."
아시아중기선물투자,"아시아 시장의 중기 선물 투자 방식으로, 투자자들이 활용하는 금융 기법입니다."
아시아중기선물거래,"아시아 시장의 중기 선물 거래 방식으로, 투자자들이 활용하는 금융 기법입니다."
아시아중기선물시장,"아시아 시장의 중기 선물 시장 방식으로, 투자자들이 활용하는 금융 기법입니다."
아시아중기선물상품,"아시아 시장의 중기 선물 상품 방식으로, 투자자들이 활용하는 금융 기법입니다."
아시아중기선물포트폴리오,"아시아 시장의 중기 선물 포트폴리오 방식으로, 투자자들이 활용하는 금융 기법입니다."
아시아장기선물투자,"아시아 시장의 장기 선물 투자 방식으로, 투자자들이 활용하는 금융 기법입니다."
아시아장기선물거래,"아시아 시장의 장기 선물 거래 방식으로, 투자자들이 활용하는 금융 기법입니다."
아시아장기선물시장,"아시아 시장의 장기 선물 시장 방식으로, 투자자들이 활용하는 금융 기법입니다."
아시아장기선물상품,"아시아 시장의 장기 선물 상품 방식으로, 투자자들이 활용하는 금융 기법입니다."
아시아장기선물포트폴리오,"아시아 시장의 장기 선물 포트폴리오 방식으로, 투자자들이 활용하는 금융 기법입니다."
아시아초단기선물투자,"아시아 시장의 초단기 선물 투자 방식으로, 투자자들이 활용하는 금융 기법입니다."
아시아초단기선물거래,"아시아 시장의 초단기 선물 거래 방식으로, 투자자들이 활용하는 금융 기법입니다."
아시아초단기선물시장,"아시아 시장의 초단기 선물 시장 방식으로, 투자자들이 활용하는 금융 기법입니다."
아시아초단기선물상품,"아시아 시장의 초단기 선물 상품 방식으로, 투자자들이 활용하는 금융 기법입니다."
아시아초단기선물포트폴리오,"아시아 시장의 초단기 선물 포트폴리오 방식으로, 투자자들이 활용하는 금융 기법입니다."
아시아초장기선물투자,"아시아 시장의 초장기 선물 투자 방식으로, 투자자들이 활용하는 금융 기법입니다."
아시아초장기선물거래,"아시아 시장의 초장기 선물 거래 방식으로, 투자자들이 활용하는 금융 기법입니다."
아시아초장기선물시장,"아시아 시장의 초장기 선물 시장 방식으로, 투자자들이 활용하는 금융 기법입니다."
아시아초장기선물상품,"아시아 시장의 초장기 선물 상품 방식으로, 투자자들이 활용하는 금융 기법입니다."
아시아초장기선물포트폴리오,"아시아 시장의 초장기 선물 포트폴리오 방식으로, 투자자들이 활용하는 금융 기법입니다."
신흥국단기선물투자,"신흥국 시장의 단기 선물 투자 방식으로, 투자자들이 활용하는 금융 기법입니다."
신흥국단기선물거래,"신흥국 시장의 단기 선물 거래 방식으로, 투자자들이 활용하는 금융 기법입니다."
신흥국단기선물시장,"신흥국 시장의 단기 선물 시장 방식으로, 투자자들이 활용하는 금융 기법입니다."
신흥국단기선물상품,"신흥국 시장의 단기 선물 상품 방식으로, 투자자들이 활용하는 금융 기법입니다."
신흥국단기선물포트폴리오,"신흥국 시장의 단기 선물 포트폴리오 방식으로, 투자자들이 활용하는 금융 기법입니다."
신흥국중기선물투자,"신흥국 시장의 중기 선물 투자 방식으로, 투자자들이 활용하는 금융 기법입니다."
신흥국중기선물거래,"신흥국 시장의 중기 선물 거래 방식으로, 투자자들이 활용하는 금융 기법입니다."
신흥국중기선물시장,"신흥국 시장의 중기 선물 시장 방식으로, 투자자들이 활용하는 금융 기법입니다."
신흥국중기선물상품,"신흥국 시장의 중기 선물 상품 방식으로, 투자자들이 활용하는 금융 기법입니다."
신흥국중기선물포트폴리오,"신흥국 시장의 중기 선물 포트폴리오 방식으로, 투자자들이 활용하는 금융 기법입니다."
신흥국장기선물투자,"신흥국 시장의 장기 선물 투자 방식으로, 투자자들이 활용하는 금융 기법입니다."
신흥국장기선물거래,"신흥국 시장의 장기 선물 거래 방식으로, 투자자들이 활용하는 금융 기법입니다."
신흥국장기선물시장,"신흥국 시장의 장기 선물 시장 방식으로, 투자자들이 활용하는 금융 기법입니다."
신흥국장기선물상품,"신흥국 시장의 장기 선물 상품 방식으로, 투자자들이 활용하는 금융 기법입니다."
신흥국장기선물포트폴리오,"신흥국 시장의 장기 선물 포트폴리오 방식으로, 투자자들이 활용하는 금융 기법입니다."
신흥국초단기선물투자,"신흥국 시장의 초단기 선물 투자 방식으로, 투자자들이 활용하는 금융 기법입니다."
신흥국초단기선물거래,"신흥국 시장의 초단기 선물 거래 방식으로, 투자자들이 활용하는 금융 기법입니다."
신흥국초단기선물시장,"신흥국 시장의 초단기 선물 시장 방식으로, 투자자들이 활용하는 금융 기법입니다."
신흥국초단기선물상품,"신흥국 시장의 초단기 선물 상품 방식으로, 투자자들이 활용하는 금융 기법입니다."
신흥국초단기선물포트폴리오,"신흥국 시장의 초단기 선물 포트폴리오 방식으로, 투자자들이 활용하는 금융 기법입니다."
신흥국초장기선물투자,"신흥국 시장의 초장기 선물 투자 방식으로, 투자자들이 활용하는 금융 기법입니다."
신흥국초장기선물거래,"신흥국 시장의 초장기 선물 거래 방식으로, 투자자들이 활용하는 금융 기법입니다."
신흥국초장기선물시장,"신흥국 시장의 초장기 선물 시장 방식으로, 투자자들이 활용하는 금융 기법입니다."
신흥국초장기선물상품,"신흥국 시장의 초장기 선물 상품 방식으로, 투자자들이 활용하는 금융 기법입니다."
신흥국초장기선물포트폴리오,"신흥국 시장의 초장기 선물 포트폴리오 방식으로, 투자자들이 활용하는 금융 기법입니다."
선진국단기선물투자,"선진국 시장의 단기 선물 투자 방식으로, 투자자들이 활용하는 금융 기법입니다."
선진국단기선물거래,"선진국 시장의 단기 선물 거래 방식으로, 투자자들이 활용하는 금융 기법입니다."
선진국단기선물시장,"선진국 시장의 단기 선물 시장 방식으로, 투자자들이 활용하는 금융 기법입니다."
선진국단기선물상품,"선진국 시장의 단기 선물 상품 방식으로, 투자자들이 활용하는 금융 기법입니다."
선진국단기선물포트폴리오,"선진국 시장의 단기 선물 포트폴리오 방식으로, 투자자들이 활용하는 금융 기법입니다."
선진국중기선물투자,"선진국 시장의 중기 선물 투자 방식으로, 투자자들이 활용하는 금융 기법입니다."
선진국중기선물거래,"선진국 시장의 중기 선물 거래 방식으로, 투자자들이 활용하는 금융 기법입니다."
선진국중기선물시장,"선진국 시장의 중기 선물 시장 방식으로, 투자자들이 활용하는 금융 기법입니다."
선진국중기선물상품,"선진국 시장의 중기 선물 상품 방식으로, 투자자들이 활용하는 금융 기법입니다."
선진국중기선물포트폴리오,"선진국 시장의 중기 선물 포트폴리오 방식으로, 투자자들이 활용하는 금융 기법입니다."
선진국장기선물투자,"선진국 시장의 장기 선물 투자 방식으로, 투자자들이 활용하는 금융 기법입니다."
선진국장기선물거래,"선진국 시장의 장기 선물 거래 방식으로, 투자자들이 활용하는 금융 기법입니다."
선진국장기선물시장,"선진국 시장의 장기 선물 시장 방식으로, 투자자들이 활용하는 금융 기법입니다."
선진국장기선물상품,"선진국 시장의 장기 선물 상품 방식으로, 투자자들이 활용하는 금융 기법입니다."
선진국장기선물포트폴리오,"선진국 시장의 장기 선물 포트폴리오 방식으로, 투자자들이 활용하는 금융 기법입니다."
선진국초단기선물투자,"선진국 시장의 초단기 선물 투자 방식으로, 투자자들이 활용하는 금융 기법입니다."
선진국초단기선물거래,"선진국 시장의 초단기 선물 거래 방식으로, 투자자들이 활용하는 금융 기법입니다."
선진국초단기선물시장,"선진국 시장의 초단기 선물 시장 방식으로, 투자자들이 활용하는 금융 기법입니다."
선진국초단기선물상품,"선진국 시장의 초단기 선물 상품 방식으로, 투자자들이 활용하는 금융 기법입니다."
선진국초단기선물포트폴리오,"선진국 시장의 초단기 선물 포트폴리오 방식으로, 투자자들이 활용하는 금융 기법입니다."
선진국초장기선물투자,"선진국 시장의 초장기 선물 투자 방식으로, 투자자들이 활용하는 금융 기법입니다."
선진국초장기선물거래,"선진국 시장의 초장기 선물 거래 방식으로, 투자자들이 활용하는 금융 기법입니다."
선진국초장기선물시장,"선진국 시장의 초장기 선물 시장 방식으로, 투자자들이 활용하는 금융 기법입니다."
선진국초장기선물상품,"선진국 시장의 초장기 선물 상품 방식으로, 투자자들이 활용하는 금융 기법입니다."
선진국초장기선물포트폴리오,"선진국 시장의 초장기 선물 포트폴리오 방식으로, 투자자들이 활용하는 금융 기법입니다."
중국단기선물투자,"중국 시장의 단기 선물 투자 방식으로, 투자자들이 활용하는 금융 기법입니다."
중국단기선물거래,"중국 시장의 단기 선물 거래 방식으로, 투자자들이 활용하는 금융 기법입니다."
중국단기선물시장,"중국 시장의 단기 선물 시장 방식으로, 투자자들이 활용하는 금융 기법입니다."
중국단기선물상품,"중국 시장의 단기 선물 상품 방식으로, 투자자들이 활용하는 금융 기법입니다."
중국단기선물포트폴리오,"중국 시장의 단기 선물 포트폴리오 방식으로, 투자자들이 활용하는 금융 기법입니다."
중국중기선물투자,"중국 시장의 중기 선물 투자 방식으로, 투자자들이 활용하는 금융 기법입니다."
중국중기선물거래,"중국 시장의 중기 선물 거래 방식으로, 투자자들이 활용하는 금융 기법입니다."
중국중기선물시장,"중국 시장의 중기 선물 시장 방식으로, 투자자들이 활용하는 금융 기법입니다."
중국중기선물상품,"중국 시장의 중기 선물 상품 방식으로, 투자자들이 활용하는 금융 기법입니다."
중국중기선물포트폴리오,"중국 시장의 중기 선물 포트폴리오 방식으로, 투자자들이 활용하는 금융 기법입니다."
중국장기선물투자,"중국 시장의 장기 선물 투자 방식으로, 투자자들이 활용하는 금융 기법입니다."
중국장기선물거래,"중국 시장의 장기 선물 거래 방식으로, 투자자들이 활용하는 금융 기법입니다."
중국장기선물시장,"중국 시장의 장기 선물 시장 방식으로, 투자자들이 활용하는 금융 기법입니다."
중국장기선물상품,"중국 시장의 장기 선물 상품 방식으로, 투자자들이 활용하는 금융 기법입니다."
중국장기선물포트폴리오,"중국 시장의 장기 선물 포트폴리오 방식으로, 투자자들이 활용하는 금융 기법입니다."
중국초단기선물투자,"중국 시장의 초단기 선물 투자 방식으로, 투자자들이 활용하는 금융 기법입니다."
중국초단기선물거래,"중국 시장의 초단기 선물 거래 방식으로, 투자자들이 활용하는 금융 기법입니다."
중국초단기선물시장,"중국 시장의 초단기 선물 시장 방식으로, 투자자들이 활용하는 금융 기법입니다."
중국초단기선물상품,"중국 시장의 초단기 선물 상품 방식으로, 투자자들이 활용하는 금융 기법입니다."
중국초단기선물포트폴리오,"중국 시장의 초단기 선물 포트폴리오 방식으로, 투자자들이 활용하는 금융 기법입니다."
중국초장기선물투자,"중국 시장의 초장기 선물 투자 방식으로, 투자자들이 활용하는 금융 기법입니다."
중국초장기선물거래,"중국 시장의 초장기 선물 거래 방식으로, 투자자들이 활용하는 금융 기법입니다."
중국초장기선물시장,"중국 시장의 초장기 선물 시장 방식으로, 투자자들이 활용하는 금융 기법입니다."
중국초장기선물상품,"중국 시장의 초장기 선물 상품 방식으로, 투자자들이 활용하는 금융 기법입니다."
중국초장기선물포트폴리오,"중국 시장의 초장기 선물 포트폴리오 방식으로, 투자자들이 활용하는 금융 기법입니다."
일본단기선물투자,"일본 시장의 단기 선물 투자 방식으로, 투자자들이 활용하는 금융 기법입니다."
일본단기선물거래,"일본 시장의 단기 선물 거래 방식으로, 투자자들이 활용하는 금융 기법입니다."
일본단기선물시장,"일본 시장의 단기 선물 시장 방식으로, 투자자들이 활용하는 금융 기법입니다."
일본단기선물상품,"일본 시장의 단기 선물 상품 방식으로, 투자자들이 활용하는 금융 기법입니다."
일본단기선물포트폴리오,"일본 시장의 단기 선물 포트폴리오 방식으로, 투자자들이 활용하는 금융 기법입니다."
일본중기선물투자,"일본 시장의 중기 선물 투자 방식으로, 투자자들이 활용하는 금융 기법입니다."
일본중기선물거래,"일본 시장의 중기 선물 거래 방식으로, 투자자들이 활용하는 금융 기법입니다."
일본중기선물시장,"일본 시장의 중기 선물 시장 방식으로, 투자자들이 활용하는 금융 기법입니다."
일본중기선물상품,"일본 시장의 중기 선물 상품 방식으로, 투자자들이 활용하는 금융 기법입니다."
일본중기선물포트폴리오,"일본 시장의 중기 선물 포트폴리오 방식으로, 투자자들이 활용하는 금융 기법입니다."
일본장기선물투자,"일본 시장의 장기 선물 투자 방식으로, 투자자들이 활용하는 금융 기법입니다."
일본장기선물거래,"일본 시장의 장기 선물 거래 방식으로, 투자자들이 활용하는 금융 기법입니다."
일본장기선물시장,"일본 시장의 장기 선물 시장 방식으로, 투자자들이 활용하는 금융 기법입니다."
일본장기선물상품,"일본 시장의 장기 선물 상품 방식으로, 투자자들이 활용하는 금융 기법입니다."
일본장기선물포트폴리오,"일본 시장의 장기 선물 포트폴리오 방식으로, 투자자들이 활용하는 금융 기법입니다."
일본초단기선물투자,"일본 시장의 초단기 선물 투자 방식으로, 투자자들이 활용하는 금융 기법입니다."
일본초단기선물거래,"일본 시장의 초단기 선물 거래 방식으로, 투자자들이 활용하는 금융 기법입니다."
일본초단기선물시장,"일본 시장의 초단기 선물 시장 방식으로, 투자자들이 활용하는 금융 기법입니다."
일본초단기선물상품,"일본 시장의 초단기 선물 상품 방식으로, 투자자들이 활용하는 금융 기법입니다."
일본초단기선물포트폴리오,"일본 시장의 초단기 선물 포트폴리오 방식으로, 투자자들이 활용하는 금융 기법입니다."
일본초장기선물투자,"일본 시장의 초장기 선물 투자 방식으로, 투자자들이 활용하는 금융 기법입니다."
일본초장기선물거래,"일본 시장의 초장기 선물 거래 방식으로, 투자자들이 활용하는 금융 기법입니다."
일본초장기선물시장,"일본 시장의 초장기 선물 시장 방식으로, 투자자들이 활용하는 금융 기법입니다."
일본초장기선물상품,"일본 시장의 초장기 선물 상품 방식으로, 투자자들이 활용하는 금융 기법입니다."
일본초장기선물포트폴리오,"일본 시장의 초장기 선물 포트폴리오 방식으로, 투자자들이 활용하는 금융 기법입니다."
국내단기스왑투자,"국내 시장의 단기 스왑 투자 방식으로, 투자자들이 활용하는 금융 기법입니다."
국내단기스왑거래,"국내 시장의 단기 스왑 거래 방식으로, 투자자들이 활용하는 금융 기법입니다."
국내단기스왑시장,"국내 시장의 단기 스왑 시장 방식으로, 투자자들이 활용하는 금융 기법입니다."
국내단기스왑상품,"국내 시장의 단기 스왑 상품 방식으로, 투자자들이 활용하는 금융 기법입니다."
국내단기스왑포트폴리오,"국내 시장의 단기 스왑 포트폴리오 방식으로, 투자자들이 활용하는 금융 기법입니다."
국내중기스왑투자,"국내 시장의 중기 스왑 투자 방식으로, 투자자들이 활용하는 금융 기법입니다."
국내중기스왑거래,"국내 시장의 중기 스왑 거래 방식으로, 투자자들이 활용하는 금융 기법입니다."
국내중기스왑시장,"국내 시장의 중기 스왑 시장 방식으로, 투자자들이 활용하는 금융 기법입니다."
국내중기스왑상품,"국내 시장의 중기 스왑 상품 방식으로, 투자자들이 활용하는 금융 기법입니다."
국내중기스왑포트폴리오,"국내 시장의 중기 스왑 포트폴리오 방식으로, 투자자들이 활용하는 금융 기법입니다."
국내장기스왑투자,"국내 시장의 장기 스왑 투자 방식으로, 투자자들이 활용하는 금융 기법입니다."
국내장기스왑거래,"국내 시장의 장기 스왑 거래 방식으로, 투자자들이 활용하는 금융 기법입니다."
국내장기스왑시장,"국내 시장의 장기 스왑 시장 방식으로, 투자자들이 활용하는 금융 기법입니다."
국내장기스왑상품,"국내 시장의 장기 스왑 상품 방식으로, 투자자들이 활용하는 금융 기법입니다."
국내장기스왑포트폴리오,"국내 시장의 장기 스왑 포트폴리오 방식으로, 투자자들이 활용하는 금융 기법입니다."
국내초단기스왑투자,"국내 시장의 초단기 스왑 투자 방식으로, 투자자들이 활용하는 금융 기법입니다."
국내초단기스왑거래,"국내 시장의 초단기 스왑 거래 방식으로, 투자자들이 활용하는 금융 기법입니다."
국내초단기스왑시장,"국내 시장의 초단기 스왑 시장 방식으로, 투자자들이 활용하는 금융 기법입니다."
국내초단기스왑상품,"국내 시장의 초단기 스왑 상품 방식으로, 투자자들이 활용하는 금융 기법입니다."
국내초단기스왑포트폴리오,"국내 시장의 초단기 스왑 포트폴리오 방식으로, 투자자들이 활용하는 금융 기법입니다."
국내초장기스왑투자,"국내 시장의 초장기 스왑 투자 방식으로, 투자자들이 활용하는 금융 기법입니다."
국내초장기스왑거래,"국내 시장의 초장기 스왑 거래 방식으로, 투자자들이 활용하는 금융 기법입니다."
국내초장기스왑시장,"국내 시장의 초장기 스왑 시장 방식으로, 투자자들이 활용하는 금융 기법입니다."
국내초장기스왑상품,"국내 시장의 초장기 스왑 상품 방식으로, 투자자들이 활용하는 금융 기법입니다."
국내초장기스왑포트폴리오,"국내 시장의 초장기 스왑 포트폴리오 방식으로, 투자자들이 활용하는 금융 기법입니다."
해외단기스왑투자,"해외 시장의 단기 스왑 투자 방식으로, 투자자들이 활용하는 금융 기법입니다."
해외단기스왑거래,"해외 시장의 단기 스왑 거래 방식으로, 투자자들이 활용하는 금융 기법입니다."
해외단기스왑시장,"해외 시장의 단기 스왑 시장 방식으로, 투자자들이 활용하는 금융 기법입니다."
해외단기스왑상품,"해외 시장의 단기 스왑 상품 방식으로, 투자자들이 활용하는 금융 기법입니다."
해외단기스왑포트폴리오,"해외 시장의 단기 스왑 포트폴리오 방식으로, 투자자들이 활용하는 금융 기법입니다."
해외중기스왑투자,"해외 시장의 중기 스왑 투자 방식으로, 투자자들이 활용하는 금융 기법입니다."
해외중기스왑거래,"해외 시장의 중기 스왑 거래 방식으로, 투자자들이 활용하는 금융 기법입니다."
해외중기스왑시장,"해외 시장의 중기 스왑 시장 방식으로, 투자자들이 활용하는 금융 기법입니다."
해외중기스왑상품,"해외 시장의 중기 스왑 상품 방식으로, 투자자들이 활용하는 금융 기법입니다."
해외중기스왑포트폴리오,"해외 시장의 중기 스왑 포트폴리오 방식으로, 투자자들이 활용하는 금융 기법입니다."
해외장기스왑투자,"해외 시장의 장기 스왑 투자 방식으로, 투자자들이 활용하는 금융 기법입니다."
해외장기스왑거래,"해외 시장의 장기 스왑 거래 방식으로, 투자자들이 활용하는 금융 기법입니다."
해외장기스왑시장,"해외 시장의 장기 스왑 시장 방식으로, 투자자들이 활용하는 금융 기법입니다."
해외장기스왑상품,"해외 시장의 장기 스왑 상품 방식으로, 투자자들이 활용하는 금융 기법입니다."
해외장기스왑포트폴리오,"해외 시장의 장기 스왑 포트폴리오 방식으로, 투자자들이 활용하는 금융 기법입니다."
해외초단기스왑투자,"해외 시장의 초단기 스왑 투자 방식으로, 투자자들이 활용하는 금융 기법입니다."
해외초단기스왑거래,"해외 시장의 초단기 스왑 거래 방식으로, 투자자들이 활용하는 금융 기법입니다."
해외초단기스왑시장,"해외 시장의 초단기 스왑 시장 방식으로, 투자자들이 활용하는 금융 기법입니다."
해외초단기스왑상품,"해외 시장의 초단기 스왑 상품 방식으로, 투자자들이 활용하는 금융 기법입니다."
해외초단기스왑포트폴리오,"해외 시장의 초단기 스왑 포트폴리오 방식으로, 투자자들이 활용하는 금융 기법입니다."
해외초장기스왑투자,"해외 시장의 초장기 스왑 투자 방식으로, 투자자들이 활용하는 금융 기법입니다."
해외초장기스왑거래,"해외 시장의 초장기 스왑 거래 방식으로, 투자자들이 활용하는 금융 기법입니다."
해외초장기스왑시장,"해외 시장의 초장기 스왑 시장 방식으로, 투자자들이 활용하는 금융 기법입니다."
해외초장기스왑상품,"해외 시장의 초장기 스왑 상품 방식으로, 투자자들이 활용하는 금융 기법입니다."
해외초장기스왑포트폴리오,"해외 시장의 초장기 스왑 포트폴리오 방식으로, 투자자들이 활용하는 금융 기법입니다."
글로벌단기스왑투자,"글로벌 시장의 단기 스왑 투자 방식으로, 투자자들이 활용하는 금융 기법입니다."
글로벌단기스왑거래,"글로벌 시장의 단기 스왑 거래 방식으로, 투자자들이 활용하는 금융 기법입니다."
글로벌단기스왑시장,"글로벌 시장의 단기 스왑 시장 방식으로, 투자자들이 활용하는 금융 기법입니다."
글로벌단기스왑상품,"글로벌 시장의 단기 스왑 상품 방식으로, 투자자들이 활용하는 금융 기법입니다."
글로벌단기스왑포트폴리오,"글로벌 시장의 단기 스왑 포트폴리오 방식으로, 투자자들이 활용하는 금융 기법입니다."
글로벌중기스왑투자,"글로벌 시장의 중기 스왑 투자 방식으로, 투자자들이 활용하는 금융 기법입니다."
글로벌중기스왑거래,"글로벌 시장의 중기 스왑 거래 방식으로, 투자자들이 활용하는 금융 기법입니다."
글로벌중기스왑시장,"글로벌 시장의 중기 스왑 시장 방식으로, 투자자들이 활용하는 금융 기법입니다."
글로벌중기스왑상품,"글로벌 시장의 중기 스왑 상품 방식으로, 투자자들이 활용하는 금융 기법입니다."
글로벌중기스왑포트폴리오,"글로벌 시장의 중기 스왑 포트폴리오 방식으로, 투자자들이 활용하는 금융 기법입니다."
글로벌장기스왑투자,"글로벌 시장의 장기 스왑 투자 방식으로, 투자자들이 활용하는 금융 기법입니다."
글로벌장기스왑거래,"글로벌 시장의 장기 스왑 거래 방식으로, 투자자들이 활용하는 금융 기법입니다."
글로벌장기스왑시장,"글로벌 시장의 장기 스왑 시장 방식으로, 투자자들이 활용하는 금융 기법입니다."
글로벌장기스왑상품,"글로벌 시장의 장기 스왑 상품 방식으로, 투자자들이 활용하는 금융 기법입니다."
글로벌장기스왑포트폴리오,"글로벌 시장의 장기 스왑 포트폴리오 방식으로, 투자자들이 활용하는 금융 기법입니다."
글로벌초단기스왑투자,"글로벌 시장의 초단기 스왑 투자 방식으로, 투자자들이 활용하는 금융 기법입니다."
글로벌초단기스왑거래,"글로벌 시장의 초단기 스왑 거래 방식으로, 투자자들이 활용하는 금융 기법입니다."
글로벌초단기스왑시장,"글로벌 시장의 초단기 스왑 시장 방식으로, 투자자들이 활용하는 금융 기법입니다."
글로벌초단기스왑상품,"글로벌 시장의 초단기 스왑 상품 방식으로, 투자자들이 활용하는 금융 기법입니다."
글로벌초단기스왑포트폴리오,"글로벌 시장의 초단기 스왑 포트폴리오 방식으로, 투자자들이 활용하는 금융 기법입니다."
글로벌초장기스왑투자,"글로벌 시장의 초장기 스왑 투자 방식으로, 투자자들이 활용하는 금융 기법입니다."
글로벌초장기스왑거래,"글로벌 시장의 초장기 스왑 거래 방식으로, 투자자들이 활용하는 금융 기법입니다."
글로벌초장기스왑시장,"글로벌 시장의 초장기 스왑 시장 방식으로, 투자자들이 활용하는 금융 기법입니다."
글로벌초장기스왑상품,"글로벌 시장의 초장기 스왑 상품 방식으로, 투자자들이 활용하는 금융 기법입니다."
글로벌초장기스왑포트폴리오,"글로벌 시장의 초장기 스왑 포트폴리오 방식으로, 투자자들이 활용하는 금융 기법입니다."
미국단기스왑투자,"미국 시장의 단기 스왑 투자 방식으로, 투자자들이 활용하는 금융 기법입니다."
미국단기스왑거래,"미국 시장의 단기 스왑 거래 방식으로, 투자자들이 활용하는 금융 기법입니다."
미국단기스왑시장,"미국 시장의 단기 스왑 시장 방식으로, 투자자들이 활용하는 금융 기법입니다."
미국단기스왑상품,"미국 시장의 단기 스왑 상품 방식으로, 투자자들이 활용하는 금융 기법입니다."
미국단기스왑포트폴리오,"미국 시장의 단기 스왑 포트폴리오 방식으로, 투자자들이 활용하는 금융 기법입니다."
미국중기스왑투자,"미국 시장의 중기 스왑 투자 방식으로, 투자자들이 활용하는 금융 기법입니다."
미국중기스왑거래,"미국 시장의 중기 스왑 거래 방식으로, 투자자들이 활용하는 금융 기법입니다."
미국중기스왑시장,"미국 시장의 중기 스왑 시장 방식으로, 투자자들이 활용하는 금융 기법입니다."
미국중기스왑상품,"미국 시장의 중기 스왑 상품 방식으로, 투자자들이 활용하는 금융 기법입니다."
미국중기스왑포트폴리오,"미국 시장의 중기 스왑 포트폴리오 방식으로, 투자자들이 활용하는 금융 기법입니다."
미국장기스왑투자,"미국 시장의 장기 스왑 투자 방식으로, 투자자들이 활용하는 금융 기법입니다."
미국장기스왑거래,"미국 시장의 장기 스왑 거래 방식으로, 투자자들이 활용하는 금융 기법입니다."
미국장기스왑시장,"미국 시장의 장기 스왑 시장 방식으로, 투자자들이 활용하는 금융 기법입니다."
미국장기스왑상품,"미국 시장의 장기 스왑 상품 방식으로, 투자자들이 활용하는 금융 기법입니다."
미국장기스왑포트폴리오,"미국 시장의 장기 스왑 포트폴리오 방식으로, 투자자들이 활용하는 금융 기법입니다."
미국초단기스왑투자,"미국 시장의 초단기 스왑 투자 방식으로, 투자자들이 활용하는 금융 기법입니다."
미국초단기스왑거래,"미국 시장의 초단기 스왑 거래 방식으로, 투자자들이 활용하는 금융 기법입니다."
미국초단기스왑시장,"미국 시장의 초단기 스왑 시장 방식으로, 투자자들이 활용하는 금융 기법입니다."
미국초단기스왑상품,"미국 시장의 초단기 스왑 상품 방식으로, 투자자들이 활용하는 금융 기법입니다."
미국초단기스왑포트폴리오,"미국 시장의 초단기 스왑 포트폴리오 방식으로, 투자자들이 활용하는 금융 기법입니다."
미국초장기스왑투자,"미국 시장의 초장기 스왑 투자 방식으로, 투자자들이 활용하는 금융 기법입니다."
미국초장기스왑거래,"미국 시장의 초장기 스왑 거래 방식으로, 투자자들이 활용하는 금융 기법입니다."
미국초장기스왑시장,"미국 시장의 초장기 스왑 시장 방식으로, 투자자들이 활용하는 금융 기법입니다."
미국초장기스왑상품,"미국 시장의 초장기 스왑 상품 방식으로, 투자자들이 활용하는 금융 기법입니다."
미국초장기스왑포트폴리오,"미국 시장의 초장기 스왑 포트폴리오 방식으로, 투자자들이 활용하는 금융 기법입니다."
유럽단기스왑투자,"유럽 시장의 단기 스왑 투자 방식으로, 투자자들이 활용하는 금융 기법입니다."
유럽단기스왑거래,"유럽 시장의 단기 스왑 거래 방식으로, 투자자들이 활용하는 금융 기법입니다."
유럽단기스왑시장,"유럽 시장의 단기 스왑 시장 방식으로, 투자자들이 활용하는 금융 기법입니다."
유럽단기스왑상품,"유럽 시장의 단기 스왑 상품 방식으로, 투자자들이 활용하는 금융 기법입니다."
유럽단기스왑포트폴리오,"유럽 시장의 단기 스왑 포트폴리오 방식으로, 투자자들이 활용하는 금융 기법입니다."
유럽중기스왑투자,"유럽 시장의 중기 스왑 투자 방식으로, 투자자들이 활용하는 금융 기법입니다."
유럽중기스왑거래,"유럽 시장의 중기 스왑 거래 방식으로, 투자자들이 활용하는 금융 기법입니다."
유럽중기스왑시장,"유럽 시장의 중기 스왑 시장 방식으로, 투자자들이 활용하는 금융 기법입니다."
유럽중기스왑상품,"유럽 시장의 중기 스왑 상품 방식으로, 투자자들이 활용하는 금융 기법입니다."
유럽중기스왑포트폴리오,"유럽 시장의 중기 스왑 포트폴리오 방식으로, 투자자들이 활용하는 금융 기법입니다."
유럽장기스왑투자,"유럽 시장의 장기 스왑 투자 방식으로, 투자자들이 활용하는 금융 기법입니다."
유럽장기스왑거래,"유럽 시장의 장기 스왑 거래 방식으로, 투자자들이 활용하는 금융 기법입니다."
유럽장기스왑시장,"유럽 시장의 장기 스왑 시장 방식으로, 투자자들이 활용하는 금융 기법입니다."
유럽장기스왑상품,"유럽 시장의 장기 스왑 상품 방식으로, 투자자들이 활용하는 금융 기법입니다."
유럽장기스왑포트폴리오,"유럽 시장의 장기 스왑 포트폴리오 방식으로, 투자자들이 활용하는 금융 기법입니다."
유럽초단기스왑투자,"유럽 시장의 초단기 스왑 투자 방식으로, 투자자들이 활용하는 금융 기법입니다."
유럽초단기스왑거래,"유럽 시장의 초단기 스왑 거래 방식으로, 투자자들이 활용하는 금융 기법입니다."
유럽초단기스왑시장,"유럽 시장의 초단기 스왑 시장 방식으로, 투자자들이 활용하는 금융 기법입니다."
유럽초단기스왑상품,"유럽 시장의 초단기 스왑 상품 방식으로, 투자자들이 활용하는 금융 기법입니다."
유럽초단기스왑포트폴리오,"유럽 시장의 초단기 스왑 포트폴리오 방식으로, 투자자들이 활용하는 금융 기법입니다."
유럽초장기스왑투자,"유럽 시장의 초장기 스왑 투자 방식으로, 투자자들이 활용하는 금융 기법입니다."
유럽초장기스왑거래,"유럽 시장의 초장기 스왑 거래 방식으로, 투자자들이 활용하는 금융 기법입니다."
유럽초장기스왑시장,"유럽 시장의 초장기 스왑 시장 방식으로, 투자자들이 활용하는 금융 기법입니다."
유럽초장기스왑상품,"유럽 시장의 초장기 스왑 상품 방식으로, 투자자들이 활용하는 금융 기법입니다."
유럽초장기스왑포트폴리오,"유럽 시장의 초장기 스왑 포트폴리오 방식으로, 투자자들이 활용하는 금융 기법입니다."
아시아단기스왑투자,"아시아 시장의 단기 스왑 투자 방식으로, 투자자들이 활용하는 금융 기법입니다."
아시아단기스왑거래,"아시아 시장의 단기 스왑 거래 방식으로, 투자자들이 활용하는 금융 기법입니다."
아시아단기스왑시장,"아시아 시장의 단기 스왑 시장 방식으로, 투자자들이 활용하는 금융 기법입니다."
아시아단기스왑상품,"아시아 시장의 단기 스왑 상품 방식으로, 투자자들이 활용하는 금융 기법입니다."
아시아단기스왑포트폴리오,"아시아 시장의 단기 스왑 포트폴리오 방식으로, 투자자들이 활용하는 금융 기법입니다."
아시아중기스왑투자,"아시아 시장의 중기 스왑 투자 방식으로, 투자자들이 활용하는 금융 기법입니다."
아시아중기스왑거래,"아시아 시장의 중기 스왑 거래 방식으로, 투자자들이 활용하는 금융 기법입니다."
아시아중기스왑시장,"아시아 시장의 중기 스왑 시장 방식으로, 투자자들이 활용하는 금융 기법입니다."
아시아중기스왑상품,"아시아 시장의 중기 스왑 상품 방식으로, 투자자들이 활용하는 금융 기법입니다."
아시아중기스왑포트폴리오,"아시아 시장의 중기 스왑 포트폴리오 방식으로, 투자자들이 활용하는 금융 기법입니다."
아시아장기스왑투자,"아시아 시장의 장기 스왑 투자 방식으로, 투자자들이 활용하는 금융 기법입니다."
아시아장기스왑거래,"아시아 시장의 장기 스왑 거래 방식으로, 투자자들이 활용하는 금융 기법입니다."
아시아장기스왑시장,"아시아 시장의 장기 스왑 시장 방식으로, 투자자들이 활용하는 금융 기법입니다."
아시아장기스왑상품,"아시아 시장의 장기 스왑 상품 방식으로, 투자자들이 활용하는 금융 기법입니다."
아시아장기스왑포트폴리오,"아시아 시장의 장기 스왑 포트폴리오 방식으로, 투자자들이 활용하는 금융 기법입니다."
아시아초단기스왑투자,"아시아 시장의 초단기 스왑 투자 방식으로, 투자자들이 활용하는 금융 기법입니다."
아시아초단기스왑거래,"아시아 시장의 초단기 스왑 거래 방식으로, 투자자들이 활용하는 금융 기법입니다."
아시아초단기스왑시장,"아시아 시장의 초단기 스왑 시장 방식으로, 투자자들이 활용하는 금융 기법입니다."
아시아초단기스왑상품,"아시아 시장의 초단기 스왑 상품 방식으로, 투자자들이 활용하는 금융 기법입니다."
아시아초단기스왑포트폴리오,"아시아 시장의 초단기 스왑 포트폴리오 방식으로, 투자자들이 활용하는 금융 기법입니다."
아시아초장기스왑투자,"아시아 시장의 초장기 스왑 투자 방식으로, 투자자들이 활용하는 금융 기법입니다."
아시아초장기스왑거래,"아시아 시장의 초장기 스왑 거래 방식으로, 투자자들이 활용하는 금융 기법입니다."
아시아초장기스왑시장,"아시아 시장의 초장기 스왑 시장 방식으로, 투자자들이 활용하는 금융 기법입니다."
아시아초장기스왑상품,"아시아 시장의 초장기 스왑 상품 방식으로, 투자자들이 활용하는 금융 기법입니다."
아시아초장기스왑포트폴리오,"아시아 시장의 초장기 스왑 포트폴리오 방식으로, 투자자들이 활용하는 금융 기법입니다."
신흥국단기스왑투자,"신흥국 시장의 단기 스왑 투자 방식으로, 투자자들이 활용하는 금융 기법입니다."
신흥국단기스왑거래,"신흥국 시장의 단기 스왑 거래 방식으로, 투자자들이 활용하는 금융 기법입니다."
신흥국단기스왑시장,"신흥국 시장의 단기 스왑 시장 방식으로, 투자자들이 활용하는 금융 기법입니다."
신흥국단기스왑상품,"신흥국 시장의 단기 스왑 상품 방식으로, 투자자들이 활용하는 금융 기법입니다."
신흥국단기스왑포트폴리오,"신흥국 시장의 단기 스왑 포트폴리오 방식으로, 투자자들이 활용하는 금융 기법입니다."
신흥국중기스왑투자,"신흥국 시장의 중기 스왑 투자 방식으로, 투자자들이 활용하는 금융 기법입니다."
신흥국중기스왑거래,"신흥국 시장의 중기 스왑 거래 방식으로, 투자자들이 활용하는 금융 기법입니다."
신흥국중기스왑시장,"신흥국 시장의 중기 스왑 시장 방식으로, 투자자들이 활용하는 금융 기법입니다."
신흥국중기스왑상품,"신흥국 시장의 중기 스왑 상품 방식으로, 투자자들이 활용하는 금융 기법입니다."
신흥국중기스왑포트폴리오,"신흥국 시장의 중기 스왑 포트폴리오 방식으로, 투자자들이 활용하는 금융 기법입니다."
신흥국장기스왑투자,"신흥국 시장의 장기 스왑 투자 방식으로, 투자자들이 활용하는 금융 기법입니다."
신흥국장기스왑거래,"신흥국 시장의 장기 스왑 거래 방식으로, 투자자들이 활용하는 금융 기법입니다."
신흥국장기스왑시장,"신흥국 시장의 장기 스왑 시장 방식으로, 투자자들이 활용하는 금융 기법입니다."
신흥국장기스왑상품,"신흥국 시장의 장기 스왑 상품 방식으로, 투자자들이 활용하는 금융 기법입니다."
신흥국장기스왑포트폴리오,"신흥국 시장의 장기 스왑 포트폴리오 방식으로, 투자자들이 활용하는 금융 기법입니다."
신흥국초단기스왑투자,"신흥국 시장의 초단기 스왑 투자 방식으로, 투자자들이 활용하는 금융 기법입니다."
신흥국초단기스왑거래,"신흥국 시장의 초단기 스왑 거래 방식으로, 투자자들이 활용하는 금융 기법입니다."
신흥국초단기스왑시장,"신흥국 시장의 초단기 스왑 시장 방식으로, 투자자들이 활용하는 금융 기법입니다."
신흥국초단기스왑상품,"신흥국 시장의 초단기 스왑 상품 방식으로, 투자자들이 활용하는 금융 기법입니다."
신흥국초단기스왑포트폴리오,"신흥국 시장의 초단기 스왑 포트폴리오 방식으로, 투자자들이 활용하는 금융 기법입니다."
신흥국초장기스왑투자,"신흥국 시장의 초장기 스왑 투자 방식으로, 투자자들이 활용하는 금융 기법입니다."
신흥국초장기스왑거래,"신흥국 시장의 초장기 스왑 거래 방식으로, 투자자들이 활용하는 금융 기법입니다."
신흥국초장기스왑시장,"신흥국 시장의 초장기 스왑 시장 방식으로, 투자자들이 활용하는 금융 기법입니다."
신흥국초장기스왑상품,"신흥국 시장의 초장기 스왑 상품 방식으로, 투자자들이 활용하는 금융 기법입니다."
신흥국초장기스왑포트폴리오,"신흥국 시장의 초장기 스왑 포트폴리오 방식으로, 투자자들이 활용하는 금융 기법입니다."
선진국단기스왑투자,"선진국 시장의 단기 스왑 투자 방식으로, 투자자들이 활용하는 금융 기법입니다."
선진국단기스왑거래,"선진국 시장의 단기 스왑 거래 방식으로, 투자자들이 활용하는 금융 기법입니다."
선진국단기스왑시장,"선진국 시장의 단기 스왑 시장 방식으로, 투자자들이 활용하는 금융 기법입니다."
선진국단기스왑상품,"선진국 시장의 단기 스왑 상품 방식으로, 투자자들이 활용하는 금융 기법입니다."
선진국단기스왑포트폴리오,"선진국 시장의 단기 스왑 포트폴리오 방식으로, 투자자들이 활용하는 금융 기법입니다."
선진국중기스왑투자,"선진국 시장의 중기 스왑 투자 방식으로, 투자자들이 활용하는 금융 기법입니다."
선진국중기스왑거래,"선진국 시장의 중기 스왑 거래 방식으로, 투자자들이 활용하는 금융 기법입니다."
선진국중기스왑시장,"선진국 시장의 중기 스왑 시장 방식으로, 투자자들이 활용하는 금융 기법입니다."
선진국중기스왑상품,"선진국 시장의 중기 스왑 상품 방식으로, 투자자들이 활용하는 금융 기법입니다."
선진국중기스왑포트폴리오,"선진국 시장의 중기 스왑 포트폴리오 방식으로, 투자자들이 활용하는 금융 기법입니다."
선진국장기스왑투자,"선진국 시장의 장기 스왑 투자 방식으로, 투자자들이 활용하는 금융 기법입니다."
선진국장기스왑거래,"선진국 시장의 장기 스왑 거래 방식으로, 투자자들이 활용하는 금융 기법입니다."
선진국장기스왑시장,"선진국 시장의 장기 스왑 시장 방식으로, 투자자들이 활용하는 금융 기법입니다."
선진국장기스왑상품,"선진국 시장의 장기 스왑 상품 방식으로, 투자자들이 활용하는 금융 기법입니다."
선진국장기스왑포트폴리오,"선진국 시장의 장기 스왑 포트폴리오 방식으로, 투자자들이 활용하는 금융 기법입니다."
선진국초단기스왑투자,"선진국 시장의 초단기 스왑 투자 방식으로, 투자자들이 활용하는 금융 기법입니다."
선진국초단기스왑거래,"선진국 시장의 초단기 스왑 거래 방식으로, 투자자들이 활용하는 금융 기법입니다."
선진국초단기스왑시장,"선진국 시장의 초단기 스왑 시장 방식으로, 투자자들이 활용하는 금융 기법입니다."
선진국초단기스왑상품,"선진국 시장의 초단기 스왑 상품 방식으로, 투자자들이 활용하는 금융 기법입니다."
선진국초단기스왑포트폴리오,"선진국 시장의 초단기 스왑 포트폴리오 방식으로, 투자자들이 활용하는 금융 기법입니다."
선진국초장기스왑투자,"선진국 시장의 초장기 스왑 투자 방식으로, 투자자들이 활용하는 금융 기법입니다."
선진국초장기스왑거래,"선진국 시장의 초장기 스왑 거래 방식으로, 투자자들이 활용하는 금융 기법입니다."
선진국초장기스왑시장,"선진국 시장의 초장기 스왑 시장 방식으로, 투자자들이 활용하는 금융 기법입니다."
선진국초장기스왑상품,"선진국 시장의 초장기 스왑 상품 방식으로, 투자자들이 활용하는 금융 기법입니다."
선진국초장기스왑포트폴리오,"선진국 시장의 초장기 스왑 포트폴리오 방식으로, 투자자들이 활용하는 금융 기법입니다."
중국단기스왑투자,"중국 시장의 단기 스왑 투자 방식으로, 투자자들이 활용하는 금융 기법입니다."
중국단기스왑거래,"중국 시장의 단기 스왑 거래 방식으로, 투자자들이 활용하는 금융 기법입니다."
중국단기스왑시장,"중국 시장의 단기 스왑 시장 방식으로, 투자자들이 활용하는 금융 기법입니다."
중국단기스왑상품,"중국 시장의 단기 스왑 상품 방식으로, 투자자들이 활용하는 금융 기법입니다."
중국단기스왑포트폴리오,"중국 시장의 단기 스왑 포트폴리오 방식으로, 투자자들이 활용하는 금융 기법입니다."
중국중기스왑투자,"중국 시장의 중기 스왑 투자 방식으로, 투자자들이 활용하는 금융 기법입니다."
중국중기스왑거래,"중국 시장의 중기 스왑 거래 방식으로, 투자자들이 활용하는 금융 기법입니다."
중국중기스왑시장,"중국 시장의 중기 스왑 시장 방식으로, 투자자들이 활용하는 금융 기법입니다."
중국중기스왑상품,"중국 시장의 중기 스왑 상품 방식으로, 투자자들이 활용하는 금융 기법입니다."
중국중기스왑포트폴리오,"중국 시장의 중기 스왑 포트폴리오 방식으로, 투자자들이 활용하는 금융 기법입니다."
중국장기스왑투자,"중국 시장의 장기 스왑 투자 방식으로, 투자자들이 활용하는 금융 기법입니다."
중국장기스왑거래,"중국 시장의 장기 스왑 거래 방식으로, 투자자들이 활용하는 금융 기법입니다."
중국장기스왑시장,"중국 시장의 장기 스왑 시장 방식으로, 투자자들이 활용하는 금융 기법입니다."
중국장기스왑상품,"중국 시장의 장기 스왑 상품 방식으로, 투자자들이 활용하는 금융 기법입니다."
중국장기스왑포트폴리오,"중국 시장의 장기 스왑 포트폴리오 방식으로, 투자자들이 활용하는 금융 기법입니다."
중국초단기스왑투자,"중국 시장의 초단기 스왑 투자 방식으로, 투자자들이 활용하는 금융 기법입니다."
중국초단기스왑거래,"중국 시장의 초단기 스왑 거래 방식으로, 투자자들이 활용하는 금융 기법입니다."
중국초단기스왑시장,"중국 시장의 초단기 스왑 시장 방식으로, 투자자들이 활용하는 금융 기법입니다."
중국초단기스왑상품,"중국 시장의 초단기 스왑 상품 방식으로, 투자자들이 활용하는 금융 기법입니다."
중국초단기스왑포트폴리오,"중국 시장의 초단기 스왑 포트폴리오 방식으로, 투자자들이 활용하는 금융 기법입니다."
중국초장기스왑투자,"중국 시장의 초장기 스왑 투자 방식으로, 투자자들이 활용하는 금융 기법입니다."
중국초장기스왑거래,"중국 시장의 초장기 스왑 거래 방식으로, 투자자들이 활용하는 금융 기법입니다."
중국초장기스왑시장,"중국 시장의 초장기 스왑 시장 방식으로, 투자자들이 활용하는 금융 기법입니다."
중국초장기스왑상품,"중국 시장의 초장기 스왑 상품 방식으로, 투자자들이 활용하는 금융 기법입니다."
중국초장기스왑포트폴리오,"중국 시장의 초장기 스왑 포트폴리오 방식으로, 투자자들이 활용하는 금융 기법입니다."
일본단기스왑투자,"일본 시장의 단기 스왑 투자 방식으로, 투자자들이 활용하는 금융 기법입니다."
일본단기스왑거래,"일본 시장의 단기 스왑 거래 방식으로, 투자자들이 활용하는 금융 기법입니다."
일본단기스왑시장,"일본 시장의 단기 스왑 시장 방식으로, 투자자들이 활용하는 금융 기법입니다."
일본단기스왑상품,"일본 시장의 단기 스왑 상품 방식으로, 투자자들이 활용하는 금융 기법입니다."
일본단기스왑포트폴리오,"일본 시장의 단기 스왑 포트폴리오 방식으로, 투자자들이 활용하는 금융 기법입니다."
일본중기스왑투자,"일본 시장의 중기 스왑 투자 방식으로, 투자자들이 활용하는 금융 기법입니다."
일본중기스왑거래,"일본 시장의 중기 스왑 거래 방식으로, 투자자들이 활용하는 금융 기법입니다."
일본중기스왑시장,"일본 시장의 중기 스왑 시장 방식으로, 투자자들이 활용하는 금융 기법입니다."
일본중기스왑상품,"일본 시장의 중기 스왑 상품 방식으로, 투자자들이 활용하는 금융 기법입니다."
일본중기스왑포트폴리오,"일본 시장의 중기 스왑 포트폴리오 방식으로, 투자자들이 활용하는 금융 기법입니다."
일본장기스왑투자,"일본 시장의 장기 스왑 투자 방식으로, 투자자들이 활용하는 금융 기법입니다."
일본장기스왑거래,"일본 시장의 장기 스왑 거래 방식으로, 투자자들이 활용하는 금융 기법입니다."
일본장기스왑시장,"일본 시장의 장기 스왑 시장 방식으로, 투자자들이 활용하는 금융 기법입니다."
일본장기스왑상품,"일본 시장의 장기 스왑 상품 방식으로, 투자자들이 활용하는 금융 기법입니다."
일본장기스왑포트폴리오,"일본 시장의 장기 스왑 포트폴리오 방식으로, 투자자들이 활용하는 금융 기법입니다."
일본초단기스왑투자,"일본 시장의 초단기 스왑 투자 방식으로, 투자자들이 활용하는 금융 기법입니다."
일본초단기스왑거래,"일본 시장의 초단기 스왑 거래 방식으로, 투자자들이 활용하는 금융 기법입니다."
일본초단기스왑시장,"일본 시장의 초단기 스왑 시장 방식으로, 투자자들이 활용하는 금융 기법입니다."
일본초단기스왑상품,"일본 시장의 초단기 스왑 상품 방식으로, 투자자들이 활용하는 금융 기법입니다."
일본초단기스왑포트폴리오,"일본 시장의 초단기 스왑 포트폴리오 방식으로, 투자자들이 활용하는 금융 기법입니다."
일본초장기스왑투자,"일본 시장의 초장기 스왑 투자 방식으로, 투자자들이 활용하는 금융 기법입니다."
일본초장기스왑거래,"일본 시장의 초장기 스왑 거래 방식으로, 투자자들이 활용하는 금융 기법입니다."
일본초장기스왑시장,"일본 시장의 초장기 스왑 시장 방식으로, 투자자들이 활용하는 금융 기법입니다."
일본초장기스왑상품,"일본 시장의 초장기 스왑 상품 방식으로, 투자자들이 활용하는 금융 기법입니다."
일본초장기스왑포트폴리오,"일본 시장의 초장기 스왑 포트폴리오 방식으로, 투자자들이 활용하는 금융 기법입니다."
국내단기워런트투자,"국내 시장의 단기 워런트 투자 방식으로, 투자자들이 활용하는 금융 기법입니다."
국내단기워런트거래,"국내 시장의 단기 워런트 거래 방식으로, 투자자들이 활용하는 금융 기법입니다."
국내단기워런트시장,"국내 시장의 단기 워런트 시장 방식으로, 투자자들이 활용하는 금융 기법입니다."
국내단기워런트상품,"국내 시장의 단기 워런트 상품 방식으로, 투자자들이 활용하는 금융 기법입니다."
국내단기워런트포트폴리오,"국내 시장의 단기 워런트 포트폴리오 방식으로, 투자자들이 활용하는 금융 기법입니다."
국내중기워런트투자,"국내 시장의 중기 워런트 투자 방식으로, 투자자들이 활용하는 금융 기법입니다."
국내중기워런트거래,"국내 시장의 중기 워런트 거래 방식으로, 투자자들이 활용하는 금융 기법입니다."
국내중기워런트시장,"국내 시장의 중기 워런트 시장 방식으로, 투자자들이 활용하는 금융 기법입니다."
국내중기워런트상품,"국내 시장의 중기 워런트 상품 방식으로, 투자자들이 활용하는 금융 기법입니다."
국내중기워런트포트폴리오,"국내 시장의 중기 워런트 포트폴리오 방식으로, 투자자들이 활용하는 금융 기법입니다."
국내장기워런트투자,"국내 시장의 장기 워런트 투자 방식으로, 투자자들이 활용하는 금융 기법입니다."
국내장기워런트거래,"국내 시장의 장기 워런트 거래 방식으로, 투자자들이 활용하는 금융 기법입니다."
국내장기워런트시장,"국내 시장의 장기 워런트 시장 방식으로, 투자자들이 활용하는 금융 기법입니다."
국내장기워런트상품,"국내 시장의 장기 워런트 상품 방식으로, 투자자들이 활용하는 금융 기법입니다."
국내장기워런트포트폴리오,"국내 시장의 장기 워런트 포트폴리오 방식으로, 투자자들이 활용하는 금융 기법입니다."
국내초단기워런트투자,"국내 시장의 초단기 워런트 투자 방식으로, 투자자들이 활용하는 금융 기법입니다."
국내초단기워런트거래,"국내 시장의 초단기 워런트 거래 방식으로, 투자자들이 활용하는 금융 기법입니다."
국내초단기워런트시장,"국내 시장의 초단기 워런트 시장 방식으로, 투자자들이 활용하는 금융 기법입니다."
국내초단기워런트상품,"국내 시장의 초단기 워런트 상품 방식으로, 투자자들이 활용하는 금융 기법입니다."
국내초단기워런트포트폴리오,"국내 시장의 초단기 워런트 포트폴리오 방식으로, 투자자들이 활용하는 금융 기법입니다."
국내초장기워런트투자,"국내 시장의 초장기 워런트 투자 방식으로, 투자자들이 활용하는 금융 기법입니다."
국내초장기워런트거래,"국내 시장의 초장기 워런트 거래 방식으로, 투자자들이 활용하는 금융 기법입니다."
국내초장기워런트시장,"국내 시장의 초장기 워런트 시장 방식으로, 투자자들이 활용하는 금융 기법입니다."
국내초장기워런트상품,"국내 시장의 초장기 워런트 상품 방식으로, 투자자들이 활용하는 금융 기법입니다."
국내초장기워런트포트폴리오,"국내 시장의 초장기 워런트 포트폴리오 방식으로, 투자자들이 활용하는 금융 기법입니다."
해외단기워런트투자,"해외 시장의 단기 워런트 투자 방식으로, 투자자들이 활용하는 금융 기법입니다."
해외단기워런트거래,"해외 시장의 단기 워런트 거래 방식으로, 투자자들이 활용하는 금융 기법입니다."
해외단기워런트시장,"해외 시장의 단기 워런트 시장 방식으로, 투자자들이 활용하는 금융 기법입니다."
해외단기워런트상품,"해외 시장의 단기 워런트 상품 방식으로, 투자자들이 활용하는 금융 기법입니다."
해외단기워런트포트폴리오,"해외 시장의 단기 워런트 포트폴리오 방식으로, 투자자들이 활용하는 금융 기법입니다."
해외중기워런트투자,"해외 시장의 중기 워런트 투자 방식으로, 투자자들이 활용하는 금융 기법입니다."
해외중기워런트거래,"해외 시장의 중기 워런트 거래 방식으로, 투자자들이 활용하는 금융 기법입니다."
해외중기워런트시장,"해외 시장의 중기 워런트 시장 방식으로, 투자자들이 활용하는 금융 기법입니다."
해외중기워런트상품,"해외 시장의 중기 워런트 상품 방식으로, 투자자들이 활용하는 금융 기법입니다."
해외중기워런트포트폴리오,"해외 시장의 중기 워런트 포트폴리오 방식으로, 투자자들이 활용하는 금융 기법입니다."
해외장기워런트투자,"해외 시장의 장기 워런트 투자 방식으로, 투자자들이 활용하는 금융 기법입니다."
해외장기워런트거래,"해외 시장의 장기 워런트 거래 방식으로, 투자자들이 활용하는 금융 기법입니다."
해외장기워런트시장,"해외 시장의 장기 워런트 시장 방식으로, 투자자들이 활용하는 금융 기법입니다."
해외장기워런트상품,"해외 시장의 장기 워런트 상품 방식으로, 투자자들이 활용하는 금융 기법입니다."
해외장기워런트포트폴리오,"해외 시장의 장기 워런트 포트폴리오 방식으로, 투자자들이 활용하는 금융 기법입니다."
해외초단기워런트투자,"해외 시장의 초단기 워런트 투자 방식으로, 투자자들이 활용하는 금융 기법입니다."
해외초단기워런트거래,"해외 시장의 초단기 워런트 거래 방식으로, 투자자들이 활용하는 금융 기법입니다."
해외초단기워런트시장,"해외 시장의 초단기 워런트 시장 방식으로, 투자자들이 활용하는 금융 기법입니다."
해외초단기워런트상품,"해외 시장의 초단기 워런트 상품 방식으로, 투자자들이 활용하는 금융 기법입니다."
해외초단기워런트포트폴리오,"해외 시장의 초단기 워런트 포트폴리오 방식으로, 투자자들이 활용하는 금융 기법입니다."
해외초장기워런트투자,"해외 시장의 초장기 워런트 투자 방식으로, 투자자들이 활용하는 금융 기법입니다."
해외초장기워런트거래,"해외 시장의 초장기 워런트 거래 방식으로, 투자자들이 활용하는 금융 기법입니다."
해외초장기워런트시장,"해외 시장의 초장기 워런트 시장 방식으로, 투자자들이 활용하는 금융 기법입니다."
해외초장기워런트상품,"해외 시장의 초장기 워런트 상품 방식으로, 투자자들이 활용하는 금융 기법입니다."
해외초장기워런트포트폴리오,"해외 시장의 초장기 워런트 포트폴리오 방식으로, 투자자들이 활용하는 금융 기법입니다."
글로벌단기워런트투자,"글로벌 시장의 단기 워런트 투자 방식으로, 투자자들이 활용하는 금융 기법입니다."
글로벌단기워런트거래,"글로벌 시장의 단기 워런트 거래 방식으로, 투자자들이 활용하는 금융 기법입니다."
글로벌단기워런트시장,"글로벌 시장의 단기 워런트 시장 방식으로, 투자자들이 활용하는 금융 기법입니다."
글로벌단기워런트상품,"글로벌 시장의 단기 워런트 상품 방식으로, 투자자들이 활용하는 금융 기법입니다."
글로벌단기워런트포트폴리오,"글로벌 시장의 단기 워런트 포트폴리오 방식으로, 투자자들이 활용하는 금융 기법입니다."
글로벌중기워런트투자,"글로벌 시장의 중기 워런트 투자 방식으로, 투자자들이 활용하는 금융 기법입니다."
글로벌중기워런트거래,"글로벌 시장의 중기 워런트 거래 방식으로, 투자자들이 활용하는 금융 기법입니다."
글로벌중기워런트시장,"글로벌 시장의 중기 워런트 시장 방식으로, 투자자들이 활용하는 금융 기법입니다."
글로벌중기워런트상품,"글로벌 시장의 중기 워런트 상품 방식으로, 투자자들이 활용하는 금융 기법입니다."
글로벌중기워런트포트폴리오,"글로벌 시장의 중기 워런트 포트폴리오 방식으로, 투자자들이 활용하는 금융 기법입니다."
글로벌장기워런트투자,"글로벌 시장의 장기 워런트 투자 방식으로, 투자자들이 활용하는 금융 기법입니다."
글로벌장기워런트거래,"글로벌 시장의 장기 워런트 거래 방식으로, 투자자들이 활용하는 금융 기법입니다."
글로벌장기워런트시장,"글로벌 시장의 장기 워런트 시장 방식으로, 투자자들이 활용하는 금융 기법입니다."
글로벌장기워런트상품,"글로벌 시장의 장기 워런트 상품 방식으로, 투자자들이 활용하는 금융 기법입니다."
글로벌장기워런트포트폴리오,"글로벌 시장의 장기 워런트 포트폴리오 방식으로, 투자자들이 활용하는 금융 기법입니다."
글로벌초단기워런트투자,"글로벌 시장의 초단기 워런트 투자 방식으로, 투자자들이 활용하는 금융 기법입니다."
글로벌초단기워런트거래,"글로벌 시장의 초단기 워런트 거래 방식으로, 투자자들이 활용하는 금융 기법입니다."
글로벌초단기워런트시장,"글로벌 시장의 초단기 워런트 시장 방식으로, 투자자들이 활용하는 금융 기법입니다."
글로벌초단기워런트상품,"글로벌 시장의 초단기 워런트 상품 방식으로, 투자자들이 활용하는 금융 기법입니다."
글로벌초단기워런트포트폴리오,"글로벌 시장의 초단기 워런트 포트폴리오 방식으로, 투자자들이 활용하는 금융 기법입니다."
글로벌초장기워런트투자,"글로벌 시장의 초장기 워런트 투자 방식으로, 투자자들이 활용하는 금융 기법입니다."
글로벌초장기워런트거래,"글로벌 시장의 초장기 워런트 거래 방식으로, 투자자들이 활용하는 금융 기법입니다."
글로벌초장기워런트시장,"글로벌 시장의 초장기 워런트 시장 방식으로, 투자자들이 활용하는 금융 기법입니다."
글로벌초장기워런트상품,"글로벌 시장의 초장기 워런트 상품 방식으로, 투자자들이 활용하는 금융 기법입니다."
글로벌초장기워런트포트폴리오,"글로벌 시장의 초장기 워런트 포트폴리오 방식으로, 투자자들이 활용하는 금융 기법입니다."
미국단기워런트투자,"미국 시장의 단기 워런트 투자 방식으로, 투자자들이 활용하는 금융 기법입니다."
미국단기워런트거래,"미국 시장의 단기 워런트 거래 방식으로, 투자자들이 활용하는 금융 기법입니다."
미국단기워런트시장,"미국 시장의 단기 워런트 시장 방식으로, 투자자들이 활용하는 금융 기법입니다."
미국단기워런트상품,"미국 시장의 단기 워런트 상품 방식으로, 투자자들이 활용하는 금융 기법입니다."
미국단기워런트포트폴리오,"미국 시장의 단기 워런트 포트폴리오 방식으로, 투자자들이 활용하는 금융 기법입니다."
미국중기워런트투자,"미국 시장의 중기 워런트 투자 방식으로, 투자자들이 활용하는 금융 기법입니다."
미국중기워런트거래,"미국 시장의 중기 워런트 거래 방식으로, 투자자들이 활용하는 금융 기법입니다."
미국중기워런트시장,"미국 시장의 중기 워런트 시장 방식으로, 투자자들이 활용하는 금융 기법입니다."
미국중기워런트상품,"미국 시장의 중기 워런트 상품 방식으로, 투자자들이 활용하는 금융 기법입니다."
미국중기워런트포트폴리오,"미국 시장의 중기 워런트 포트폴리오 방식으로, 투자자들이 활용하는 금융 기법입니다."
미국장기워런트투자,"미국 시장의 장기 워런트 투자 방식으로, 투자자들이 활용하는 금융 기법입니다."
미국장기워런트거래,"미국 시장의 장기 워런트 거래 방식으로, 투자자들이 활용하는 금융 기법입니다."
미국장기워런트시장,"미국 시장의 장기 워런트 시장 방식으로, 투자자들이 활용하는 금융 기법입니다."
미국장기워런트상품,"미국 시장의 장기 워런트 상품 방식으로, 투자자들이 활용하는 금융 기법입니다."
미국장기워런트포트폴리오,"미국 시장의 장기 워런트 포트폴리오 방식으로, 투자자들이 활용하는 금융 기법입니다."
미국초단기워런트투자,"미국 시장의 초단기 워런트 투자 방식으로, 투자자들이 활용하는 금융 기법입니다."
미국초단기워런트거래,"미국 시장의 초단기 워런트 거래 방식으로, 투자자들이 활용하는 금융 기법입니다."
미국초단기워런트시장,"미국 시장의 초단기 워런트 시장 방식으로, 투자자들이 활용하는 금융 기법입니다."
미국초단기워런트상품,"미국 시장의 초단기 워런트 상품 방식으로, 투자자들이 활용하는 금융 기법입니다."
미국초단기워런트포트폴리오,"미국 시장의 초단기 워런트 포트폴리오 방식으로, 투자자들이 활용하는 금융 기법입니다."
미국초장기워런트투자,"미국 시장의 초장기 워런트 투자 방식으로, 투자자들이 활용하는 금융 기법입니다."
미국초장기워런트거래,"미국 시장의 초장기 워런트 거래 방식으로, 투자자들이 활용하는 금융 기법입니다."
미국초장기워런트시장,"미국 시장의 초장기 워런트 시장 방식으로, 투자자들이 활용하는 금융 기법입니다."
미국초장기워런트상품,"미국 시장의 초장기 워런트 상품 방식으로, 투자자들이 활용하는 금융 기법입니다."
미국초장기워런트포트폴리오,"미국 시장의 초장기 워런트 포트폴리오 방식으로, 투자자들이 활용하는 금융 기법입니다."
유럽단기워런트투자,"유럽 시장의 단기 워런트 투자 방식으로, 투자자들이 활용하는 금융 기법입니다."
유럽단기워런트거래,"유럽 시장의 단기 워런트 거래 방식으로, 투자자들이 활용하는 금융 기법입니다."
유럽단기워런트시장,"유럽 시장의 단기 워런트 시장 방식으로, 투자자들이 활용하는 금융 기법입니다."
유럽단기워런트상품,"유럽 시장의 단기 워런트 상품 방식으로, 투자자들이 활용하는 금융 기법입니다."
유럽단기워런트포트폴리오,"유럽 시장의 단기 워런트 포트폴리오 방식으로, 투자자들이 활용하는 금융 기법입니다."
유럽중기워런트투자,"유럽 시장의 중기 워런트 투자 방식으로, 투자자들이 활용하는 금융 기법입니다."
유럽중기워런트거래,"유럽 시장의 중기 워런트 거래 방식으로, 투자자들이 활용하는 금융 기법입니다."
유럽중기워런트시장,"유럽 시장의 중기 워런트 시장 방식으로, 투자자들이 활용하는 금융 기법입니다."
유럽중기워런트상품,"유럽 시장의 중기 워런트 상품 방식으로, 투자자들이 활용하는 금융 기법입니다."
유럽중기워런트포트폴리오,"유럽 시장의 중기 워런트 포트폴리오 방식으로, 투자자들이 활용하는 금융 기법입니다."
유럽장기워런트투자,"유럽 시장의 장기 워런트 투자 방식으로, 투자자들이 활용하는 금융 기법입니다."
유럽장기워런트거래,"유럽 시장의 장기 워런트 거래 방식으로, 투자자들이 활용하는 금융 기법입니다."
유럽장기워런트시장,"유럽 시장의 장기 워런트 시장 방식으로, 투자자들이 활용하는 금융 기법입니다."
유럽장기워런트상품,"유럽 시장의 장기 워런트 상품 방식으로, 투자자들이 활용하는 금융 기법입니다."
유럽장기워런트포트폴리오,"유럽 시장의 장기 워런트 포트폴리오 방식으로, 투자자들이 활용하는 금융 기법입니다."
유럽초단기워런트투자,"유럽 시장의 초단기 워런트 투자 방식으로, 투자자들이 활용하는 금융 기법입니다."
유럽초단기워런트거래,"유럽 시장의 초단기 워런트 거래 방식으로, 투자자들이 활용하는 금융 기법입니다."
유럽초단기워런트시장,"유럽 시장의 초단기 워런트 시장 방식으로, 투자자들이 활용하는 금융 기법입니다."
유럽초단기워런트상품,"유럽 시장의 초단기 워런트 상품 방식으로, 투자자들이 활용하는 금융 기법입니다."
유럽초단기워런트포트폴리오,"유럽 시장의 초단기 워런트 포트폴리오 방식으로, 투자자들이 활용하는 금융 기법입니다."
유럽초장기워런트투자,"유럽 시장의 초장기 워런트 투자 방식으로, 투자자들이 활용하는 금융 기법입니다."
유럽초장기워런트거래,"유럽 시장의 초장기 워런트 거래 방식으로, 투자자들이 활용하는 금융 기법입니다."
유럽초장기워런트시장,"유럽 시장의 초장기 워런트 시장 방식으로, 투자자들이 활용하는 금융 기법입니다."
유럽초장기워런트상품,"유럽 시장의 초장기 워런트 상품 방식으로, 투자자들이 활용하는 금융 기법입니다."
유럽초장기워런트포트폴리오,"유럽 시장의 초장기 워런트 포트폴리오 방식으로, 투자자들이 활용하는 금융 기법입니다."
아시아단기워런트투자,"아시아 시장의 단기 워런트 투자 방식으로, 투자자들이 활용하는 금융 기법입니다."
아시아단기워런트거래,"아시아 시장의 단기 워런트 거래 방식으로, 투자자들이 활용하는 금융 기법입니다."
아시아단기워런트시장,"아시아 시장의 단기 워런트 시장 방식으로, 투자자들이 활용하는 금융 기법입니다."
아시아단기워런트상품,"아시아 시장의 단기 워런트 상품 방식으로, 투자자들이 활용하는 금융 기법입니다."
아시아단기워런트포트폴리오,"아시아 시장의 단기 워런트 포트폴리오 방식으로, 투자자들이 활용하는 금융 기법입니다."
아시아중기워런트투자,"아시아 시장의 중기 워런트 투자 방식으로, 투자자들이 활용하는 금융 기법입니다."
아시아중기워런트거래,"아시아 시장의 중기 워런트 거래 방식으로, 투자자들이 활용하는 금융 기법입니다."
아시아중기워런트시장,"아시아 시장의 중기 워런트 시장 방식으로, 투자자들이 활용하는 금융 기법입니다."
아시아중기워런트상품,"아시아 시장의 중기 워런트 상품 방식으로, 투자자들이 활용하는 금융 기법입니다."
아시아중기워런트포트폴리오,"아시아 시장의 중기 워런트 포트폴리오 방식으로, 투자자들이 활용하는 금융 기법입니다."
아시아장기워런트투자,"아시아 시장의 장기 워런트 투자 방식으로, 투자자들이 활용하는 금융 기법입니다."
아시아장기워런트거래,"아시아 시장의 장기 워런트 거래 방식으로, 투자자들이 활용하는 금융 기법입니다."
아시아장기워런트시장,"아시아 시장의 장기 워런트 시장 방식으로, 투자자들이 활용하는 금융 기법입니다."
아시아장기워런트상품,"아시아 시장의 장기 워런트 상품 방식으로, 투자자들이 활용하는 금융 기법입니다."
아시아장기워런트포트폴리오,"아시아 시장의 장기 워런트 포트폴리오 방식으로, 투자자들이 활용하는 금융 기법입니다."
아시아초단기워런트투자,"아시아 시장의 초단기 워런트 투자 방식으로, 투자자들이 활용하는 금융 기법입니다."
아시아초단기워런트거래,"아시아 시장의 초단기 워런트 거래 방식으로, 투자자들이 활용하는 금융 기법입니다."
아시아초단기워런트시장,"아시아 시장의 초단기 워런트 시장 방식으로, 투자자들이 활용하는 금융 기법입니다."
아시아초단기워런트상품,"아시아 시장의 초단기 워런트 상품 방식으로, 투자자들이 활용하는 금융 기법입니다."
아시아초단기워런트포트폴리오,"아시아 시장의 초단기 워런트 포트폴리오 방식으로, 투자자들이 활용하는 금융 기법입니다."
아시아초장기워런트투자,"아시아 시장의 초장기 워런트 투자 방식으로, 투자자들이 활용하는 금융 기법입니다."
아시아초장기워런트거래,"아시아 시장의 초장기 워런트 거래 방식으로, 투자자들이 활용하는 금융 기법입니다."
아시아초장기워런트시장,"아시아 시장의 초장기 워런트 시장 방식으로, 투자자들이 활용하는 금융 기법입니다."
아시아초장기워런트상품,"아시아 시장의 초장기 워런트 상품 방식으로, 투자자들이 활용하는 금융 기법입니다."
아시아초장기워런트포트폴리오,"아시아 시장의 초장기 워런트 포트폴리오 방식으로, 투자자들이 활용하는 금융 기법입니다."
신흥국단기워런트투자,"신흥국 시장의 단기 워런트 투자 방식으로, 투자자들이 활용하는 금융 기법입니다."
신흥국단기워런트거래,"신흥국 시장의 단기 워런트 거래 방식으로, 투자자들이 활용하는 금융 기법입니다."
신흥국단기워런트시장,"신흥국 시장의 단기 워런트 시장 방식으로, 투자자들이 활용하는 금융 기법입니다."
신흥국단기워런트상품,"신흥국 시장의 단기 워런트 상품 방식으로, 투자자들이 활용하는 금융 기법입니다."
신흥국단기워런트포트폴리오,"신흥국 시장의 단기 워런트 포트폴리오 방식으로, 투자자들이 활용하는 금융 기법입니다."
신흥국중기워런트투자,"신흥국 시장의 중기 워런트 투자 방식으로, 투자자들이 활용하는 금융 기법입니다."
신흥국중기워런트거래,"신흥국 시장의 중기 워런트 거래 방식으로, 투자자들이 활용하는 금융 기법입니다."
신흥국중기워런트시장,"신흥국 시장의 중기 워런트 시장 방식으로, 투자자들이 활용하는 금융 기법입니다."
신흥국중기워런트상품,"신흥국 시장의 중기 워런트 상품 방식으로, 투자자들이 활용하는 금융 기법입니다."
신흥국중기워런트포트폴리오,"신흥국 시장의 중기 워런트 포트폴리오 방식으로, 투자자들이 활용하는 금융 기법입니다."
신흥국장기워런트투자,"신흥국 시장의 장기 워런트 투자 방식으로, 투자자들이 활용하는 금융 기법입니다."
신흥국장기워런트거래,"신흥국 시장의 장기 워런트 거래 방식으로, 투자자들이 활용하는 금융 기법입니다."
신흥국장기워런트시장,"신흥국 시장의 장기 워런트 시장 방식으로, 투자자들이 활용하는 금융 기법입니다."
신흥국장기워런트상품,"신흥국 시장의 장기 워런트 상품 방식으로, 투자자들이 활용하는 금융 기법입니다."
신흥국장기워런트포트폴리오,"신흥국 시장의 장기 워런트 포트폴리오 방식으로, 투자자들이 활용하는 금융 기법입니다."
신흥국초단기워런트투자,"신흥국 시장의 초단기 워런트 투자 방식으로, 투자자들이 활용하는 금융 기법입니다."
신흥국초단기워런트거래,"신흥국 시장의 초단기 워런트 거래 방식으로, 투자자들이 활용하는 금융 기법입니다."
신흥국초단기워런트시장,"신흥국 시장의 초단기 워런트 시장 방식으로, 투자자들이 활용하는 금융 기법입니다."
신흥국초단기워런트상품,"신흥국 시장의 초단기 워런트 상품 방식으로, 투자자들이 활용하는 금융 기법입니다."
신흥국초단기워런트포트폴리오,"신흥국 시장의 초단기 워런트 포트폴리오 방식으로, 투자자들이 활용하는 금융 기법입니다."
신흥국초장기워런트투자,"신흥국 시장의 초장기 워런트 투자 방식으로, 투자자들이 활용하는 금융 기법입니다."
신흥국초장기워런트거래,"신흥국 시장의 초장기 워런트 거래 방식으로, 투자자들이 활용하는 금융 기법입니다."
신흥국초장기워런트시장,"신흥국 시장의 초장기 워런트 시장 방식으로, 투자자들이 활용하는 금융 기법입니다."
신흥국초장기워런트상품,"신흥국 시장의 초장기 워런트 상품 방식으로, 투자자들이 활용하는 금융 기법입니다."
신흥국초장기워런트포트폴리오,"신흥국 시장의 초장기 워런트 포트폴리오 방식으로, 투자자들이 활용하는 금융 기법입니다."
선진국단기워런트투자,"선진국 시장의 단기 워런트 투자 방식으로, 투자자들이 활용하는 금융 기법입니다."
선진국단기워런트거래,"선진국 시장의 단기 워런트 거래 방식으로, 투자자들이 활용하는 금융 기법입니다."
선진국단기워런트시장,"선진국 시장의 단기 워런트 시장 방식으로, 투자자들이 활용하는 금융 기법입니다."
선진국단기워런트상품,"선진국 시장의 단기 워런트 상품 방식으로, 투자자들이 활용하는 금융 기법입니다."
선진국단기워런트포트폴리오,"선진국 시장의 단기 워런트 포트폴리오 방식으로, 투자자들이 활용하는 금융 기법입니다."
선진국중기워런트투자,"선진국 시장의 중기 워런트 투자 방식으로, 투자자들이 활용하는 금융 기법입니다."
선진국중기워런트거래,"선진국 시장의 중기 워런트 거래 방식으로, 투자자들이 활용하는 금융 기법입니다."
선진국중기워런트시장,"선진국 시장의 중기 워런트 시장 방식으로, 투자자들이 활용하는 금융 기법입니다."
선진국중기워런트상품,"선진국 시장의 중기 워런트 상품 방식으로, 투자자들이 활용하는 금융 기법입니다."
선진국중기워런트포트폴리오,"선진국 시장의 중기 워런트 포트폴리오 방식으로, 투자자들이 활용하는 금융 기법입니다."
선진국장기워런트투자,"선진국 시장의 장기 워런트 투자 방식으로, 투자자들이 활용하는 금융 기법입니다."
선진국장기워런트거래,"선진국 시장의 장기 워런트 거래 방식으로, 투자자들이 활용하는 금융 기법입니다."
선진국장기워런트시장,"선진국 시장의 장기 워런트 시장 방식으로, 투자자들이 활용하는 금융 기법입니다."
선진국장기워런트상품,"선진국 시장의 장기 워런트 상품 방식으로, 투자자들이 활용하는 금융 기법입니다."
선진국장기워런트포트폴리오,"선진국 시장의 장기 워런트 포트폴리오 방식으로, 투자자들이 활용하는 금융 기법입니다."
선진국초단기워런트투자,"선진국 시장의 초단기 워런트 투자 방식으로, 투자자들이 활용하는 금융 기법입니다."
선진국초단기워런트거래,"선진국 시장의 초단기 워런트 거래 방식으로, 투자자들이 활용하는 금융 기법입니다."
선진국초단기워런트시장,"선진국 시장의 초단기 워런트 시장 방식으로, 투자자들이 활용하는 금융 기법입니다."
선진국초단기워런트상품,"선진국 시장의 초단기 워런트 상품 방식으로, 투자자들이 활용하는 금융 기법입니다."
선진국초단기워런트포트폴리오,"선진국 시장의 초단기 워런트 포트폴리오 방식으로, 투자자들이 활용하는 금융 기법입니다."
선진국초장기워런트투자,"선진국 시장의 초장기 워런트 투자 방식으로, 투자자들이 활용하는 금융 기법입니다."
선진국초장기워런트거래,"선진국 시장의 초장기 워런트 거래 방식으로, 투자자들이 활용하는 금융 기법입니다."
선진국초장기워런트시장,"선진국 시장의 초장기 워런트 시장 방식으로, 투자자들이 활용하는 금융 기법입니다."
선진국초장기워런트상품,"선진국 시장의 초장기 워런트 상품 방식으로, 투자자들이 활용하는 금융 기법입니다."
선진국초장기워런트포트폴리오,"선진국 시장의 초장기 워런트 포트폴리오 방식으로, 투자자들이 활용하는 금융 기법입니다."
중국단기워런트투자,"중국 시장의 단기 워런트 투자 방식으로, 투자자들이 활용하는 금융 기법입니다."
중국단기워런트거래,"중국 시장의 단기 워런트 거래 방식으로, 투자자들이 활용하는 금융 기법입니다."
중국단기워런트시장,"중국 시장의 단기 워런트 시장 방식으로, 투자자들이 활용하는 금융 기법입니다."
중국단기워런트상품,"중국 시장의 단기 워런트 상품 방식으로, 투자자들이 활용하는 금융 기법입니다."
중국단기워런트포트폴리오,"중국 시장의 단기 워런트 포트폴리오 방식으로, 투자자들이 활용하는 금융 기법입니다."
중국중기워런트투자,"중국 시장의 중기 워런트 투자 방식으로, 투자자들이 활용하는 금융 기법입니다."
중국중기워런트거래,"중국 시장의 중기 워런트 거래 방식으로, 투자자들이 활용하는 금융 기법입니다."
중국중기워런트시장,"중국 시장의 중기 워런트 시장 방식으로, 투자자들이 활용하는 금융 기법입니다."
중국중기워런트상품,"중국 시장의 중기 워런트 상품 방식으로, 투자자들이 활용하는 금융 기법입니다."
중국중기워런트포트폴리오,"중국 시장의 중기 워런트 포트폴리오 방식으로, 투자자들이 활용하는 금융 기법입니다."
중국장기워런트투자,"중국 시장의 장기 워런트 투자 방식으로, 투자자들이 활용하는 금융 기법입니다."
중국장기워런트거래,"중국 시장의 장기 워런트 거래 방식으로, 투자자들이 활용하는 금융 기법입니다."
중국장기워런트시장,"중국 시장의 장기 워런트 시장 방식으로, 투자자들이 활용하는 금융 기법입니다."
중국장기워런트상품,"중국 시장의 장기 워런트 상품 방식으로, 투자자들이 활용하는 금융 기법입니다."
중국장기워런트포트폴리오,"중국 시장의 장기 워런트 포트폴리오 방식으로, 투자자들이 활용하는 금융 기법입니다."
중국초단기워런트투자,"중국 시장의 초단기 워런트 투자 방식으로, 투자자들이 활용하는 금융 기법입니다."
중국초단기워런트거래,"중국 시장의 초단기 워런트 거래 방식으로, 투자자들이 활용하는 금융 기법입니다."
중국초단기워런트시장,"중국 시장의 초단기 워런트 시장 방식으로, 투자자들이 활용하는 금융 기법입니다."
중국초단기워런트상품,"중국 시장의 초단기 워런트 상품 방식으로, 투자자들이 활용하는 금융 기법입니다."
중국초단기워런트포트폴리오,"중국 시장의 초단기 워런트 포트폴리오 방식으로, 투자자들이 활용하는 금융 기법입니다."
중국초장기워런트투자,"중국 시장의 초장기 워런트 투자 방식으로, 투자자들이 활용하는 금융 기법입니다."
중국초장기워런트거래,"중국 시장의 초장기 워런트 거래 방식으로, 투자자들이 활용하는 금융 기법입니다."
중국초장기워런트시장,"중국 시장의 초장기 워런트 시장 방식으로, 투자자들이 활용하는 금융 기법입니다."
중국초장기워런트상품,"중국 시장의 초장기 워런트 상품 방식으로, 투자자들이 활용하는 금융 기법입니다."
중국초장기워런트포트폴리오,"중국 시장의 초장기 워런트 포트폴리오 방식으로, 투자자들이 활용하는 금융 기법입니다."
일본단기워런트투자,"일본 시장의 단기 워런트 투자 방식으로, 투자자들이 활용하는 금융 기법입니다."
일본단기워런트거래,"일본 시장의 단기 워런트 거래 방식으로, 투자자들이 활용하는 금융 기법입니다."
일본단기워런트시장,"일본 시장의 단기 워런트 시장 방식으로, 투자자들이 활용하는 금융 기법입니다."
일본단기워런트상품,"일본 시장의 단기 워런트 상품 방식으로, 투자자들이 활용하는 금융 기법입니다."
일본단기워런트포트폴리오,"일본 시장의 단기 워런트 포트폴리오 방식으로, 투자자들이 활용하는 금융 기법입니다."
일본중기워런트투자,"일본 시장의 중기 워런트 투자 방식으로, 투자자들이 활용하는 금융 기법입니다."
일본중기워런트거래,"일본 시장의 중기 워런트 거래 방식으로, 투자자들이 활용하는 금융 기법입니다."
일본중기워런트시장,"일본 시장의 중기 워런트 시장 방식으로, 투자자들이 활용하는 금융 기법입니다."
일본중기워런트상품,"일본 시장의 중기 워런트 상품 방식으로, 투자자들이 활용하는 금융 기법입니다."
일본중기워런트포트폴리오,"일본 시장의 중기 워런트 포트폴리오 방식으로, 투자자들이 활용하는 금융 기법입니다."
일본장기워런트투자,"일본 시장의 장기 워런트 투자 방식으로, 투자자들이 활용하는 금융 기법입니다."
일본장기워런트거래,"일본 시장의 장기 워런트 거래 방식으로, 투자자들이 활용하는 금융 기법입니다."
일본장기워런트시장,"일본 시장의 장기 워런트 시장 방식으로, 투자자들이 활용하는 금융 기법입니다."
일본장기워런트상품,"일본 시장의 장기 워런트 상품 방식으로, 투자자들이 활용하는 금융 기법입니다."
일본장기워런트포트폴리오,"일본 시장의 장기 워런트 포트폴리오 방식으로, 투자자들이 활용하는 금융 기법입니다."
일본초단기워런트투자,"일본 시장의 초단기 워런트 투자 방식으로, 투자자들이 활용하는 금융 기법입니다."
일본초단기워런트거래,"일본 시장의 초단기 워런트 거래 방식으로, 투자자들이 활용하는 금융 기법입니다."
일본초단기워런트시장,"일본 시장의 초단기 워런트 시장 방식으로, 투자자들이 활용하는 금융 기법입니다."
일본초단기워런트상품,"일본 시장의 초단기 워런트 상품 방식으로, 투자자들이 활용하는 금융 기법입니다."
일본초단기워런트포트폴리오,"일본 시장의 초단기 워런트 포트폴리오 방식으로, 투자자들이 활용하는 금융 기법입니다."
일본초장기워런트투자,"일본 시장의 초장기 워런트 투자 방식으로, 투자자들이 활용하는 금융 기법입니다."
일본초장기워런트거래,"일본 시장의 초장기 워런트 거래 방식으로, 투자자들이 활용하는 금융 기법입니다."
일본초장기워런트시장,"일본 시장의 초장기 워런트 시장 방식으로, 투자자들이 활용하는 금융 기법입니다."
일본초장기워런트상품,"일본 시장의 초장기 워런트 상품 방식으로, 투자자들이 활용하는 금융 기법입니다."
일본초장기워런트포트폴리오,"일본 시장의 초장기 워런트 포트폴리오 방식으로, 투자자들이 활용하는 금융 기법입니다."
국내단기리츠투자,"국내 시장의 단기 리츠 투자 방식으로, 투자자들이 활용하는 금융 기법입니다."
국내단기리츠거래,"국내 시장의 단기 리츠 거래 방식으로, 투자자들이 활용하는 금융 기법입니다."
국내단기리츠시장,"국내 시장의 단기 리츠 시장 방식으로, 투자자들이 활용하는 금융 기법입니다."
국내단기리츠상품,"국내 시장의 단기 리츠 상품 방식으로, 투자자들이 활용하는 금융 기법입니다."
국내단기리츠포트폴리오,"국내 시장의 단기 리츠 포트폴리오 방식으로, 투자자들이 활용하는 금융 기법입니다."
국내중기리츠투자,"국내 시장의 중기 리츠 투자 방식으로, 투자자들이 활용하는 금융 기법입니다."
국내중기리츠거래,"국내 시장의 중기 리츠 거래 방식으로, 투자자들이 활용하는 금융 기법입니다."
국내중기리츠시장,"국내 시장의 중기 리츠 시장 방식으로, 투자자들이 활용하는 금융 기법입니다."
국내중기리츠상품,"국내 시장의 중기 리츠 상품 방식으로, 투자자들이 활용하는 금융 기법입니다."
국내중기리츠포트폴리오,"국내 시장의 중기 리츠 포트폴리오 방식으로, 투자자들이 활용하는 금융 기법입니다."
국내장기리츠투자,"국내 시장의 장기 리츠 투자 방식으로, 투자자들이 활용하는 금융 기법입니다."
국내장기리츠거래,"국내 시장의 장기 리츠 거래 방식으로, 투자자들이 활용하는 금융 기법입니다."
국내장기리츠시장,"국내 시장의 장기 리츠 시장 방식으로, 투자자들이 활용하는 금융 기법입니다."
국내장기리츠상품,"국내 시장의 장기 리츠 상품 방식으로, 투자자들이 활용하는 금융 기법입니다."
국내장기리츠포트폴리오,"국내 시장의 장기 리츠 포트폴리오 방식으로, 투자자들이 활용하는 금융 기법입니다."
국내초단기리츠투자,"국내 시장의 초단기 리츠 투자 방식으로, 투자자들이 활용하는 금융 기법입니다."
국내초단기리츠거래,"국내 시장의 초단기 리츠 거래 방식으로, 투자자들이 활용하는 금융 기법입니다."
국내초단기리츠시장,"국내 시장의 초단기 리츠 시장 방식으로, 투자자들이 활용하는 금융 기법입니다."
국내초단기리츠상품,"국내 시장의 초단기 리츠 상품 방식으로, 투자자들이 활용하는 금융 기법입니다."
국내초단기리츠포트폴리오,"국내 시장의 초단기 리츠 포트폴리오 방식으로, 투자자들이 활용하는 금융 기법입니다."
국내초장기리츠투자,"국내 시장의 초장기 리츠 투자 방식으로, 투자자들이 활용하는 금융 기법입니다."
국내초장기리츠거래,"국내 시장의 초장기 리츠 거래 방식으로, 투자자들이 활용하는 금융 기법입니다."
국내초장기리츠시장,"국내 시장의 초장기 리츠 시장 방식으로, 투자자들이 활용하는 금융 기법입니다."
국내초장기리츠상품,"국내 시장의 초장기 리츠 상품 방식으로, 투자자들이 활용하는 금융 기법입니다."
국내초장기리츠포트폴리오,"국내 시장의 초장기 리츠 포트폴리오 방식으로, 투자자들이 활용하는 금융 기법입니다."
해외단기리츠투자,"해외 시장의 단기 리츠 투자 방식으로, 투자자들이 활용하는 금융 기법입니다."
해외단기리츠거래,"해외 시장의 단기 리츠 거래 방식으로, 투자자들이 활용하는 금융 기법입니다."
해외단기리츠시장,"해외 시장의 단기 리츠 시장 방식으로, 투자자들이 활용하는 금융 기법입니다."
해외단기리츠상품,"해외 시장의 단기 리츠 상품 방식으로, 투자자들이 활용하는 금융 기법입니다."
해외단기리츠포트폴리오,"해외 시장의 단기 리츠 포트폴리오 방식으로, 투자자들이 활용하는 금융 기법입니다."
해외중기리츠투자,"해외 시장의 중기 리츠 투자 방식으로, 투자자들이 활용하는 금융 기법입니다."
해외중기리츠거래,"해외 시장의 중기 리츠 거래 방식으로, 투자자들이 활용하는 금융 기법입니다."
해외중기리츠시장,"해외 시장의 중기 리츠 시장 방식으로, 투자자들이 활용하는 금융 기법입니다."
해외중기리츠상품,"해외 시장의 중기 리츠 상품 방식으로, 투자자들이 활용하는 금융 기법입니다."
해외중기리츠포트폴리오,"해외 시장의 중기 리츠 포트폴리오 방식으로, 투자자들이 활용하는 금융 기법입니다."
해외장기리츠투자,"해외 시장의 장기 리츠 투자 방식으로, 투자자들이 활용하는 금융 기법입니다."
해외장기리츠거래,"해외 시장의 장기 리츠 거래 방식으로, 투자자들이 활용하는 금융 기법입니다."
해외장기리츠시장,"해외 시장의 장기 리츠 시장 방식으로, 투자자들이 활용하는 금융 기법입니다."
해외장기리츠상품,"해외 시장의 장기 리츠 상품 방식으로, 투자자들이 활용하는 금융 기법입니다."
해외장기리츠포트폴리오,"해외 시장의 장기 리츠 포트폴리오 방식으로, 투자자들이 활용하는 금융 기법입니다."
해외초단기리츠투자,"해외 시장의 초단기 리츠 투자 방식으로, 투자자들이 활용하는 금융 기법입니다."
해외초단기리츠거래,"해외 시장의 초단기 리츠 거래 방식으로, 투자자들이 활용하는 금융 기법입니다."
해외초단기리츠시장,"해외 시장의 초단기 리츠 시장 방식으로, 투자자들이 활용하는 금융 기법입니다."
해외초단기리츠상품,"해외 시장의 초단기 리츠 상품 방식으로, 투자자들이 활용하는 금융 기법입니다."
해외초단기리츠포트폴리오,"해외 시장의 초단기 리츠 포트폴리오 방식으로, 투자자들이 활용하는 금융 기법입니다."
해외초장기리츠투자,"해외 시장의 초장기 리츠 투자 방식으로, 투자자들이 활용하는 금융 기법입니다."
해외초장기리츠거래,"해외 시장의 초장기 리츠 거래 방식으로, 투자자들이 활용하는 금융 기법입니다."
해외초장기리츠시장,"해외 시장의 초장기 리츠 시장 방식으로, 투자자들이 활용하는 금융 기법입니다."
해외초장기리츠상품,"해외 시장의 초장기 리츠 상품 방식으로, 투자자들이 활용하는 금융 기법입니다."
해외초장기리츠포트폴리오,"해외 시장의 초장기 리츠 포트폴리오 방식으로, 투자자들이 활용하는 금융 기법입니다."
글로벌단기리츠투자,"글로벌 시장의 단기 리츠 투자 방식으로, 투자자들이 활용하는 금융 기법입니다."
글로벌단기리츠거래,"글로벌 시장의 단기 리츠 거래 방식으로, 투자자들이 활용하는 금융 기법입니다."
글로벌단기리츠시장,"글로벌 시장의 단기 리츠 시장 방식으로, 투자자들이 활용하는 금융 기법입니다."
글로벌단기리츠상품,"글로벌 시장의 단기 리츠 상품 방식으로, 투자자들이 활용하는 금융 기법입니다."
글로벌단기리츠포트폴리오,"글로벌 시장의 단기 리츠 포트폴리오 방식으로, 투자자들이 활용하는 금융 기법입니다."
글로벌중기리츠투자,"글로벌 시장의 중기 리츠 투자 방식으로, 투자자들이 활용하는 금융 기법입니다."
글로벌중기리츠거래,"글로벌 시장의 중기 리츠 거래 방식으로, 투자자들이 활용하는 금융 기법입니다."
글로벌중기리츠시장,"글로벌 시장의 중기 리츠 시장 방식으로, 투자자들이 활용하는 금융 기법입니다."
글로벌중기리츠상품,"글로벌 시장의 중기 리츠 상품 방식으로, 투자자들이 활용하는 금융 기법입니다."
글로벌중기리츠포트폴리오,"글로벌 시장의 중기 리츠 포트폴리오 방식으로, 투자자들이 활용하는 금융 기법입니다."
글로벌장기리츠투자,"글로벌 시장의 장기 리츠 투자 방식으로, 투자자들이 활용하는 금융 기법입니다."
글로벌장기리츠거래,"글로벌 시장의 장기 리츠 거래 방식으로, 투자자들이 활용하는 금융 기법입니다."
글로벌장기리츠시장,"글로벌 시장의 장기 리츠 시장 방식으로, 투자자들이 활용하는 금융 기법입니다."
글로벌장기리츠상품,"글로벌 시장의 장기 리츠 상품 방식으로, 투자자들이 활용하는 금융 기법입니다."
글로벌장기리츠포트폴리오,"글로벌 시장의 장기 리츠 포트폴리오 방식으로, 투자자들이 활용하는 금융 기법입니다."
글로벌초단기리츠투자,"글로벌 시장의 초단기 리츠 투자 방식으로, 투자자들이 활용하는 금융 기법입니다."
글로벌초단기리츠거래,"글로벌 시장의 초단기 리츠 거래 방식으로, 투자자들이 활용하는 금융 기법입니다."
글로벌초단기리츠시장,"글로벌 시장의 초단기 리츠 시장 방식으로, 투자자들이 활용하는 금융 기법입니다."
글로벌초단기리츠상품,"글로벌 시장의 초단기 리츠 상품 방식으로, 투자자들이 활용하는 금융 기법입니다."
글로벌초단기리츠포트폴리오,"글로벌 시장의 초단기 리츠 포트폴리오 방식으로, 투자자들이 활용하는 금융 기법입니다."
글로벌초장기리츠투자,"글로벌 시장의 초장기 리츠 투자 방식으로, 투자자들이 활용하는 금융 기법입니다."
글로벌초장기리츠거래,"글로벌 시장의 초장기 리츠 거래 방식으로, 투자자들이 활용하는 금융 기법입니다."
글로벌초장기리츠시장,"글로벌 시장의 초장기 리츠 시장 방식으로, 투자자들이 활용하는 금융 기법입니다."
글로벌초장기리츠상품,"글로벌 시장의 초장기 리츠 상품 방식으로, 투자자들이 활용하는 금융 기법입니다."
글로벌초장기리츠포트폴리오,"글로벌 시장의 초장기 리츠 포트폴리오 방식으로, 투자자들이 활용하는 금융 기법입니다."
미국단기리츠투자,"미국 시장의 단기 리츠 투자 방식으로, 투자자들이 활용하는 금융 기법입니다."
미국단기리츠거래,"미국 시장의 단기 리츠 거래 방식으로, 투자자들이 활용하는 금융 기법입니다."
미국단기리츠시장,"미국 시장의 단기 리츠 시장 방식으로, 투자자들이 활용하는 금융 기법입니다."
미국단기리츠상품,"미국 시장의 단기 리츠 상품 방식으로, 투자자들이 활용하는 금융 기법입니다."
미국단기리츠포트폴리오,"미국 시장의 단기 리츠 포트폴리오 방식으로, 투자자들이 활용하는 금융 기법입니다."
미국중기리츠투자,"미국 시장의 중기 리츠 투자 방식으로, 투자자들이 활용하는 금융 기법입니다."
미국중기리츠거래,"미국 시장의 중기 리츠 거래 방식으로, 투자자들이 활용하는 금융 기법입니다."
미국중기리츠시장,"미국 시장의 중기 리츠 시장 방식으로, 투자자들이 활용하는 금융 기법입니다."
미국중기리츠상품,"미국 시장의 중기 리츠 상품 방식으로, 투자자들이 활용하는 금융 기법입니다."
미국중기리츠포트폴리오,"미국 시장의 중기 리츠 포트폴리오 방식으로, 투자자들이 활용하는 금융 기법입니다."
미국장기리츠투자,"미국 시장의 장기 리츠 투자 방식으로, 투자자들이 활용하는 금융 기법입니다."
미국장기리츠거래,"미국 시장의 장기 리츠 거래 방식으로, 투자자들이 활용하는 금융 기법입니다."
미국장기리츠시장,"미국 시장의 장기 리츠 시장 방식으로, 투자자들이 활용하는 금융 기법입니다."
미국장기리츠상품,"미국 시장의 장기 리츠 상품 방식으로, 투자자들이 활용하는 금융 기법입니다."
미국장기리츠포트폴리오,"미국 시장의 장기 리츠 포트폴리오 방식으로, 투자자들이 활용하는 금융 기법입니다."
미국초단기리츠투자,"미국 시장의 초단기 리츠 투자 방식으로, 투자자들이 활용하는 금융 기법입니다."
미국초단기리츠거래,"미국 시장의 초단기 리츠 거래 방식으로, 투자자들이 활용하는 금융 기법입니다."
미국초단기리츠시장,"미국 시장의 초단기 리츠 시장 방식으로, 투자자들이 활용하는 금융 기법입니다."
미국초단기리츠상품,"미국 시장의 초단기 리츠 상품 방식으로, 투자자들이 활용하는 금융 기법입니다."
미국초단기리츠포트폴리오,"미국 시장의 초단기 리츠 포트폴리오 방식으로, 투자자들이 활용하는 금융 기법입니다."
미국초장기리츠투자,"미국 시장의 초장기 리츠 투자 방식으로, 투자자들이 활용하는 금융 기법입니다."
미국초장기리츠거래,"미국 시장의 초장기 리츠 거래 방식으로, 투자자들이 활용하는 금융 기법입니다."
미국초장기리츠시장,"미국 시장의 초장기 리츠 시장 방식으로, 투자자들이 활용하는 금융 기법입니다."
미국초장기리츠상품,"미국 시장의 초장기 리츠 상품 방식으로, 투자자들이 활용하는 금융 기법입니다."
미국초장기리츠포트폴리오,"미국 시장의 초장기 리츠 포트폴리오 방식으로, 투자자들이 활용하는 금융 기법입니다."
유럽단기리츠투자,"유럽 시장의 단기 리츠 투자 방식으로, 투자자들이 활용하는 금융 기법입니다."
유럽단기리츠거래,"유럽 시장의 단기 리츠 거래 방식으로, 투자자들이 활용하는 금융 기법입니다."
유럽단기리츠시장,"유럽 시장의 단기 리츠 시장 방식으로, 투자자들이 활용하는 금융 기법입니다."
유럽단기리츠상품,"유럽 시장의 단기 리츠 상품 방식으로, 투자자들이 활용하는 금융 기법입니다."
유럽단기리츠포트폴리오,"유럽 시장의 단기 리츠 포트폴리오 방식으로, 투자자들이 활용하는 금융 기법입니다."
유럽중기리츠투자,"유럽 시장의 중기 리츠 투자 방식으로, 투자자들이 활용하는 금융 기법입니다."
유럽중기리츠거래,"유럽 시장의 중기 리츠 거래 방식으로, 투자자들이 활용하는 금융 기법입니다."
유럽중기리츠시장,"유럽 시장의 중기 리츠 시장 방식으로, 투자자들이 활용하는 금융 기법입니다."
유럽중기리츠상품,"유럽 시장의 중기 리츠 상품 방식으로, 투자자들이 활용하는 금융 기법입니다."
유럽중기리츠포트폴리오,"유럽 시장의 중기 리츠 포트폴리오 방식으로, 투자자들이 활용하는 금융 기법입니다."
유럽장기리츠투자,"유럽 시장의 장기 리츠 투자 방식으로, 투자자들이 활용하는 금융 기법입니다."
유럽장기리츠거래,"유럽 시장의 장기 리츠 거래 방식으로, 투자자들이 활용하는 금융 기법입니다."
유럽장기리츠시장,"유럽 시장의 장기 리츠 시장 방식으로, 투자자들이 활용하는 금융 기법입니다."
유럽장기리츠상품,"유럽 시장의 장기 리츠 상품 방식으로, 투자자들이 활용하는 금융 기법입니다."
유럽장기리츠포트폴리오,"유럽 시장의 장기 리츠 포트폴리오 방식으로, 투자자들이 활용하는 금융 기법입니다."
유럽초단기리츠투자,"유럽 시장의 초단기 리츠 투자 방식으로, 투자자들이 활용하는 금융 기법입니다."
유럽초단기리츠거래,"유럽 시장의 초단기 리츠 거래 방식으로, 투자자들이 활용하는 금융 기법입니다."
유럽초단기리츠시장,"유럽 시장의 초단기 리츠 시장 방식으로, 투자자들이 활용하는 금융 기법입니다."
유럽초단기리츠상품,"유럽 시장의 초단기 리츠 상품 방식으로, 투자자들이 활용하는 금융 기법입니다."
유럽초단기리츠포트폴리오,"유럽 시장의 초단기 리츠 포트폴리오 방식으로, 투자자들이 활용하는 금융 기법입니다."
유럽초장기리츠투자,"유럽 시장의 초장기 리츠 투자 방식으로, 투자자들이 활용하는 금융 기법입니다."
유럽초장기리츠거래,"유럽 시장의 초장기 리츠 거래 방식으로, 투자자들이 활용하는 금융 기법입니다."
유럽초장기리츠시장,"유럽 시장의 초장기 리츠 시장 방식으로, 투자자들이 활용하는 금융 기법입니다."
유럽초장기리츠상품,"유럽 시장의 초장기 리츠 상품 방식으로, 투자자들이 활용하는 금융 기법입니다."
유럽초장기리츠포트폴리오,"유럽 시장의 초장기 리츠 포트폴리오 방식으로, 투자자들이 활용하는 금융 기법입니다."
아시아단기리츠투자,"아시아 시장의 단기 리츠 투자 방식으로, 투자자들이 활용하는 금융 기법입니다."
아시아단기리츠거래,"아시아 시장의 단기 리츠 거래 방식으로, 투자자들이 활용하는 금융 기법입니다."
아시아단기리츠시장,"아시아 시장의 단기 리츠 시장 방식으로, 투자자들이 활용하는 금융 기법입니다."
아시아단기리츠상품,"아시아 시장의 단기 리츠 상품 방식으로, 투자자들이 활용하는 금융 기법입니다."
아시아단기리츠포트폴리오,"아시아 시장의 단기 리츠 포트폴리오 방식으로, 투자자들이 활용하는 금융 기법입니다."
아시아중기리츠투자,"아시아 시장의 중기 리츠 투자 방식으로, 투자자들이 활용하는 금융 기법입니다."
아시아중기리츠거래,"아시아 시장의 중기 리츠 거래 방식으로, 투자자들이 활용하는 금융 기법입니다."
아시아중기리츠시장,"아시아 시장의 중기 리츠 시장 방식으로, 투자자들이 활용하는 금융 기법입니다."
아시아중기리츠상품,"아시아 시장의 중기 리츠 상품 방식으로, 투자자들이 활용하는 금융 기법입니다."
아시아중기리츠포트폴리오,"아시아 시장의 중기 리츠 포트폴리오 방식으로, 투자자들이 활용하는 금융 기법입니다."
아시아장기리츠투자,"아시아 시장의 장기 리츠 투자 방식으로, 투자자들이 활용하는 금융 기법입니다."
아시아장기리츠거래,"아시아 시장의 장기 리츠 거래 방식으로, 투자자들이 활용하는 금융 기법입니다."
아시아장기리츠시장,"아시아 시장의 장기 리츠 시장 방식으로, 투자자들이 활용하는 금융 기법입니다."
아시아장기리츠상품,"아시아 시장의 장기 리츠 상품 방식으로, 투자자들이 활용하는 금융 기법입니다."
아시아장기리츠포트폴리오,"아시아 시장의 장기 리츠 포트폴리오 방식으로, 투자자들이 활용하는 금융 기법입니다."
아시아초단기리츠투자,"아시아 시장의 초단기 리츠 투자 방식으로, 투자자들이 활용하는 금융 기법입니다."
아시아초단기리츠거래,"아시아 시장의 초단기 리츠 거래 방식으로, 투자자들이 활용하는 금융 기법입니다."
아시아초단기리츠시장,"아시아 시장의 초단기 리츠 시장 방식으로, 투자자들이 활용하는 금융 기법입니다."
아시아초단기리츠상품,"아시아 시장의 초단기 리츠 상품 방식으로, 투자자들이 활용하는 금융 기법입니다."
아시아초단기리츠포트폴리오,"아시아 시장의 초단기 리츠 포트폴리오 방식으로, 투자자들이 활용하는 금융 기법입니다."
아시아초장기리츠투자,"아시아 시장의 초장기 리츠 투자 방식으로, 투자자들이 활용하는 금융 기법입니다."
아시아초장기리츠거래,"아시아 시장의 초장기 리츠 거래 방식으로, 투자자들이 활용하는 금융 기법입니다."
아시아초장기리츠시장,"아시아 시장의 초장기 리츠 시장 방식으로, 투자자들이 활용하는 금융 기법입니다."
아시아초장기리츠상품,"아시아 시장의 초장기 리츠 상품 방식으로, 투자자들이 활용하는 금융 기법입니다."
아시아초장기리츠포트폴리오,"아시아 시장의 초장기 리츠 포트폴리오 방식으로, 투자자들이 활용하는 금융 기법입니다."
신흥국단기리츠투자,"신흥국 시장의 단기 리츠 투자 방식으로, 투자자들이 활용하는 금융 기법입니다."
신흥국단기리츠거래,"신흥국 시장의 단기 리츠 거래 방식으로, 투자자들이 활용하는 금융 기법입니다."
신흥국단기리츠시장,"신흥국 시장의 단기 리츠 시장 방식으로, 투자자들이 활용하는 금융 기법입니다."
신흥국단기리츠상품,"신흥국 시장의 단기 리츠 상품 방식으로, 투자자들이 활용하는 금융 기법입니다."
신흥국단기리츠포트폴리오,"신흥국 시장의 단기 리츠 포트폴리오 방식으로, 투자자들이 활용하는 금융 기법입니다."
신흥국중기리츠투자,"신흥국 시장의 중기 리츠 투자 방식으로, 투자자들이 활용하는 금융 기법입니다."
신흥국중기리츠거래,"신흥국 시장의 중기 리츠 거래 방식으로, 투자자들이 활용하는 금융 기법입니다."
신흥국중기리츠시장,"신흥국 시장의 중기 리츠 시장 방식으로, 투자자들이 활용하는 금융 기법입니다."
신흥국중기리츠상품,"신흥국 시장의 중기 리츠 상품 방식으로, 투자자들이 활용하는 금융 기법입니다."
신흥국중기리츠포트폴리오,"신흥국 시장의 중기 리츠 포트폴리오 방식으로, 투자자들이 활용하는 금융 기법입니다."
신흥국장기리츠투자,"신흥국 시장의 장기 리츠 투자 방식으로, 투자자들이 활용하는 금융 기법입니다."
신흥국장기리츠거래,"신흥국 시장의 장기 리츠 거래 방식으로, 투자자들이 활용하는 금융 기법입니다."
신흥국장기리츠시장,"신흥국 시장의 장기 리츠 시장 방식으로, 투자자들이 활용하는 금융 기법입니다."
신흥국장기리츠상품,"신흥국 시장의 장기 리츠 상품 방식으로, 투자자들이 활용하는 금융 기법입니다."
신흥국장기리츠포트폴리오,"신흥국 시장의 장기 리츠 포트폴리오 방식으로, 투자자들이 활용하는 금융 기법입니다."
신흥국초단기리츠투자,"신흥국 시장의 초단기 리츠 투자 방식으로, 투자자들이 활용하는 금융 기법입니다."
신흥국초단기리츠거래,"신흥국 시장의 초단기 리츠 거래 방식으로, 투자자들이 활용하는 금융 기법입니다."
신흥국초단기리츠시장,"신흥국 시장의 초단기 리츠 시장 방식으로, 투자자들이 활용하는 금융 기법입니다."
신흥국초단기리츠상품,"신흥국 시장의 초단기 리츠 상품 방식으로, 투자자들이 활용하는 금융 기법입니다."
신흥국초단기리츠포트폴리오,"신흥국 시장의 초단기 리츠 포트폴리오 방식으로, 투자자들이 활용하는 금융 기법입니다."
신흥국초장기리츠투자,"신흥국 시장의 초장기 리츠 투자 방식으로, 투자자들이 활용하는 금융 기법입니다."
신흥국초장기리츠거래,"신흥국 시장의 초장기 리츠 거래 방식으로, 투자자들이 활용하는 금융 기법입니다."
신흥국초장기리츠시장,"신흥국 시장의 초장기 리츠 시장 방식으로, 투자자들이 활용하는 금융 기법입니다."
신흥국초장기리츠상품,"신흥국 시장의 초장기 리츠 상품 방식으로, 투자자들이 활용하는 금융 기법입니다."
신흥국초장기리츠포트폴리오,"신흥국 시장의 초장기 리츠 포트폴리오 방식으로, 투자자들이 활용하는 금융 기법입니다."
선진국단기리츠투자,"선진국 시장의 단기 리츠 투자 방식으로, 투자자들이 활용하는 금융 기법입니다."
선진국단기리츠거래,"선진국 시장의 단기 리츠 거래 방식으로, 투자자들이 활용하는 금융 기법입니다."
선진국단기리츠시장,"선진국 시장의 단기 리츠 시장 방식으로, 투자자들이 활용하는 금융 기법입니다."
선진국단기리츠상품,"선진국 시장의 단기 리츠 상품 방식으로, 투자자들이 활용하는 금융 기법입니다."
선진국단기리츠포트폴리오,"선진국 시장의 단기 리츠 포트폴리오 방식으로, 투자자들이 활용하는 금융 기법입니다."
선진국중기리츠투자,"선진국 시장의 중기 리츠 투자 방식으로, 투자자들이 활용하는 금융 기법입니다."
선진국중기리츠거래,"선진국 시장의 중기 리츠 거래 방식으로, 투자자들이 활용하는 금융 기법입니다."
선진국중기리츠시장,"선진국 시장의 중기 리츠 시장 방식으로, 투자자들이 활용하는 금융 기법입니다."
선진국중기리츠상품,"선진국 시장의 중기 리츠 상품 방식으로, 투자자들이 활용하는 금융 기법입니다."
선진국중기리츠포트폴리오,"선진국 시장의 중기 리츠 포트폴리오 방식으로, 투자자들이 활용하는 금융 기법입니다."
선진국장기리츠투자,"선진국 시장의 장기 리츠 투자 방식으로, 투자자들이 활용하는 금융 기법입니다."
선진국장기리츠거래,"선진국 시장의 장기 리츠 거래 방식으로, 투자자들이 활용하는 금융 기법입니다."
선진국장기리츠시장,"선진국 시장의 장기 리츠 시장 방식으로, 투자자들이 활용하는 금융 기법입니다."
선진국장기리츠상품,"선진국 시장의 장기 리츠 상품 방식으로, 투자자들이 활용하는 금융 기법입니다."
선진국장기리츠포트폴리오,"선진국 시장의 장기 리츠 포트폴리오 방식으로, 투자자들이 활용하는 금융 기법입니다."
선진국초단기리츠투자,"선진국 시장의 초단기 리츠 투자 방식으로, 투자자들이 활용하는 금융 기법입니다."
선진국초단기리츠거래,"선진국 시장의 초단기 리츠 거래 방식으로, 투자자들이 활용하는 금융 기법입니다."
선진국초단기리츠시장,"선진국 시장의 초단기 리츠 시장 방식으로, 투자자들이 활용하는 금융 기법입니다."
선진국초단기리츠상품,"선진국 시장의 초단기 리츠 상품 방식으로, 투자자들이 활용하는 금융 기법입니다."
선진국초단기리츠포트폴리오,"선진국 시장의 초단기 리츠 포트폴리오 방식으로, 투자자들이 활용하는 금융 기법입니다."
선진국초장기리츠투자,"선진국 시장의 초장기 리츠 투자 방식으로, 투자자들이 활용하는 금융 기법입니다."
선진국초장기리츠거래,"선진국 시장의 초장기 리츠 거래 방식으로, 투자자들이 활용하는 금융 기법입니다."
선진국초장기리츠시장,"선진국 시장의 초장기 리츠 시장 방식으로, 투자자들이 활용하는 금융 기법입니다."
선진국초장기리츠상품,"선진국 시장의 초장기 리츠 상품 방식으로, 투자자들이 활용하는 금융 기법입니다."
선진국초장기리츠포트폴리오,"선진국 시장의 초장기 리츠 포트폴리오 방식으로, 투자자들이 활용하는 금융 기법입니다."
중국단기리츠투자,"중국 시장의 단기 리츠 투자 방식으로, 투자자들이 활용하는 금융 기법입니다."
중국단기리츠거래,"중국 시장의 단기 리츠 거래 방식으로, 투자자들이 활용하는 금융 기법입니다."
중국단기리츠시장,"중국 시장의 단기 리츠 시장 방식으로, 투자자들이 활용하는 금융 기법입니다."
중국단기리츠상품,"중국 시장의 단기 리츠 상품 방식으로, 투자자들이 활용하는 금융 기법입니다."
중국단기리츠포트폴리오,"중국 시장의 단기 리츠 포트폴리오 방식으로, 투자자들이 활용하는 금융 기법입니다."
중국중기리츠투자,"중국 시장의 중기 리츠 투자 방식으로, 투자자들이 활용하는 금융 기법입니다."
중국중기리츠거래,"중국 시장의 중기 리츠 거래 방식으로, 투자자들이 활용하는 금융 기법입니다."
중국중기리츠시장,"중국 시장의 중기 리츠 시장 방식으로, 투자자들이 활용하는 금융 기법입니다."
중국중기리츠상품,"중국 시장의 중기 리츠 상품 방식으로, 투자자들이 활용하는 금융 기법입니다."
중국중기리츠포트폴리오,"중국 시장의 중기 리츠 포트폴리오 방식으로, 투자자들이 활용하는 금융 기법입니다."
중국장기리츠투자,"중국 시장의 장기 리츠 투자 방식으로, 투자자들이 활용하는 금융 기법입니다."
중국장기리츠거래,"중국 시장의 장기 리츠 거래 방식으로, 투자자들이 활용하는 금융 기법입니다."
중국장기리츠시장,"중국 시장의 장기 리츠 시장 방식으로, 투자자들이 활용하는 금융 기법입니다."
중국장기리츠상품,"중국 시장의 장기 리츠 상품 방식으로, 투자자들이 활용하는 금융 기법입니다."
중국장기리츠포트폴리오,"중국 시장의 장기 리츠 포트폴리오 방식으로, 투자자들이 활용하는 금융 기법입니다."
중국초단기리츠투자,"중국 시장의 초단기 리츠 투자 방식으로, 투자자들이 활용하는 금융 기법입니다."
중국초단기리츠거래,"중국 시장의 초단기 리츠 거래 방식으로, 투자자들이 활용하는 금융 기법입니다."
중국초단기리츠시장,"중국 시장의 초단기 리츠 시장 방식으로, 투자자들이 활용하는 금융 기법입니다."
중국초단기리츠상품,"중국 시장의 초단기 리츠 상품 방식으로, 투자자들이 활용하는 금융 기법입니다."
중국초단기리츠포트폴리오,"중국 시장의 초단기 리츠 포트폴리오 방식으로, 투자자들이 활용하는 금융 기법입니다."
중국초장기리츠투자,"중국 시장의 초장기 리츠 투자 방식으로, 투자자들이 활용하는 금융 기법입니다."
중국초장기리츠거래,"중국 시장의 초장기 리츠 거래 방식으로, 투자자들이 활용하는 금융 기법입니다."
중국초장기리츠시장,"중국 시장의 초장기 리츠 시장 방식으로, 투자자들이 활용하는 금융 기법입니다."
중국초장기리츠상품,"중국 시장의 초장기 리츠 상품 방식으로, 투자자들이 활용하는 금융 기법입니다."
중국초장기리츠포트폴리오,"중국 시장의 초장기 리츠 포트폴리오 방식으로, 투자자들이 활용하는 금융 기법입니다."
일본단기리츠투자,"일본 시장의 단기 리츠 투자 방식으로, 투자자들이 활용하는 금융 기법입니다."
일본단기리츠거래,"일본 시장의 단기 리츠 거래 방식으로, 투자자들이 활용하는 금융 기법입니다."
일본단기리츠시장,"일본 시장의 단기 리츠 시장 방식으로, 투자자들이 활용하는 금융 기법입니다."
일본단기리츠상품,"일본 시장의 단기 리츠 상품 방식으로, 투자자들이 활용하는 금융 기법입니다."
일본단기리츠포트폴리오,"일본 시장의 단기 리츠 포트폴리오 방식으로, 투자자들이 활용하는 금융 기법입니다."
일본중기리츠투자,"일본 시장의 중기 리츠 투자 방식으로, 투자자들이 활용하는 금융 기법입니다."
일본중기리츠거래,"일본 시장의 중기 리츠 거래 방식으로, 투자자들이 활용하는 금융 기법입니다."
일본중기리츠시장,"일본 시장의 중기 리츠 시장 방식으로, 투자자들이 활용하는 금융 기법입니다."
일본중기리츠상품,"일본 시장의 중기 리츠 상품 방식으로, 투자자들이 활용하는 금융 기법입니다."
일본중기리츠포트폴리오,"일본 시장의 중기 리츠 포트폴리오 방식으로, 투자자들이 활용하는 금융 기법입니다."
일본장기리츠투자,"일본 시장의 장기 리츠 투자 방식으로, 투자자들이 활용하는 금융 기법입니다."
일본장기리츠거래,"일본 시장의 장기 리츠 거래 방식으로, 투자자들이 활용하는 금융 기법입니다."
일본장기리츠시장,"일본 시장의 장기 리츠 시장 방식으로, 투자자들이 활용하는 금융 기법입니다."
일본장기리츠상품,"일본 시장의 장기 리츠 상품 방식으로, 투자자들이 활용하는 금융 기법입니다."
일본장기리츠포트폴리오,"일본 시장의 장기 리츠 포트폴리오 방식으로, 투자자들이 활용하는 금융 기법입니다."
일본초단기리츠투자,"일본 시장의 초단기 리츠 투자 방식으로, 투자자들이 활용하는 금융 기법입니다."
일본초단기리츠거래,"일본 시장의 초단기 리츠 거래 방식으로, 투자자들이 활용하는 금융 기법입니다."
일본초단기리츠시장,"일본 시장의 초단기 리츠 시장 방식으로, 투자자들이 활용하는 금융 기법입니다."
일본초단기리츠상품,"일본 시장의 초단기 리츠 상품 방식으로, 투자자들이 활용하는 금융 기법입니다."
일본초단기리츠포트폴리오,"일본 시장의 초단기 리츠 포트폴리오 방식으로, 투자자들이 활용하는 금융 기법입니다."
일본초장기리츠투자,"일본 시장의 초장기 리츠 투자 방식으로, 투자자들이 활용하는 금융 기법입니다."
일본초장기리츠거래,"일본 시장의 초장기 리츠 거래 방식으로, 투자자들이 활용하는 금융 기법입니다."
일본초장기리츠시장,"일본 시장의 초장기 리츠 시장 방식으로, 투자자들이 활용하는 금융 기법입니다."
일본초장기리츠상품,"일본 시장의 초장기 리츠 상품 방식으로, 투자자들이 활용하는 금융 기법입니다."
일본초장기리츠포트폴리오,"일본 시장의 초장기 리츠 포트폴리오 방식으로, 투자자들이 활용하는 금융 기법입니다."
IT업종매출액,"IT 업종의 매출액 지표로, 해당 산업의 재무 성과를 분석하는 데 사용됩니다."
IT업종영업이익,"IT 업종의 영업이익 지표로, 해당 산업의 재무 성과를 분석하는 데 사용됩니다."
IT업종당기순이익,"IT 업종의 당기순이익 지표로, 해당 산업의 재무 성과를 분석하는 데 사용됩니다."
IT업종총자산,"IT 업종의 총자산 지표로, 해당 산업의 재무 성과를 분석하는 데 사용됩니다."
IT업종부채,"IT 업종의 부채 지표로, 해당 산업의 재무 성과를 분석하는 데 사용됩니다."
IT업종자본,"IT 업종의 자본 지표로, 해당 산업의 재무 성과를 분석하는 데 사용됩니다."
IT업종현금흐름,"IT 업종의 현금흐름 지표로, 해당 산업의 재무 성과를 분석하는 데 사용됩니다."
IT업종EBITDA,"IT 업종의 EBITDA 지표로, 해당 산업의 재무 성과를 분석하는 데 사용됩니다."
IT업종PER,"IT 업종의 PER 지표로, 해당 산업의 재무 성과를 분석하는 데 사용됩니다."
IT업종PBR,"IT 업종의 PBR 지표로, 해당 산업의 재무 성과를 분석하는 데 사용됩니다."
IT업종ROE,"IT 업종의 ROE 지표로, 해당 산업의 재무 성과를 분석하는 데 사용됩니다."
IT업종ROA,"IT 업종의 ROA 지표로, 해당 산업의 재무 성과를 분석하는 데 사용됩니다."
IT업종부채비율,"IT 업종의 부채비율 지표로, 해당 산업의 재무 성과를 분석하는 데 사용됩니다."
IT업종유동비율,"IT 업종의 유동비율 지표로, 해당 산업의 재무 성과를 분석하는 데 사용됩니다."
IT업종당좌비율,"IT 업종의 당좌비율 지표로, 해당 산업의 재무 성과를 분석하는 데 사용됩니다."
IT업종이자보상배율,"IT 업종의 이자보상배율 지표로, 해당 산업의 재무 성과를 분석하는 데 사용됩니다."
IT업종매출총이익률,"IT 업종의 매출총이익률 지표로, 해당 산업의 재무 성과를 분석하는 데 사용됩니다."
IT업종영업이익률,"IT 업종의 영업이익률 지표로, 해당 산업의 재무 성과를 분석하는 데 사용됩니다."
IT업종순이익률,"IT 업종의 순이익률 지표로, 해당 산업의 재무 성과를 분석하는 데 사용됩니다."
IT업종자산회전율,"IT 업종의 자산회전율 지표로, 해당 산업의 재무 성과를 분석하는 데 사용됩니다."
바이오업종매출액,"바이오 업종의 매출액 지표로, 해당 산업의 재무 성과를 분석하는 데 사용됩니다."
바이오업종영업이익,"바이오 업종의 영업이익 지표로, 해당 산업의 재무 성과를 분석하는 데 사용됩니다."
바이오업종당기순이익,"바이오 업종의 당기순이익 지표로, 해당 산업의 재무 성과를 분석하는 데 사용됩니다."
바이오업종총자산,"바이오 업종의 총자산 지표로, 해당 산업의 재무 성과를 분석하는 데 사용됩니다."
바이오업종부채,"바이오 업종의 부채 지표로, 해당 산업의 재무 성과를 분석하는 데 사용됩니다."
바이오업종자본,"바이오 업종의 자본 지표로, 해당 산업의 재무 성과를 분석하는 데 사용됩니다."
바이오업종현금흐름,"바이오 업종의 현금흐름 지표로, 해당 산업의 재무 성과를 분석하는 데 사용됩니다."
바이오업종EBITDA,"바이오 업종의 EBITDA 지표로, 해당 산업의 재무 성과를 분석하는 데 사용됩니다."
바이오업종PER,"바이오 업종의 PER 지표로, 해당 산업의 재무 성과를 분석하는 데 사용됩니다."
바이오업종PBR,"바이오 업종의 PBR 지표로, 해당 산업의 재무 성과를 분석하는 데 사용됩니다."
바이오업종ROE,"바이오 업종의 ROE 지표로, 해당 산업의 재무 성과를 분석하는 데 사용됩니다."
바이오업종ROA,"바이오 업종의 ROA 지표로, 해당 산업의 재무 성과를 분석하는 데 사용됩니다."
바이오업종부채비율,"바이오 업종의 부채비율 지표로, 해당 산업의 재무 성과를 분석하는 데 사용됩니다."
바이오업종유동비율,"바이오 업종의 유동비율 지표로, 해당 산업의 재무 성과를 분석하는 데 사용됩니다."
바이오업종당좌비율,"바이오 업종의 당좌비율 지표로, 해당 산업의 재무 성과를 분석하는 데 사용됩니다."
바이오업종이자보상배율,"바이오 업종의 이자보상배율 지표로, 해당 산업의 재무 성과를 분석하는 데 사용됩니다."
바이오업종매출총이익률,"바이오 업종의 매출총이익률 지표로, 해당 산업의 재무 성과를 분석하는 데 사용됩니다."
바이오업종영업이익률,"바이오 업종의 영업이익률 지표로, 해당 산업의 재무 성과를 분석하는 데 사용됩니다."
바이오업종순이익률,"바이오 업종의 순이익률 지표로, 해당 산업의 재무 성과를 분석하는 데 사용됩니다."
바이오업종자산회전율,"바이오 업종의 자산회전율 지표로, 해당 산업의 재무 성과를 분석하는 데 사용됩니다."
제약업종매출액,"제약 업종의 매출액 지표로, 해당 산업의 재무 성과를 분석하는 데 사용됩니다."
제약업종영업이익,"제약 업종의 영업이익 지표로, 해당 산업의 재무 성과를 분석하는 데 사용됩니다."
제약업종당기순이익,"제약 업종의 당기순이익 지표로, 해당 산업의 재무 성과를 분석하는 데 사용됩니다."
제약업종총자산,"제약 업종의 총자산 지표로, 해당 산업의 재무 성과를 분석하는 데 사용됩니다."
제약업종부채,"제약 업종의 부채 지표로, 해당 산업의 재무 성과를 분석하는 데 사용됩니다."
제약업종자본,"제약 업종의 자본 지표로, 해당 산업의 재무 성과를 분석하는 데 사용됩니다."
제약업종현금흐름,"제약 업종의 현금흐름 지표로, 해당 산업의 재무 성과를 분석하는 데 사용됩니다."
제약업종EBITDA,"제약 업종의 EBITDA 지표로, 해당 산업의 재무 성과를 분석하는 데 사용됩니다."
제약업종PER,"제약 업종의 PER 지표로, 해당 산업의 재무 성과를 분석하는 데 사용됩니다."
제약업종PBR,"제약 업종의 PBR 지표로, 해당 산업의 재무 성과를 분석하는 데 사용됩니다."
제약업종ROE,"제약 업종의 ROE 지표로, 해당 산업의 재무 성과를 분석하는 데 사용됩니다."
제약업종ROA,"제약 업종의 ROA 지표로, 해당 산업의 재무 성과를 분석하는 데 사용됩니다."
제약업종부채비율,"제약 업종의 부채비율 지표로, 해당 산업의 재무 성과를 분석하는 데 사용됩니다."
제약업종유동비율,"제약 업종의 유동비율 지표로, 해당 산업의 재무 성과를 분석하는 데 사용됩니다."
제약업종당좌비율,"제약 업종의 당좌비율 지표로, 해당 산업의 재무 성과를 분석하는 데 사용됩니다."
제약업종이자보상배율,"제약 업종의 이자보상배율 지표로, 해당 산업의 재무 성과를 분석하는 데 사용됩니다."
제약업종매출총이익률,"제약 업종의 매출총이익률 지표로, 해당 산업의 재무 성과를 분석하는 데 사용됩니다."
제약업종영업이익률,"제약 업종의 영업이익률 지표로, 해당 산업의 재무 성과를 분석하는 데 사용됩니다."
제약업종순이익률,"제약 업종의 순이익률 지표로, 해당 산업의 재무 성과를 분석하는 데 사용됩니다."
제약업종자산회전율,"제약 업종의 자산회전율 지표로, 해당 산업의 재무 성과를 분석하는 데 사용됩니다."
자동차업종매출액,"자동차 업종의 매출액 지표로, 해당 산업의 재무 성과를 분석하는 데 사용됩니다."
자동차업종영업이익,"자동차 업종의 영업이익 지표로, 해당 산업의 재무 성과를 분석하는 데 사용됩니다."
자동차업종당기순이익,"자동차 업종의 당기순이익 지표로, 해당 산업의 재무 성과를 분석하는 데 사용됩니다."
자동차업종총자산,"자동차 업종의 총자산 지표로, 해당 산업의 재무 성과를 분석하는 데 사용됩니다."
자동차업종부채,"자동차 업종의 부채 지표로, 해당 산업의 재무 성과를 분석하는 데 사용됩니다."
자동차업종자본,"자동차 업종의 자본 지표로, 해당 산업의 재무 성과를 분석하는 데 사용됩니다."
자동차업종현금흐름,"자동차 업종의 현금흐름 지표로, 해당 산업의 재무 성과를 분석하는 데 사용됩니다."
자동차업종EBITDA,"자동차 업종의 EBITDA 지표로, 해당 산업의 재무 성과를 분석하는 데 사용됩니다."
자동차업종PER,"자동차 업종의 PER 지표로, 해당 산업의 재무 성과를 분석하는 데 사용됩니다."
자동차업종PBR,"자동차 업종의 PBR 지표로, 해당 산업의 재무 성과를 분석하는 데 사용됩니다."
자동차업종ROE,"자동차 업종의 ROE 지표로, 해당 산업의 재무 성과를 분석하는 데 사용됩니다."
자동차업종ROA,"자동차 업종의 ROA 지표로, 해당 산업의 재무 성과를 분석하는 데 사용됩니다."
자동차업종부채비율,"자동차 업종의 부채비율 지표로, 해당 산업의 재무 성과를 분석하는 데 사용됩니다."
자동차업종유동비율,"자동차 업종의 유동비율 지표로, 해당 산업의 재무 성과를 분석하는 데 사용됩니다."
자동차업종당좌비율,"자동차 업종의 당좌비율 지표로, 해당 산업의 재무 성과를 분석하는 데 사용됩니다."
자동차업종이자보상배율,"자동차 업종의 이자보상배율 지표로, 해당 산업의 재무 성과를 분석하는 데 사용됩니다."
자동차업종매출총이익률,"자동차 업종의 매출총이익률 지표로, 해당 산업의 재무 성과를 분석하는 데 사용됩니다."
자동차업종영업이익률,"자동차 업종의 영업이익률 지표로, 해당 산업의 재무 성과를 분석하는 데 사용됩니다."
자동차업종순이익률,"자동차 업종의 순이익률 지표로, 해당 산업의 재무 성과를 분석하는 데 사용됩니다."
자동차업종자산회전율,"자동차 업종의 자산회전율 지표로, 해당 산업의 재무 성과를 분석하는 데 사용됩니다."
반도체업종매출액,"반도체 업종의 매출액 지표로, 해당 산업의 재무 성과를 분석하는 데 사용됩니다."
반도체업종영업이익,"반도체 업종의 영업이익 지표로, 해당 산업의 재무 성과를 분석하는 데 사용됩니다."
반도체업종당기순이익,"반도체 업종의 당기순이익 지표로, 해당 산업의 재무 성과를 분석하는 데 사용됩니다."
반도체업종총자산,"반도체 업종의 총자산 지표로, 해당 산업의 재무 성과를 분석하는 데 사용됩니다."
반도체업종부채,"반도체 업종의 부채 지표로, 해당 산업의 재무 성과를 분석하는 데 사용됩니다."
반도체업종자본,"반도체 업종의 자본 지표로, 해당 산업의 재무 성과를 분석하는 데 사용됩니다."
반도체업종현금흐름,"반도체 업종의 현금흐름 지표로, 해당 산업의 재무 성과를 분석하는 데 사용됩니다."
반도체업종EBITDA,"반도체 업종의 EBITDA 지표로, 해당 산업의 재무 성과를 분석하는 데 사용됩니다."
반도체업종PER,"반도체 업종의 PER 지표로, 해당 산업의 재무 성과를 분석하는 데 사용됩니다."
반도체업종PBR,"반도체 업종의 PBR 지표로, 해당 산업의 재무 성과를 분석하는 데 사용됩니다."
반도체업종ROE,"반도체 업종의 ROE 지표로, 해당 산업의 재무 성과를 분석하는 데 사용됩니다."
반도체업종ROA,"반도체 업종의 ROA 지표로, 해당 산업의 재무 성과를 분석하는 데 사용됩니다."
반도체업종부채비율,"반도체 업종의 부채비율 지표로, 해당 산업의 재무 성과를 분석하는 데 사용됩니다."
반도체업종유동비율,"반도체 업종의 유동비율 지표로, 해당 산업의 재무 성과를 분석하는 데 사용됩니다."
반도체업종당좌비율,"반도체 업종의 당좌비율 지표로, 해당 산업의 재무 성과를 분석하는 데 사용됩니다."
반도체업종이자보상배율,"반도체 업종의 이자보상배율 지표로, 해당 산업의 재무 성과를 분석하는 데 사용됩니다."
반도체업종매출총이익률,"반도체 업종의 매출총이익률 지표로, 해당 산업의 재무 성과를 분석하는 데 사용됩니다."
반도체업종영업이익률,"반도체 업종의 영업이익률 지표로, 해당 산업의 재무 성과를 분석하는 데 사용됩니다."
반도체업종순이익률,"반도체 업종의 순이익률 지표로, 해당 산업의 재무 성과를 분석하는 데 사용됩니다."
반도체업종자산회전율,"반도체 업종의 자산회전율 지표로, 해당 산업의 재무 성과를 분석하는 데 사용됩니다."
디스플레이업종매출액,"디스플레이 업종의 매출액 지표로, 해당 산업의 재무 성과를 분석하는 데 사용됩니다."
디스플레이업종영업이익,"디스플레이 업종의 영업이익 지표로, 해당 산업의 재무 성과를 분석하는 데 사용됩니다."
디스플레이업종당기순이익,"디스플레이 업종의 당기순이익 지표로, 해당 산업의 재무 성과를 분석하는 데 사용됩니다."
디스플레이업종총자산,"디스플레이 업종의 총자산 지표로, 해당 산업의 재무 성과를 분석하는 데 사용됩니다."
디스플레이업종부채,"디스플레이 업종의 부채 지표로, 해당 산업의 재무 성과를 분석하는 데 사용됩니다."
디스플레이업종자본,"디스플레이 업종의 자본 지표로, 해당 산업의 재무 성과를 분석하는 데 사용됩니다."
디스플레이업종현금흐름,"디스플레이 업종의 현금흐름 지표로, 해당 산업의 재무 성과를 분석하는 데 사용됩니다."
디스플레이업종EBITDA,"디스플레이 업종의 EBITDA 지표로, 해당 산업의 재무 성과를 분석하는 데 사용됩니다."
디스플레이업종PER,"디스플레이 업종의 PER 지표로, 해당 산업의 재무 성과를 분석하는 데 사용됩니다."
디스플레이업종PBR,"디스플레이 업종의 PBR 지표로, 해당 산업의 재무 성과를 분석하는 데 사용됩니다."
디스플레이업종ROE,"디스플레이 업종의 ROE 지표로, 해당 산업의 재무 성과를 분석하는 데 사용됩니다."
디스플레이업종ROA,"디스플레이 업종의 ROA 지표로, 해당 산업의 재무 성과를 분석하는 데 사용됩니다."
디스플레이업종부채비율,"디스플레이 업종의 부채비율 지표로, 해당 산업의 재무 성과를 분석하는 데 사용됩니다."
디스플레이업종유동비율,"디스플레이 업종의 유동비율 지표로, 해당 산업의 재무 성과를 분석하는 데 사용됩니다."
디스플레이업종당좌비율,"디스플레이 업종의 당좌비율 지표로, 해당 산업의 재무 성과를 분석하는 데 사용됩니다."
디스플레이업종이자보상배율,"디스플레이 업종의 이자보상배율 지표로, 해당 산업의 재무 성과를 분석하는 데 사용됩니다."
디스플레이업종매출총이익률,"디스플레이 업종의 매출총이익률 지표로, 해당 산업의 재무 성과를 분석하는 데 사용됩니다."
디스플레이업종영업이익률,"디스플레이 업종의 영업이익률 지표로, 해당 산업의 재무 성과를 분석하는 데 사용됩니다."
디스플레이업종순이익률,"디스플레이 업종의 순이익률 지표로, 해당 산업의 재무 성과를 분석하는 데 사용됩니다."
디스플레이업종자산회전율,"디스플레이 업종의 자산회전율 지표로, 해당 산업의 재무 성과를 분석하는 데 사용됩니다."
화학업종매출액,"화학 업종의 매출액 지표로, 해당 산업의 재무 성과를 분석하는 데 사용됩니다."
화학업종영업이익,"화학 업종의 영업이익 지표로, 해당 산업의 재무 성과를 분석하는 데 사용됩니다."
화학업종당기순이익,"화학 업종의 당기순이익 지표로, 해당 산업의 재무 성과를 분석하는 데 사용됩니다."
화학업종총자산,"화학 업종의 총자산 지표로, 해당 산업의 재무 성과를 분석하는 데 사용됩니다."
화학업종부채,"화학 업종의 부채 지표로, 해당 산업의 재무 성과를 분석하는 데 사용됩니다."
화학업종자본,"화학 업종의 자본 지표로, 해당 산업의 재무 성과를 분석하는 데 사용됩니다."
화학업종현금흐름,"화학 업종의 현금흐름 지표로, 해당 산업의 재무 성과를 분석하는 데 사용됩니다."
화학업종EBITDA,"화학 업종의 EBITDA 지표로, 해당 산업의 재무 성과를 분석하는 데 사용됩니다."
화학업종PER,"화학 업종의 PER 지표로, 해당 산업의 재무 성과를 분석하는 데 사용됩니다."
화학업종PBR,"화학 업종의 PBR 지표로, 해당 산업의 재무 성과를 분석하는 데 사용됩니다."
화학업종ROE,"화학 업종의 ROE 지표로, 해당 산업의 재무 성과를 분석하는 데 사용됩니다."
화학업종ROA,"화학 업종의 ROA 지표로, 해당 산업의 재무 성과를 분석하는 데 사용됩니다."
화학업종부채비율,"화학 업종의 부채비율 지표로, 해당 산업의 재무 성과를 분석하는 데 사용됩니다."
화학업종유동비율,"화학 업종의 유동비율 지표로, 해당 산업의 재무 성과를 분석하는 데 사용됩니다."
화학업종당좌비율,"화학 업종의 당좌비율 지표로, 해당 산업의 재무 성과를 분석하는 데 사용됩니다."
화학업종이자보상배율,"화학 업종의 이자보상배율 지표로, 해당 산업의 재무 성과를 분석하는 데 사용됩니다."
화학업종매출총이익률,"화학 업종의 매출총이익률 지표로, 해당 산업의 재무 성과를 분석하는 데 사용됩니다."
화학업종영업이익률,"화학 업종의 영업이익률 지표로, 해당 산업의 재무 성과를 분석하는 데 사용됩니다."
화학업종순이익률,"화학 업종의 순이익률 지표로, 해당 산업의 재무 성과를 분석하는 데 사용됩니다."
화학업종자산회전율,"화학 업종의 자산회전율 지표로, 해당 산업의 재무 성과를 분석하는 데 사용됩니다."
철강업종매출액,"철강 업종의 매출액 지표로, 해당 산업의 재무 성과를 분석하는 데 사용됩니다."
철강업종영업이익,"철강 업종의 영업이익 지표로, 해당 산업의 재무 성과를 분석하는 데 사용됩니다."
철강업종당기순이익,"철강 업종의 당기순이익 지표로, 해당 산업의 재무 성과를 분석하는 데 사용됩니다."
철강업종총자산,"철강 업종의 총자산 지표로, 해당 산업의 재무 성과를 분석하는 데 사용됩니다."
철강업종부채,"철강 업종의 부채 지표로, 해당 산업의 재무 성과를 분석하는 데 사용됩니다."
철강업종자본,"철강 업종의 자본 지표로, 해당 산업의 재무 성과를 분석하는 데 사용됩니다."
철강업종현금흐름,"철강 업종의 현금흐름 지표로, 해당 산업의 재무 성과를 분석하는 데 사용됩니다."
철강업종EBITDA,"철강 업종의 EBITDA 지표로, 해당 산업의 재무 성과를 분석하는 데 사용됩니다."
철강업종PER,"철강 업종의 PER 지표로, 해당 산업의 재무 성과를 분석하는 데 사용됩니다."
철강업종PBR,"철강 업종의 PBR 지표로, 해당 산업의 재무 성과를 분석하는 데 사용됩니다."
철강업종ROE,"철강 업종의 ROE 지표로, 해당 산업의 재무 성과를 분석하는 데 사용됩니다."
철강업종ROA,"철강 업종의 ROA 지표로, 해당 산업의 재무 성과를 분석하는 데 사용됩니다."
철강업종부채비율,"철강 업종의 부채비율 지표로, 해당 산업의 재무 성과를 분석하는 데 사용됩니다."
철강업종유동비율,"철강 업종의 유동비율 지표로, 해당 산업의 재무 성과를 분석하는 데 사용됩니다."
철강업종당좌비율,"철강 업종의 당좌비율 지표로, 해당 산업의 재무 성과를 분석하는 데 사용됩니다."
철강업종이자보상배율,"철강 업종의 이자보상배율 지표로, 해당 산업의 재무 성과를 분석하는 데 사용됩니다."
철강업종매출총이익률,"철강 업종의 매출총이익률 지표로, 해당 산업의 재무 성과를 분석하는 데 사용됩니다."
철강업종영업이익률,"철강 업종의 영업이익률 지표로, 해당 산업의 재무 성과를 분석하는 데 사용됩니다."
철강업종순이익률,"철강 업종의 순이익률 지표로, 해당 산업의 재무 성과를 분석하는 데 사용됩니다."
철강업종자산회전율,"철강 업종의 자산회전율 지표로, 해당 산업의 재무 성과를 분석하는 데 사용됩니다."
조선업종매출액,"조선 업종의 매출액 지표로, 해당 산업의 재무 성과를 분석하는 데 사용됩니다."
조선업종영업이익,"조선 업종의 영업이익 지표로, 해당 산업의 재무 성과를 분석하는 데 사용됩니다."
조선업종당기순이익,"조선 업종의 당기순이익 지표로, 해당 산업의 재무 성과를 분석하는 데 사용됩니다."
조선업종총자산,"조선 업종의 총자산 지표로, 해당 산업의 재무 성과를 분석하는 데 사용됩니다."
조선업종부채,"조선 업종의 부채 지표로, 해당 산업의 재무 성과를 분석하는 데 사용됩니다."
조선업종자본,"조선 업종의 자본 지표로, 해당 산업의 재무 성과를 분석하는 데 사용됩니다."
조선업종현금흐름,"조선 업종의 현금흐름 지표로, 해당 산업의 재무 성과를 분석하는 데 사용됩니다."
조선업종EBITDA,"조선 업종의 EBITDA 지표로, 해당 산업의 재무 성과를 분석하는 데 사용됩니다."
조선업종PER,"조선 업종의 PER 지표로, 해당 산업의 재무 성과를 분석하는 데 사용됩니다."
조선업종PBR,"조선 업종의 PBR 지표로, 해당 산업의 재무 성과를 분석하는 데 사용됩니다."
조선업종ROE,"조선 업종의 ROE 지표로, 해당 산업의 재무 성과를 분석하는 데 사용됩니다."
조선업종ROA,"조선 업종의 ROA 지표로, 해당 산업의 재무 성과를 분석하는 데 사용됩니다."
조선업종부채비율,"조선 업종의 부채비율 지표로, 해당 산업의 재무 성과를 분석하는 데 사용됩니다."
조선업종유동비율,"조선 업종의 유동비율 지표로, 해당 산업의 재무 성과를 분석하는 데 사용됩니다."
조선업종당좌비율,"조선 업종의 당좌비율 지표로, 해당 산업의 재무 성과를 분석하는 데 사용됩니다."
조선업종이자보상배율,"조선 업종의 이자보상배율 지표로, 해당 산업의 재무 성과를 분석하는 데 사용됩니다."
조선업종매출총이익률,"조선 업종의 매출총이익률 지표로, 해당 산업의 재무 성과를 분석하는 데 사용됩니다."
조선업종영업이익률,"조선 업종의 영업이익률 지표로, 해당 산업의 재무 성과를 분석하는 데 사용됩니다."
조선업종순이익률,"조선 업종의 순이익률 지표로, 해당 산업의 재무 성과를 분석하는 데 사용됩니다."
조선업종자산회전율,"조선 업종의 자산회전율 지표로, 해당 산업의 재무 성과를 분석하는 데 사용됩니다."
건설업종매출액,"건설 업종의 매출액 지표로, 해당 산업의 재무 성과를 분석하는 데 사용됩니다."
건설업종영업이익,"건설 업종의 영업이익 지표로, 해당 산업의 재무 성과를 분석하는 데 사용됩니다."
건설업종당기순이익,"건설 업종의 당기순이익 지표로, 해당 산업의 재무 성과를 분석하는 데 사용됩니다."
건설업종총자산,"건설 업종의 총자산 지표로, 해당 산업의 재무 성과를 분석하는 데 사용됩니다."
건설업종부채,"건설 업종의 부채 지표로, 해당 산업의 재무 성과를 분석하는 데 사용됩니다."
건설업종자본,"건설 업종의 자본 지표로, 해당 산업의 재무 성과를 분석하는 데 사용됩니다."
건설업종현금흐름,"건설 업종의 현금흐름 지표로, 해당 산업의 재무 성과를 분석하는 데 사용됩니다."
건설업종EBITDA,"건설 업종의 EBITDA 지표로, 해당 산업의 재무 성과를 분석하는 데 사용됩니다."
건설업종PER,"건설 업종의 PER 지표로, 해당 산업의 재무 성과를 분석하는 데 사용됩니다."
건설업종PBR,"건설 업종의 PBR 지표로, 해당 산업의 재무 성과를 분석하는 데 사용됩니다."
건설업종ROE,"건설 업종의 ROE 지표로, 해당 산업의 재무 성과를 분석하는 데 사용됩니다."
건설업종ROA,"건설 업종의 ROA 지표로, 해당 산업의 재무 성과를 분석하는 데 사용됩니다."
건설업종부채비율,"건설 업종의 부채비율 지표로, 해당 산업의 재무 성과를 분석하는 데 사용됩니다."
건설업종유동비율,"건설 업종의 유동비율 지표로, 해당 산업의 재무 성과를 분석하는 데 사용됩니다."
건설업종당좌비율,"건설 업종의 당좌비율 지표로, 해당 산업의 재무 성과를 분석하는 데 사용됩니다."
건설업종이자보상배율,"건설 업종의 이자보상배율 지표로, 해당 산업의 재무 성과를 분석하는 데 사용됩니다."
건설업종매출총이익률,"건설 업종의 매출총이익률 지표로, 해당 산업의 재무 성과를 분석하는 데 사용됩니다."
건설업종영업이익률,"건설 업종의 영업이익률 지표로, 해당 산업의 재무 성과를 분석하는 데 사용됩니다."
건설업종순이익률,"건설 업종의 순이익률 지표로, 해당 산업의 재무 성과를 분석하는 데 사용됩니다."
건설업종자산회전율,"건설 업종의 자산회전율 지표로, 해당 산업의 재무 성과를 분석하는 데 사용됩니다."
유통업종매출액,"유통 업종의 매출액 지표로, 해당 산업의 재무 성과를 분석하는 데 사용됩니다."
유통업종영업이익,"유통 업종의 영업이익 지표로, 해당 산업의 재무 성과를 분석하는 데 사용됩니다."
유통업종당기순이익,"유통 업종의 당기순이익 지표로, 해당 산업의 재무 성과를 분석하는 데 사용됩니다."
유통업종총자산,"유통 업종의 총자산 지표로, 해당 산업의 재무 성과를 분석하는 데 사용됩니다."
유통업종부채,"유통 업종의 부채 지표로, 해당 산업의 재무 성과를 분석하는 데 사용됩니다."
유통업종자본,"유통 업종의 자본 지표로, 해당 산업의 재무 성과를 분석하는 데 사용됩니다."
유통업종현금흐름,"유통 업종의 현금흐름 지표로, 해당 산업의 재무 성과를 분석하는 데 사용됩니다."
유통업종EBITDA,"유통 업종의 EBITDA 지표로, 해당 산업의 재무 성과를 분석하는 데 사용됩니다."
유통업종PER,"유통 업종의 PER 지표로, 해당 산업의 재무 성과를 분석하는 데 사용됩니다."
유통업종PBR,"유통 업종의 PBR 지표로, 해당 산업의 재무 성과를 분석하는 데 사용됩니다."
유통업종ROE,"유통 업종의 ROE 지표로, 해당 산업의 재무 성과를 분석하는 데 사용됩니다."
유통업종ROA,"유통 업종의 ROA 지표로, 해당 산업의 재무 성과를 분석하는 데 사용됩니다."
유통업종부채비율,"유통 업종의 부채비율 지표로, 해당 산업의 재무 성과를 분석하는 데 사용됩니다."
유통업종유동비율,"유통 업종의 유동비율 지표로, 해당 산업의 재무 성과를 분석하는 데 사용됩니다."
유통업종당좌비율,"유통 업종의 당좌비율 지표로, 해당 산업의 재무 성과를 분석하는 데 사용됩니다."
유통업종이자보상배율,"유통 업종의 이자보상배율 지표로, 해당 산업의 재무 성과를 분석하는 데 사용됩니다."
유통업종매출총이익률,"유통 업종의 매출총이익률 지표로, 해당 산업의 재무 성과를 분석하는 데 사용됩니다."
유통업종영업이익률,"유통 업종의 영업이익률 지표로, 해당 산업의 재무 성과를 분석하는 데 사용됩니다."
유통업종순이익률,"유통 업종의 순이익률 지표로, 해당 산업의 재무 성과를 분석하는 데 사용됩니다."
유통업종자산회전율,"유통 업종의 자산회전율 지표로, 해당 산업의 재무 성과를 분석하는 데 사용됩니다."
금융업종매출액,"금융 업종의 매출액 지표로, 해당 산업의 재무 성과를 분석하는 데 사용됩니다."
금융업종영업이익,"금융 업종의 영업이익 지표로, 해당 산업의 재무 성과를 분석하는 데 사용됩니다."
금융업종당기순이익,"금융 업종의 당기순이익 지표로, 해당 산업의 재무 성과를 분석하는 데 사용됩니다."
금융업종총자산,"금융 업종의 총자산 지표로, 해당 산업의 재무 성과를 분석하는 데 사용됩니다."
금융업종부채,"금융 업종의 부채 지표로, 해당 산업의 재무 성과를 분석하는 데 사용됩니다."
금융업종자본,"금융 업종의 자본 지표로, 해당 산업의 재무 성과를 분석하는 데 사용됩니다."
금융업종현금흐름,"금융 업종의 현금흐름 지표로, 해당 산업의 재무 성과를 분석하는 데 사용됩니다."
금융업종EBITDA,"금융 업종의 EBITDA 지표로, 해당 산업의 재무 성과를 분석하는 데 사용됩니다."
금융업종PER,"금융 업종의 PER 지표로, 해당 산업의 재무 성과를 분석하는 데 사용됩니다."
금융업종PBR,"금융 업종의 PBR 지표로, 해당 산업의 재무 성과를 분석하는 데 사용됩니다."
금융업종ROE,"금융 업종의 ROE 지표로, 해당 산업의 재무 성과를 분석하는 데 사용됩니다."
금융업종ROA,"금융 업종의 ROA 지표로, 해당 산업의 재무 성과를 분석하는 데 사용됩니다."
금융업종부채비율,"금융 업종의 부채비율 지표로, 해당 산업의 재무 성과를 분석하는 데 사용됩니다."
금융업종유동비율,"금융 업종의 유동비율 지표로, 해당 산업의 재무 성과를 분석하는 데 사용됩니다."
금융업종당좌비율,"금융 업종의 당좌비율 지표로, 해당 산업의 재무 성과를 분석하는 데 사용됩니다."
금융업종이자보상배율,"금융 업종의 이자보상배율 지표로, 해당 산업의 재무 성과를 분석하는 데 사용됩니다."
금융업종매출총이익률,"금융 업종의 매출총이익률 지표로, 해당 산업의 재무 성과를 분석하는 데 사용됩니다."
금융업종영업이익률,"금융 업종의 영업이익률 지표로, 해당 산업의 재무 성과를 분석하는 데 사용됩니다."
금융업종순이익률,"금융 업종의 순이익률 지표로, 해당 산업의 재무 성과를 분석하는 데 사용됩니다."
금융업종자산회전율,"금융 업종의 자산회전율 지표로, 해당 산업의 재무 성과를 분석하는 데 사용됩니다."
보험업종매출액,"보험 업종의 매출액 지표로, 해당 산업의 재무 성과를 분석하는 데 사용됩니다."
보험업종영업이익,"보험 업종의 영업이익 지표로, 해당 산업의 재무 성과를 분석하는 데 사용됩니다."
보험업종당기순이익,"보험 업종의 당기순이익 지표로, 해당 산업의 재무 성과를 분석하는 데 사용됩니다."
보험업종총자산,"보험 업종의 총자산 지표로, 해당 산업의 재무 성과를 분석하는 데 사용됩니다."
보험업종부채,"보험 업종의 부채 지표로, 해당 산업의 재무 성과를 분석하는 데 사용됩니다."
보험업종자본,"보험 업종의 자본 지표로, 해당 산업의 재무 성과를 분석하는 데 사용됩니다."
보험업종현금흐름,"보험 업종의 현금흐름 지표로, 해당 산업의 재무 성과를 분석하는 데 사용됩니다."
보험업종EBITDA,"보험 업종의 EBITDA 지표로, 해당 산업의 재무 성과를 분석하는 데 사용됩니다."
보험업종PER,"보험 업종의 PER 지표로, 해당 산업의 재무 성과를 분석하는 데 사용됩니다."
보험업종PBR,"보험 업종의 PBR 지표로, 해당 산업의 재무 성과를 분석하는 데 사용됩니다."
보험업종ROE,"보험 업종의 ROE 지표로, 해당 산업의 재무 성과를 분석하는 데 사용됩니다."
보험업종ROA,"보험 업종의 ROA 지표로, 해당 산업의 재무 성과를 분석하는 데 사용됩니다."
보험업종부채비율,"보험 업종의 부채비율 지표로, 해당 산업의 재무 성과를 분석하는 데 사용됩니다."
보험업종유동비율,"보험 업종의 유동비율 지표로, 해당 산업의 재무 성과를 분석하는 데 사용됩니다."
보험업종당좌비율,"보험 업종의 당좌비율 지표로, 해당 산업의 재무 성과를 분석하는 데 사용됩니다."
보험업종이자보상배율,"보험 업종의 이자보상배율 지표로, 해당 산업의 재무 성과를 분석하는 데 사용됩니다."
보험업종매출총이익률,"보험 업종의 매출총이익률 지표로, 해당 산업의 재무 성과를 분석하는 데 사용됩니다."
보험업종영업이익률,"보험 업종의 영업이익률 지표로, 해당 산업의 재무 성과를 분석하는 데 사용됩니다."
보험업종순이익률,"보험 업종의 순이익률 지표로, 해당 산업의 재무 성과를 분석하는 데 사용됩니다."
보험업종자산회전율,"보험 업종의 자산회전율 지표로, 해당 산업의 재무 성과를 분석하는 데 사용됩니다."
통신업종매출액,"통신 업종의 매출액 지표로, 해당 산업의 재무 성과를 분석하는 데 사용됩니다."
통신업종영업이익,"통신 업종의 영업이익 지표로, 해당 산업의 재무 성과를 분석하는 데 사용됩니다."
통신업종당기순이익,"통신 업종의 당기순이익 지표로, 해당 산업의 재무 성과를 분석하는 데 사용됩니다."
통신업종총자산,"통신 업종의 총자산 지표로, 해당 산업의 재무 성과를 분석하는 데 사용됩니다."
통신업종부채,"통신 업종의 부채 지표로, 해당 산업의 재무 성과를 분석하는 데 사용됩니다."
통신업종자본,"통신 업종의 자본 지표로, 해당 산업의 재무 성과를 분석하는 데 사용됩니다."
통신업종현금흐름,"통신 업종의 현금흐름 지표로, 해당 산업의 재무 성과를 분석하는 데 사용됩니다."
통신업종EBITDA,"통신 업종의 EBITDA 지표로, 해당 산업의 재무 성과를 분석하는 데 사용됩니다."
통신업종PER,"통신 업종의 PER 지표로, 해당 산업의 재무 성과를 분석하는 데 사용됩니다."
통신업종PBR,"통신 업종의 PBR 지표로, 해당 산업의 재무 성과를 분석하는 데 사용됩니다."
통신업종ROE,"통신 업종의 ROE 지표로, 해당 산업의 재무 성과를 분석하는 데 사용됩니다."
통신업종ROA,"통신 업종의 ROA 지표로, 해당 산업의 재무 성과를 분석하는 데 사용됩니다."
통신업종부채비율,"통신 업종의 부채비율 지표로, 해당 산업의 재무 성과를 분석하는 데 사용됩니다."
통신업종유동비율,"통신 업종의 유동비율 지표로, 해당 산업의 재무 성과를 분석하는 데 사용됩니다."
통신업종당좌비율,"통신 업종의 당좌비율 지표로, 해당 산업의 재무 성과를 분석하는 데 사용됩니다."
통신업종이자보상배율,"통신 업종의 이자보상배율 지표로, 해당 산업의 재무 성과를 분석하는 데 사용됩니다."
통신업종매출총이익률,"통신 업종의 매출총이익률 지표로, 해당 산업의 재무 성과를 분석하는 데 사용됩니다."
통신업종영업이익률,"통신 업종의 영업이익률 지표로, 해당 산업의 재무 성과를 분석하는 데 사용됩니다."
통신업종순이익률,"통신 업종의 순이익률 지표로, 해당 산업의 재무 성과를 분석하는 데 사용됩니다."
통신업종자산회전율,"통신 업종의 자산회전율 지표로, 해당 산업의 재무 성과를 분석하는 데 사용됩니다."
에너지업종매출액,"에너지 업종의 매출액 지표로, 해당 산업의 재무 성과를 분석하는 데 사용됩니다."
에너지업종영업이익,"에너지 업종의 영업이익 지표로, 해당 산업의 재무 성과를 분석하는 데 사용됩니다."
에너지업종당기순이익,"에너지 업종의 당기순이익 지표로, 해당 산업의 재무 성과를 분석하는 데 사용됩니다."
에너지업종총자산,"에너지 업종의 총자산 지표로, 해당 산업의 재무 성과를 분석하는 데 사용됩니다."
에너지업종부채,"에너지 업종의 부채 지표로, 해당 산업의 재무 성과를 분석하는 데 사용됩니다."
에너지업종자본,"에너지 업종의 자본 지표로, 해당 산업의 재무 성과를 분석하는 데 사용됩니다."
에너지업종현금흐름,"에너지 업종의 현금흐름 지표로, 해당 산업의 재무 성과를 분석하는 데 사용됩니다."
에너지업종EBITDA,"에너지 업종의 EBITDA 지표로, 해당 산업의 재무 성과를 분석하는 데 사용됩니다."
에너지업종PER,"에너지 업종의 PER 지표로, 해당 산업의 재무 성과를 분석하는 데 사용됩니다."
에너지업종PBR,"에너지 업종의 PBR 지표로, 해당 산업의 재무 성과를 분석하는 데 사용됩니다."
에너지업종ROE,"에너지 업종의 ROE 지표로, 해당 산업의 재무 성과를 분석하는 데 사용됩니다."
에너지업종ROA,"에너지 업종의 ROA 지표로, 해당 산업의 재무 성과를 분석하는 데 사용됩니다."
에너지업종부채비율,"에너지 업종의 부채비율 지표로, 해당 산업의 재무 성과를 분석하는 데 사용됩니다."
에너지업종유동비율,"에너지 업종의 유동비율 지표로, 해당 산업의 재무 성과를 분석하는 데 사용됩니다."
에너지업종당좌비율,"에너지 업종의 당좌비율 지표로, 해당 산업의 재무 성과를 분석하는 데 사용됩니다."
에너지업종이자보상배율,"에너지 업종의 이자보상배율 지표로, 해당 산업의 재무 성과를 분석하는 데 사용됩니다."
에너지업종매출총이익률,"에너지 업종의 매출총이익률 지표로, 해당 산업의 재무 성과를 분석하는 데 사용됩니다."
에너지업종영업이익률,"에너지 업종의 영업이익률 지표로, 해당 산업의 재무 성과를 분석하는 데 사용됩니다."
에너지업종순이익률,"에너지 업종의 순이익률 지표로, 해당 산업의 재무 성과를 분석하는 데 사용됩니다."
에너지업종자산회전율,"에너지 업종의 자산회전율 지표로, 해당 산업의 재무 성과를 분석하는 데 사용됩니다."
식품업종매출액,"식품 업종의 매출액 지표로, 해당 산업의 재무 성과를 분석하는 데 사용됩니다."
식품업종영업이익,"식품 업종의 영업이익 지표로, 해당 산업의 재무 성과를 분석하는 데 사용됩니다."
식품업종당기순이익,"식품 업종의 당기순이익 지표로, 해당 산업의 재무 성과를 분석하는 데 사용됩니다."
식품업종총자산,"식품 업종의 총자산 지표로, 해당 산업의 재무 성과를 분석하는 데 사용됩니다."
식품업종부채,"식품 업종의 부채 지표로, 해당 산업의 재무 성과를 분석하는 데 사용됩니다."
식품업종자본,"식품 업종의 자본 지표로, 해당 산업의 재무 성과를 분석하는 데 사용됩니다."
식품업종현금흐름,"식품 업종의 현금흐름 지표로, 해당 산업의 재무 성과를 분석하는 데 사용됩니다."
식품업종EBITDA,"식품 업종의 EBITDA 지표로, 해당 산업의 재무 성과를 분석하는 데 사용됩니다."
식품업종PER,"식품 업종의 PER 지표로, 해당 산업의 재무 성과를 분석하는 데 사용됩니다."
식품업종PBR,"식품 업종의 PBR 지표로, 해당 산업의 재무 성과를 분석하는 데 사용됩니다."
식품업종ROE,"식품 업종의 ROE 지표로, 해당 산업의 재무 성과를 분석하는 데 사용됩니다."
식품업종ROA,"식품 업종의 ROA 지표로, 해당 산업의 재무 성과를 분석하는 데 사용됩니다."
식품업종부채비율,"식품 업종의 부채비율 지표로, 해당 산업의 재무 성과를 분석하는 데 사용됩니다."
식품업종유동비율,"식품 업종의 유동비율 지표로, 해당 산업의 재무 성과를 분석하는 데 사용됩니다."
식품업종당좌비율,"식품 업종의 당좌비율 지표로, 해당 산업의 재무 성과를 분석하는 데 사용됩니다."
식품업종이자보상배율,"식품 업종의 이자보상배율 지표로, 해당 산업의 재무 성과를 분석하는 데 사용됩니다."
식품업종매출총이익률,"식품 업종의 매출총이익률 지표로, 해당 산업의 재무 성과를 분석하는 데 사용됩니다."
식품업종영업이익률,"식품 업종의 영업이익률 지표로, 해당 산업의 재무 성과를 분석하는 데 사용됩니다."
식품업종순이익률,"식품 업종의 순이익률 지표로, 해당 산업의 재무 성과를 분석하는 데 사용됩니다."
식품업종자산회전율,"식품 업종의 자산회전율 지표로, 해당 산업의 재무 성과를 분석하는 데 사용됩니다."
의료업종매출액,"의료 업종의 매출액 지표로, 해당 산업의 재무 성과를 분석하는 데 사용됩니다."
의료업종영업이익,"의료 업종의 영업이익 지표로, 해당 산업의 재무 성과를 분석하는 데 사용됩니다."
의료업종당기순이익,"의료 업종의 당기순이익 지표로, 해당 산업의 재무 성과를 분석하는 데 사용됩니다."
의료업종총자산,"의료 업종의 총자산 지표로, 해당 산업의 재무 성과를 분석하는 데 사용됩니다."
의료업종부채,"의료 업종의 부채 지표로, 해당 산업의 재무 성과를 분석하는 데 사용됩니다."
의료업종자본,"의료 업종의 자본 지표로, 해당 산업의 재무 성과를 분석하는 데 사용됩니다."
의료업종현금흐름,"의료 업종의 현금흐름 지표로, 해당 산업의 재무 성과를 분석하는 데 사용됩니다."
의료업종EBITDA,"의료 업종의 EBITDA 지표로, 해당 산업의 재무 성과를 분석하는 데 사용됩니다."
의료업종PER,"의료 업종의 PER 지표로, 해당 산업의 재무 성과를 분석하는 데 사용됩니다."
의료업종PBR,"의료 업종의 PBR 지표로, 해당 산업의 재무 성과를 분석하는 데 사용됩니다."
의료업종ROE,"의료 업종의 ROE 지표로, 해당 산업의 재무 성과를 분석하는 데 사용됩니다."
의료업종ROA,"의료 업종의 ROA 지표로, 해당 산업의 재무 성과를 분석하는 데 사용됩니다."
의료업종부채비율,"의료 업종의 부채비율 지표로, 해당 산업의 재무 성과를 분석하는 데 사용됩니다."
의료업종유동비율,"의료 업종의 유동비율 지표로, 해당 산업의 재무 성과를 분석하는 데 사용됩니다."
의료업종당좌비율,"의료 업종의 당좌비율 지표로, 해당 산업의 재무 성과를 분석하는 데 사용됩니다."
의료업종이자보상배율,"의료 업종의 이자보상배율 지표로, 해당 산업의 재무 성과를 분석하는 데 사용됩니다."
의료업종매출총이익률,"의료 업종의 매출총이익률 지표로, 해당 산업의 재무 성과를 분석하는 데 사용됩니다."
의료업종영업이익률,"의료 업종의 영업이익률 지표로, 해당 산업의 재무 성과를 분석하는 데 사용됩니다."
의료업종순이익률,"의료 업종의 순이익률 지표로, 해당 산업의 재무 성과를 분석하는 데 사용됩니다."
의료업종자산회전율,"의료 업종의 자산회전율 지표로, 해당 산업의 재무 성과를 분석하는 데 사용됩니다."
교육업종매출액,"교육 업종의 매출액 지표로, 해당 산업의 재무 성과를 분석하는 데 사용됩니다."
교육업종영업이익,"교육 업종의 영업이익 지표로, 해당 산업의 재무 성과를 분석하는 데 사용됩니다."
교육업종당기순이익,"교육 업종의 당기순이익 지표로, 해당 산업의 재무 성과를 분석하는 데 사용됩니다."
교육업종총자산,"교육 업종의 총자산 지표로, 해당 산업의 재무 성과를 분석하는 데 사용됩니다."
교육업종부채,"교육 업종의 부채 지표로, 해당 산업의 재무 성과를 분석하는 데 사용됩니다."
교육업종자본,"교육 업종의 자본 지표로, 해당 산업의 재무 성과를 분석하는 데 사용됩니다."
교육업종현금흐름,"교육 업종의 현금흐름 지표로, 해당 산업의 재무 성과를 분석하는 데 사용됩니다."
교육업종EBITDA,"교육 업종의 EBITDA 지표로, 해당 산업의 재무 성과를 분석하는 데 사용됩니다."
교육업종PER,"교육 업종의 PER 지표로, 해당 산업의 재무 성과를 분석하는 데 사용됩니다."
교육업종PBR,"교육 업종의 PBR 지표로, 해당 산업의 재무 성과를 분석하는 데 사용됩니다."
교육업종ROE,"교육 업종의 ROE 지표로, 해당 산업의 재무 성과를 분석하는 데 사용됩니다."
교육업종ROA,"교육 업종의 ROA 지표로, 해당 산업의 재무 성과를 분석하는 데 사용됩니다."
교육업종부채비율,"교육 업종의 부채비율 지표로, 해당 산업의 재무 성과를 분석하는 데 사용됩니다."
교육업종유동비율,"교육 업종의 유동비율 지표로, 해당 산업의 재무 성과를 분석하는 데 사용됩니다."
교육업종당좌비율,"교육 업종의 당좌비율 지표로, 해당 산업의 재무 성과를 분석하는 데 사용됩니다."
교육업종이자보상배율,"교육 업종의 이자보상배율 지표로, 해당 산업의 재무 성과를 분석하는 데 사용됩니다."
교육업종매출총이익률,"교육 업종의 매출총이익률 지표로, 해당 산업의 재무 성과를 분석하는 데 사용됩니다."
교육업종영업이익률,"교육 업종의 영업이익률 지표로, 해당 산업의 재무 성과를 분석하는 데 사용됩니다."
교육업종순이익률,"교육 업종의 순이익률 지표로, 해당 산업의 재무 성과를 분석하는 데 사용됩니다."
교육업종자산회전율,"교육 업종의 자산회전율 지표로, 해당 산업의 재무 성과를 분석하는 데 사용됩니다."
엔터업종매출액,"엔터 업종의 매출액 지표로, 해당 산업의 재무 성과를 분석하는 데 사용됩니다."
엔터업종영업이익,"엔터 업종의 영업이익 지표로, 해당 산업의 재무 성과를 분석하는 데 사용됩니다."
엔터업종당기순이익,"엔터 업종의 당기순이익 지표로, 해당 산업의 재무 성과를 분석하는 데 사용됩니다."
엔터업종총자산,"엔터 업종의 총자산 지표로, 해당 산업의 재무 성과를 분석하는 데 사용됩니다."
엔터업종부채,"엔터 업종의 부채 지표로, 해당 산업의 재무 성과를 분석하는 데 사용됩니다."
엔터업종자본,"엔터 업종의 자본 지표로, 해당 산업의 재무 성과를 분석하는 데 사용됩니다."
엔터업종현금흐름,"엔터 업종의 현금흐름 지표로, 해당 산업의 재무 성과를 분석하는 데 사용됩니다."
엔터업종EBITDA,"엔터 업종의 EBITDA 지표로, 해당 산업의 재무 성과를 분석하는 데 사용됩니다."
엔터업종PER,"엔터 업종의 PER 지표로, 해당 산업의 재무 성과를 분석하는 데 사용됩니다."
엔터업종PBR,"엔터 업종의 PBR 지표로, 해당 산업의 재무 성과를 분석하는 데 사용됩니다."
엔터업종ROE,"엔터 업종의 ROE 지표로, 해당 산업의 재무 성과를 분석하는 데 사용됩니다."
엔터업종ROA,"엔터 업종의 ROA 지표로, 해당 산업의 재무 성과를 분석하는 데 사용됩니다."
엔터업종부채비율,"엔터 업종의 부채비율 지표로, 해당 산업의 재무 성과를 분석하는 데 사용됩니다."
엔터업종유동비율,"엔터 업종의 유동비율 지표로, 해당 산업의 재무 성과를 분석하는 데 사용됩니다."
엔터업종당좌비율,"엔터 업종의 당좌비율 지표로, 해당 산업의 재무 성과를 분석하는 데 사용됩니다."
엔터업종이자보상배율,"엔터 업종의 이자보상배율 지표로, 해당 산업의 재무 성과를 분석하는 데 사용됩니다."
엔터업종매출총이익률,"엔터 업종의 매출총이익률 지표로, 해당 산업의 재무 성과를 분석하는 데 사용됩니다."
엔터업종영업이익률,"엔터 업종의 영업이익률 지표로, 해당 산업의 재무 성과를 분석하는 데 사용됩니다."
엔터업종순이익률,"엔터 업종의 순이익률 지표로, 해당 산업의 재무 성과를 분석하는 데 사용됩니다."
엔터업종자산회전율,"엔터 업종의 자산회전율 지표로, 해당 산업의 재무 성과를 분석하는 데 사용됩니다."
게임업종매출액,"게임 업종의 매출액 지표로, 해당 산업의 재무 성과를 분석하는 데 사용됩니다."
게임업종영업이익,"게임 업종의 영업이익 지표로, 해당 산업의 재무 성과를 분석하는 데 사용됩니다."
게임업종당기순이익,"게임 업종의 당기순이익 지표로, 해당 산업의 재무 성과를 분석하는 데 사용됩니다."
게임업종총자산,"게임 업종의 총자산 지표로, 해당 산업의 재무 성과를 분석하는 데 사용됩니다."
게임업종부채,"게임 업종의 부채 지표로, 해당 산업의 재무 성과를 분석하는 데 사용됩니다."
게임업종자본,"게임 업종의 자본 지표로, 해당 산업의 재무 성과를 분석하는 데 사용됩니다."
게임업종현금흐름,"게임 업종의 현금흐름 지표로, 해당 산업의 재무 성과를 분석하는 데 사용됩니다."
게임업종EBITDA,"게임 업종의 EBITDA 지표로, 해당 산업의 재무 성과를 분석하는 데 사용됩니다."
게임업종PER,"게임 업종의 PER 지표로, 해당 산업의 재무 성과를 분석하는 데 사용됩니다."
게임업종PBR,"게임 업종의 PBR 지표로, 해당 산업의 재무 성과를 분석하는 데 사용됩니다."
게임업종ROE,"게임 업종의 ROE 지표로, 해당 산업의 재무 성과를 분석하는 데 사용됩니다."
게임업종ROA,"게임 업종의 ROA 지표로, 해당 산업의 재무 성과를 분석하는 데 사용됩니다."
게임업종부채비율,"게임 업종의 부채비율 지표로, 해당 산업의 재무 성과를 분석하는 데 사용됩니다."
게임업종유동비율,"게임 업종의 유동비율 지표로, 해당 산업의 재무 성과를 분석하는 데 사용됩니다."
게임업종당좌비율,"게임 업종의 당좌비율 지표로, 해당 산업의 재무 성과를 분석하는 데 사용됩니다."
게임업종이자보상배율,"게임 업종의 이자보상배율 지표로, 해당 산업의 재무 성과를 분석하는 데 사용됩니다."
게임업종매출총이익률,"게임 업종의 매출총이익률 지표로, 해당 산업의 재무 성과를 분석하는 데 사용됩니다."
게임업종영업이익률,"게임 업종의 영업이익률 지표로, 해당 산업의 재무 성과를 분석하는 데 사용됩니다."
게임업종순이익률,"게임 업종의 순이익률 지표로, 해당 산업의 재무 성과를 분석하는 데 사용됩니다."
게임업종자산회전율,"게임 업종의 자산회전율 지표로, 해당 산업의 재무 성과를 분석하는 데 사용됩니다."
항공업종매출액,"항공 업종의 매출액 지표로, 해당 산업의 재무 성과를 분석하는 데 사용됩니다."
항공업종영업이익,"항공 업종의 영업이익 지표로, 해당 산업의 재무 성과를 분석하는 데 사용됩니다."
항공업종당기순이익,"항공 업종의 당기순이익 지표로, 해당 산업의 재무 성과를 분석하는 데 사용됩니다."
항공업종총자산,"항공 업종의 총자산 지표로, 해당 산업의 재무 성과를 분석하는 데 사용됩니다."
항공업종부채,"항공 업종의 부채 지표로, 해당 산업의 재무 성과를 분석하는 데 사용됩니다."
항공업종자본,"항공 업종의 자본 지표로, 해당 산업의 재무 성과를 분석하는 데 사용됩니다."
항공업종현금흐름,"항공 업종의 현금흐름 지표로, 해당 산업의 재무 성과를 분석하는 데 사용됩니다."
항공업종EBITDA,"항공 업종의 EBITDA 지표로, 해당 산업의 재무 성과를 분석하는 데 사용됩니다."
항공업종PER,"항공 업종의 PER 지표로, 해당 산업의 재무 성과를 분석하는 데 사용됩니다."
항공업종PBR,"항공 업종의 PBR 지표로, 해당 산업의 재무 성과를 분석하는 데 사용됩니다."
항공업종ROE,"항공 업종의 ROE 지표로, 해당 산업의 재무 성과를 분석하는 데 사용됩니다."
항공업종ROA,"항공 업종의 ROA 지표로, 해당 산업의 재무 성과를 분석하는 데 사용됩니다."
항공업종부채비율,"항공 업종의 부채비율 지표로, 해당 산업의 재무 성과를 분석하는 데 사용됩니다."
항공업종유동비율,"항공 업종의 유동비율 지표로, 해당 산업의 재무 성과를 분석하는 데 사용됩니다."
항공업종당좌비율,"항공 업종의 당좌비율 지표로, 해당 산업의 재무 성과를 분석하는 데 사용됩니다."
항공업종이자보상배율,"항공 업종의 이자보상배율 지표로, 해당 산업의 재무 성과를 분석하는 데 사용됩니다."
항공업종매출총이익률,"항공 업종의 매출총이익률 지표로, 해당 산업의 재무 성과를 분석하는 데 사용됩니다."
항공업종영업이익률,"항공 업종의 영업이익률 지표로, 해당 산업의 재무 성과를 분석하는 데 사용됩니다."
항공업종순이익률,"항공 업종의 순이익률 지표로, 해당 산업의 재무 성과를 분석하는 데 사용됩니다."
항공업종자산회전율,"항공 업종의 자산회전율 지표로, 해당 산업의 재무 성과를 분석하는 데 사용됩니다."
물류업종매출액,"물류 업종의 매출액 지표로, 해당 산업의 재무 성과를 분석하는 데 사용됩니다."
물류업종영업이익,"물류 업종의 영업이익 지표로, 해당 산업의 재무 성과를 분석하는 데 사용됩니다."
물류업종당기순이익,"물류 업종의 당기순이익 지표로, 해당 산업의 재무 성과를 분석하는 데 사용됩니다."
물류업종총자산,"물류 업종의 총자산 지표로, 해당 산업의 재무 성과를 분석하는 데 사용됩니다."
물류업종부채,"물류 업종의 부채 지표로, 해당 산업의 재무 성과를 분석하는 데 사용됩니다."
물류업종자본,"물류 업종의 자본 지표로, 해당 산업의 재무 성과를 분석하는 데 사용됩니다."
물류업종현금흐름,"물류 업종의 현금흐름 지표로, 해당 산업의 재무 성과를 분석하는 데 사용됩니다."
물류업종EBITDA,"물류 업종의 EBITDA 지표로, 해당 산업의 재무 성과를 분석하는 데 사용됩니다."
물류업종PER,"물류 업종의 PER 지표로, 해당 산업의 재무 성과를 분석하는 데 사용됩니다."
물류업종PBR,"물류 업종의 PBR 지표로, 해당 산업의 재무 성과를 분석하는 데 사용됩니다."
물류업종ROE,"물류 업종의 ROE 지표로, 해당 산업의 재무 성과를 분석하는 데 사용됩니다."
물류업종ROA,"물류 업종의 ROA 지표로, 해당 산업의 재무 성과를 분석하는 데 사용됩니다."
물류업종부채비율,"물류 업종의 부채비율 지표로, 해당 산업의 재무 성과를 분석하는 데 사용됩니다."
물류업종유동비율,"물류 업종의 유동비율 지표로, 해당 산업의 재무 성과를 분석하는 데 사용됩니다."
물류업종당좌비율,"물류 업종의 당좌비율 지표로, 해당 산업의 재무 성과를 분석하는 데 사용됩니다."
물류업종이자보상배율,"물류 업종의 이자보상배율 지표로, 해당 산업의 재무 성과를 분석하는 데 사용됩니다."
물류업종매출총이익률,"물류 업종의 매출총이익률 지표로, 해당 산업의 재무 성과를 분석하는 데 사용됩니다."
물류업종영업이익률,"물류 업종의 영업이익률 지표로, 해당 산업의 재무 성과를 분석하는 데 사용됩니다."
물류업종순이익률,"물류 업종의 순이익률 지표로, 해당 산업의 재무 성과를 분석하는 데 사용됩니다."
물류업종자산회전율,"물류 업종의 자산회전율 지표로, 해당 산업의 재무 성과를 분석하는 데 사용됩니다."
기계업종매출액,"기계 업종의 매출액 지표로, 해당 산업의 재무 성과를 분석하는 데 사용됩니다."
기계업종영업이익,"기계 업종의 영업이익 지표로, 해당 산업의 재무 성과를 분석하는 데 사용됩니다."
기계업종당기순이익,"기계 업종의 당기순이익 지표로, 해당 산업의 재무 성과를 분석하는 데 사용됩니다."
기계업종총자산,"기계 업종의 총자산 지표로, 해당 산업의 재무 성과를 분석하는 데 사용됩니다."
기계업종부채,"기계 업종의 부채 지표로, 해당 산업의 재무 성과를 분석하는 데 사용됩니다."
기계업종자본,"기계 업종의 자본 지표로, 해당 산업의 재무 성과를 분석하는 데 사용됩니다."
기계업종현금흐름,"기계 업종의 현금흐름 지표로, 해당 산업의 재무 성과를 분석하는 데 사용됩니다."
기계업종EBITDA,"기계 업종의 EBITDA 지표로, 해당 산업의 재무 성과를 분석하는 데 사용됩니다."
기계업종PER,"기계 업종의 PER 지표로, 해당 산업의 재무 성과를 분석하는 데 사용됩니다."
기계업종PBR,"기계 업종의 PBR 지표로, 해당 산업의 재무 성과를 분석하는 데 사용됩니다."
기계업종ROE,"기계 업종의 ROE 지표로, 해당 산업의 재무 성과를 분석하는 데 사용됩니다."
기계업종ROA,"기계 업종의 ROA 지표로, 해당 산업의 재무 성과를 분석하는 데 사용됩니다."
기계업종부채비율,"기계 업종의 부채비율 지표로, 해당 산업의 재무 성과를 분석하는 데 사용됩니다."
기계업종유동비율,"기계 업종의 유동비율 지표로, 해당 산업의 재무 성과를 분석하는 데 사용됩니다."
기계업종당좌비율,"기계 업종의 당좌비율 지표로, 해당 산업의 재무 성과를 분석하는 데 사용됩니다."
기계업종이자보상배율,"기계 업종의 이자보상배율 지표로, 해당 산업의 재무 성과를 분석하는 데 사용됩니다."
기계업종매출총이익률,"기계 업종의 매출총이익률 지표로, 해당 산업의 재무 성과를 분석하는 데 사용됩니다."
기계업종영업이익률,"기계 업종의 영업이익률 지표로, 해당 산업의 재무 성과를 분석하는 데 사용됩니다."
기계업종순이익률,"기계 업종의 순이익률 지표로, 해당 산업의 재무 성과를 분석하는 데 사용됩니다."
기계업종자산회전율,"기계 업종의 자산회전율 지표로, 해당 산업의 재무 성과를 분석하는 데 사용됩니다."
전자업종매출액,"전자 업종의 매출액 지표로, 해당 산업의 재무 성과를 분석하는 데 사용됩니다."
전자업종영업이익,"전자 업종의 영업이익 지표로, 해당 산업의 재무 성과를 분석하는 데 사용됩니다."
전자업종당기순이익,"전자 업종의 당기순이익 지표로, 해당 산업의 재무 성과를 분석하는 데 사용됩니다."
전자업종총자산,"전자 업종의 총자산 지표로, 해당 산업의 재무 성과를 분석하는 데 사용됩니다."
전자업종부채,"전자 업종의 부채 지표로, 해당 산업의 재무 성과를 분석하는 데 사용됩니다."
전자업종자본,"전자 업종의 자본 지표로, 해당 산업의 재무 성과를 분석하는 데 사용됩니다."
전자업종현금흐름,"전자 업종의 현금흐름 지표로, 해당 산업의 재무 성과를 분석하는 데 사용됩니다."
전자업종EBITDA,"전자 업종의 EBITDA 지표로, 해당 산업의 재무 성과를 분석하는 데 사용됩니다."
전자업종PER,"전자 업종의 PER 지표로, 해당 산업의 재무 성과를 분석하는 데 사용됩니다."
전자업종PBR,"전자 업종의 PBR 지표로, 해당 산업의 재무 성과를 분석하는 데 사용됩니다."
전자업종ROE,"전자 업종의 ROE 지표로, 해당 산업의 재무 성과를 분석하는 데 사용됩니다."
전자업종ROA,"전자 업종의 ROA 지표로, 해당 산업의 재무 성과를 분석하는 데 사용됩니다."
전자업종부채비율,"전자 업종의 부채비율 지표로, 해당 산업의 재무 성과를 분석하는 데 사용됩니다."
전자업종유동비율,"전자 업종의 유동비율 지표로, 해당 산업의 재무 성과를 분석하는 데 사용됩니다."
전자업종당좌비율,"전자 업종의 당좌비율 지표로, 해당 산업의 재무 성과를 분석하는 데 사용됩니다."
전자업종이자보상배율,"전자 업종의 이자보상배율 지표로, 해당 산업의 재무 성과를 분석하는 데 사용됩니다."
전자업종매출총이익률,"전자 업종의 매출총이익률 지표로, 해당 산업의 재무 성과를 분석하는 데 사용됩니다."
전자업종영업이익률,"전자 업종의 영업이익률 지표로, 해당 산업의 재무 성과를 분석하는 데 사용됩니다."
전자업종순이익률,"전자 업종의 순이익률 지표로, 해당 산업의 재무 성과를 분석하는 데 사용됩니다."
전자업종자산회전율,"전자 업종의 자산회전율 지표로, 해당 산업의 재무 성과를 분석하는 데 사용됩니다."
소재업종매출액,"소재 업종의 매출액 지표로, 해당 산업의 재무 성과를 분석하는 데 사용됩니다."
소재업종영업이익,"소재 업종의 영업이익 지표로, 해당 산업의 재무 성과를 분석하는 데 사용됩니다."
소재업종당기순이익,"소재 업종의 당기순이익 지표로, 해당 산업의 재무 성과를 분석하는 데 사용됩니다."
소재업종총자산,"소재 업종의 총자산 지표로, 해당 산업의 재무 성과를 분석하는 데 사용됩니다."
소재업종부채,"소재 업종의 부채 지표로, 해당 산업의 재무 성과를 분석하는 데 사용됩니다."
소재업종자본,"소재 업종의 자본 지표로, 해당 산업의 재무 성과를 분석하는 데 사용됩니다."
소재업종현금흐름,"소재 업종의 현금흐름 지표로, 해당 산업의 재무 성과를 분석하는 데 사용됩니다."
소재업종EBITDA,"소재 업종의 EBITDA 지표로, 해당 산업의 재무 성과를 분석하는 데 사용됩니다."
소재업종PER,"소재 업종의 PER 지표로, 해당 산업의 재무 성과를 분석하는 데 사용됩니다."
소재업종PBR,"소재 업종의 PBR 지표로, 해당 산업의 재무 성과를 분석하는 데 사용됩니다."
소재업종ROE,"소재 업종의 ROE 지표로, 해당 산업의 재무 성과를 분석하는 데 사용됩니다."
소재업종ROA,"소재 업종의 ROA 지표로, 해당 산업의 재무 성과를 분석하는 데 사용됩니다."
소재업종부채비율,"소재 업종의 부채비율 지표로, 해당 산업의 재무 성과를 분석하는 데 사용됩니다."
소재업종유동비율,"소재 업종의 유동비율 지표로, 해당 산업의 재무 성과를 분석하는 데 사용됩니다."
소재업종당좌비율,"소재 업종의 당좌비율 지표로, 해당 산업의 재무 성과를 분석하는 데 사용됩니다."
소재업종이자보상배율,"소재 업종의 이자보상배율 지표로, 해당 산업의 재무 성과를 분석하는 데 사용됩니다."
소재업종매출총이익률,"소재 업종의 매출총이익률 지표로, 해당 산업의 재무 성과를 분석하는 데 사용됩니다."
소재업종영업이익률,"소재 업종의 영업이익률 지표로, 해당 산업의 재무 성과를 분석하는 데 사용됩니다."
소재업종순이익률,"소재 업종의 순이익률 지표로, 해당 산업의 재무 성과를 분석하는 데 사용됩니다."
소재업종자산회전율,"소재 업종의 자산회전율 지표로, 해당 산업의 재무 성과를 분석하는 데 사용됩니다."
광고업종매출액,"광고 업종의 매출액 지표로, 해당 산업의 재무 성과를 분석하는 데 사용됩니다."
광고업종영업이익,"광고 업종의 영업이익 지표로, 해당 산업의 재무 성과를 분석하는 데 사용됩니다."
광고업종당기순이익,"광고 업종의 당기순이익 지표로, 해당 산업의 재무 성과를 분석하는 데 사용됩니다."
광고업종총자산,"광고 업종의 총자산 지표로, 해당 산업의 재무 성과를 분석하는 데 사용됩니다."
광고업종부채,"광고 업종의 부채 지표로, 해당 산업의 재무 성과를 분석하는 데 사용됩니다."
광고업종자본,"광고 업종의 자본 지표로, 해당 산업의 재무 성과를 분석하는 데 사용됩니다."
광고업종현금흐름,"광고 업종의 현금흐름 지표로, 해당 산업의 재무 성과를 분석하는 데 사용됩니다."
광고업종EBITDA,"광고 업종의 EBITDA 지표로, 해당 산업의 재무 성과를 분석하는 데 사용됩니다."
광고업종PER,"광고 업종의 PER 지표로, 해당 산업의 재무 성과를 분석하는 데 사용됩니다."
광고업종PBR,"광고 업종의 PBR 지표로, 해당 산업의 재무 성과를 분석하는 데 사용됩니다."
광고업종ROE,"광고 업종의 ROE 지표로, 해당 산업의 재무 성과를 분석하는 데 사용됩니다."
광고업종ROA,"광고 업종의 ROA 지표로, 해당 산업의 재무 성과를 분석하는 데 사용됩니다."
광고업종부채비율,"광고 업종의 부채비율 지표로, 해당 산업의 재무 성과를 분석하는 데 사용됩니다."
광고업종유동비율,"광고 업종의 유동비율 지표로, 해당 산업의 재무 성과를 분석하는 데 사용됩니다."
광고업종당좌비율,"광고 업종의 당좌비율 지표로, 해당 산업의 재무 성과를 분석하는 데 사용됩니다."
광고업종이자보상배율,"광고 업종의 이자보상배율 지표로, 해당 산업의 재무 성과를 분석하는 데 사용됩니다."
광고업종매출총이익률,"광고 업종의 매출총이익률 지표로, 해당 산업의 재무 성과를 분석하는 데 사용됩니다."
광고업종영업이익률,"광고 업종의 영업이익률 지표로, 해당 산업의 재무 성과를 분석하는 데 사용됩니다."
광고업종순이익률,"광고 업종의 순이익률 지표로, 해당 산업의 재무 성과를 분석하는 데 사용됩니다."
광고업종자산회전율,"광고 업종의 자산회전율 지표로, 해당 산업의 재무 성과를 분석하는 데 사용됩니다."
미디어업종매출액,"미디어 업종의 매출액 지표로, 해당 산업의 재무 성과를 분석하는 데 사용됩니다."
미디어업종영업이익,"미디어 업종의 영업이익 지표로, 해당 산업의 재무 성과를 분석하는 데 사용됩니다."
미디어업종당기순이익,"미디어 업종의 당기순이익 지표로, 해당 산업의 재무 성과를 분석하는 데 사용됩니다."
미디어업종총자산,"미디어 업종의 총자산 지표로, 해당 산업의 재무 성과를 분석하는 데 사용됩니다."
미디어업종부채,"미디어 업종의 부채 지표로, 해당 산업의 재무 성과를 분석하는 데 사용됩니다."
미디어업종자본,"미디어 업종의 자본 지표로, 해당 산업의 재무 성과를 분석하는 데 사용됩니다."
미디어업종현금흐름,"미디어 업종의 현금흐름 지표로, 해당 산업의 재무 성과를 분석하는 데 사용됩니다."
미디어업종EBITDA,"미디어 업종의 EBITDA 지표로, 해당 산업의 재무 성과를 분석하는 데 사용됩니다."
미디어업종PER,"미디어 업종의 PER 지표로, 해당 산업의 재무 성과를 분석하는 데 사용됩니다."
미디어업종PBR,"미디어 업종의 PBR 지표로, 해당 산업의 재무 성과를 분석하는 데 사용됩니다."
미디어업종ROE,"미디어 업종의 ROE 지표로, 해당 산업의 재무 성과를 분석하는 데 사용됩니다."
미디어업종ROA,"미디어 업종의 ROA 지표로, 해당 산업의 재무 성과를 분석하는 데 사용됩니다."
미디어업종부채비율,"미디어 업종의 부채비율 지표로, 해당 산업의 재무 성과를 분석하는 데 사용됩니다."
미디어업종유동비율,"미디어 업종의 유동비율 지표로, 해당 산업의 재무 성과를 분석하는 데 사용됩니다."
미디어업종당좌비율,"미디어 업종의 당좌비율 지표로, 해당 산업의 재무 성과를 분석하는 데 사용됩니다."
미디어업종이자보상배율,"미디어 업종의 이자보상배율 지표로, 해당 산업의 재무 성과를 분석하는 데 사용됩니다."
미디어업종매출총이익률,"미디어 업종의 매출총이익률 지표로, 해당 산업의 재무 성과를 분석하는 데 사용됩니다."
미디어업종영업이익률,"미디어 업종의 영업이익률 지표로, 해당 산업의 재무 성과를 분석하는 데 사용됩니다."
미디어업종순이익률,"미디어 업종의 순이익률 지표로, 해당 산업의 재무 성과를 분석하는 데 사용됩니다."
미디어업종자산회전율,"미디어 업종의 자산회전율 지표로, 해당 산업의 재무 성과를 분석하는 데 사용됩니다."
출판업종매출액,"출판 업종의 매출액 지표로, 해당 산업의 재무 성과를 분석하는 데 사용됩니다."
출판업종영업이익,"출판 업종의 영업이익 지표로, 해당 산업의 재무 성과를 분석하는 데 사용됩니다."
출판업종당기순이익,"출판 업종의 당기순이익 지표로, 해당 산업의 재무 성과를 분석하는 데 사용됩니다."
출판업종총자산,"출판 업종의 총자산 지표로, 해당 산업의 재무 성과를 분석하는 데 사용됩니다."
출판업종부채,"출판 업종의 부채 지표로, 해당 산업의 재무 성과를 분석하는 데 사용됩니다."
출판업종자본,"출판 업종의 자본 지표로, 해당 산업의 재무 성과를 분석하는 데 사용됩니다."
출판업종현금흐름,"출판 업종의 현금흐름 지표로, 해당 산업의 재무 성과를 분석하는 데 사용됩니다."
출판업종EBITDA,"출판 업종의 EBITDA 지표로, 해당 산업의 재무 성과를 분석하는 데 사용됩니다."
출판업종PER,"출판 업종의 PER 지표로, 해당 산업의 재무 성과를 분석하는 데 사용됩니다."
출판업종PBR,"출판 업종의 PBR 지표로, 해당 산업의 재무 성과를 분석하는 데 사용됩니다."
출판업종ROE,"출판 업종의 ROE 지표로, 해당 산업의 재무 성과를 분석하는 데 사용됩니다."
출판업종ROA,"출판 업종의 ROA 지표로, 해당 산업의 재무 성과를 분석하는 데 사용됩니다."
출판업종부채비율,"출판 업종의 부채비율 지표로, 해당 산업의 재무 성과를 분석하는 데 사용됩니다."
출판업종유동비율,"출판 업종의 유동비율 지표로, 해당 산업의 재무 성과를 분석하는 데 사용됩니다."
출판업종당좌비율,"출판 업종의 당좌비율 지표로, 해당 산업의 재무 성과를 분석하는 데 사용됩니다."
출판업종이자보상배율,"출판 업종의 이자보상배율 지표로, 해당 산업의 재무 성과를 분석하는 데 사용됩니다."
출판업종매출총이익률,"출판 업종의 매출총이익률 지표로, 해당 산업의 재무 성과를 분석하는 데 사용됩니다."
출판업종영업이익률,"출판 업종의 영업이익률 지표로, 해당 산업의 재무 성과를 분석하는 데 사용됩니다."
출판업종순이익률,"출판 업종의 순이익률 지표로, 해당 산업의 재무 성과를 분석하는 데 사용됩니다."
출판업종자산회전율,"출판 업종의 자산회전율 지표로, 해당 산업의 재무 성과를 분석하는 데 사용됩니다."
레저업종매출액,"레저 업종의 매출액 지표로, 해당 산업의 재무 성과를 분석하는 데 사용됩니다."
레저업종영업이익,"레저 업종의 영업이익 지표로, 해당 산업의 재무 성과를 분석하는 데 사용됩니다."
레저업종당기순이익,"레저 업종의 당기순이익 지표로, 해당 산업의 재무 성과를 분석하는 데 사용됩니다."
레저업종총자산,"레저 업종의 총자산 지표로, 해당 산업의 재무 성과를 분석하는 데 사용됩니다."
레저업종부채,"레저 업종의 부채 지표로, 해당 산업의 재무 성과를 분석하는 데 사용됩니다."
레저업종자본,"레저 업종의 자본 지표로, 해당 산업의 재무 성과를 분석하는 데 사용됩니다."
레저업종현금흐름,"레저 업종의 현금흐름 지표로, 해당 산업의 재무 성과를 분석하는 데 사용됩니다."
레저업종EBITDA,"레저 업종의 EBITDA 지표로, 해당 산업의 재무 성과를 분석하는 데 사용됩니다."
레저업종PER,"레저 업종의 PER 지표로, 해당 산업의 재무 성과를 분석하는 데 사용됩니다."
레저업종PBR,"레저 업종의 PBR 지표로, 해당 산업의 재무 성과를 분석하는 데 사용됩니다."
레저업종ROE,"레저 업종의 ROE 지표로, 해당 산업의 재무 성과를 분석하는 데 사용됩니다."
레저업종ROA,"레저 업종의 ROA 지표로, 해당 산업의 재무 성과를 분석하는 데 사용됩니다."
레저업종부채비율,"레저 업종의 부채비율 지표로, 해당 산업의 재무 성과를 분석하는 데 사용됩니다."
레저업종유동비율,"레저 업종의 유동비율 지표로, 해당 산업의 재무 성과를 분석하는 데 사용됩니다."
레저업종당좌비율,"레저 업종의 당좌비율 지표로, 해당 산업의 재무 성과를 분석하는 데 사용됩니다."
레저업종이자보상배율,"레저 업종의 이자보상배율 지표로, 해당 산업의 재무 성과를 분석하는 데 사용됩니다."
레저업종매출총이익률,"레저 업종의 매출총이익률 지표로, 해당 산업의 재무 성과를 분석하는 데 사용됩니다."
레저업종영업이익률,"레저 업종의 영업이익률 지표로, 해당 산업의 재무 성과를 분석하는 데 사용됩니다."
레저업종순이익률,"레저 업종의 순이익률 지표로, 해당 산업의 재무 성과를 분석하는 데 사용됩니다."
레저업종자산회전율,"레저 업종의 자산회전율 지표로, 해당 산업의 재무 성과를 분석하는 데 사용됩니다."
호텔업종매출액,"호텔 업종의 매출액 지표로, 해당 산업의 재무 성과를 분석하는 데 사용됩니다."
호텔업종영업이익,"호텔 업종의 영업이익 지표로, 해당 산업의 재무 성과를 분석하는 데 사용됩니다."
호텔업종당기순이익,"호텔 업종의 당기순이익 지표로, 해당 산업의 재무 성과를 분석하는 데 사용됩니다."
호텔업종총자산,"호텔 업종의 총자산 지표로, 해당 산업의 재무 성과를 분석하는 데 사용됩니다."
호텔업종부채,"호텔 업종의 부채 지표로, 해당 산업의 재무 성과를 분석하는 데 사용됩니다."
호텔업종자본,"호텔 업종의 자본 지표로, 해당 산업의 재무 성과를 분석하는 데 사용됩니다."
호텔업종현금흐름,"호텔 업종의 현금흐름 지표로, 해당 산업의 재무 성과를 분석하는 데 사용됩니다."
호텔업종EBITDA,"호텔 업종의 EBITDA 지표로, 해당 산업의 재무 성과를 분석하는 데 사용됩니다."
호텔업종PER,"호텔 업종의 PER 지표로, 해당 산업의 재무 성과를 분석하는 데 사용됩니다."
호텔업종PBR,"호텔 업종의 PBR 지표로, 해당 산업의 재무 성과를 분석하는 데 사용됩니다."
호텔업종ROE,"호텔 업종의 ROE 지표로, 해당 산업의 재무 성과를 분석하는 데 사용됩니다."
호텔업종ROA,"호텔 업종의 ROA 지표로, 해당 산업의 재무 성과를 분석하는 데 사용됩니다."
호텔업종부채비율,"호텔 업종의 부채비율 지표로, 해당 산업의 재무 성과를 분석하는 데 사용됩니다."
호텔업종유동비율,"호텔 업종의 유동비율 지표로, 해당 산업의 재무 성과를 분석하는 데 사용됩니다."
호텔업종당좌비율,"호텔 업종의 당좌비율 지표로, 해당 산업의 재무 성과를 분석하는 데 사용됩니다."
호텔업종이자보상배율,"호텔 업종의 이자보상배율 지표로, 해당 산업의 재무 성과를 분석하는 데 사용됩니다."
호텔업종매출총이익률,"호텔 업종의 매출총이익률 지표로, 해당 산업의 재무 성과를 분석하는 데 사용됩니다."
호텔업종영업이익률,"호텔 업종의 영업이익률 지표로, 해당 산업의 재무 성과를 분석하는 데 사용됩니다."
호텔업종순이익률,"호텔 업종의 순이익률 지표로, 해당 산업의 재무 성과를 분석하는 데 사용됩니다."
호텔업종자산회전율,"호텔 업종의 자산회전율 지표로, 해당 산업의 재무 성과를 분석하는 데 사용됩니다."
가치주식선별,"가치 전략을 활용한 주식 선별 기법으로, 투자 수익 극대화를 위한 방법론입니다."
가치주식포트폴리오구성,"가치 전략을 활용한 주식 포트폴리오구성 기법으로, 투자 수익 극대화를 위한 방법론입니다."
가치주식리밸런싱,"가치 전략을 활용한 주식 리밸런싱 기법으로, 투자 수익 극대화를 위한 방법론입니다."
가치주식최적화,"가치 전략을 활용한 주식 최적화 기법으로, 투자 수익 극대화를 위한 방법론입니다."
가치주식분산,"가치 전략을 활용한 주식 분산 기법으로, 투자 수익 극대화를 위한 방법론입니다."
가치주식집중,"가치 전략을 활용한 주식 집중 기법으로, 투자 수익 극대화를 위한 방법론입니다."
가치주식회전,"가치 전략을 활용한 주식 회전 기법으로, 투자 수익 극대화를 위한 방법론입니다."
가치주식매매타이밍,"가치 전략을 활용한 주식 매매타이밍 기법으로, 투자 수익 극대화를 위한 방법론입니다."
가치채권선별,"가치 전략을 활용한 채권 선별 기법으로, 투자 수익 극대화를 위한 방법론입니다."
가치채권포트폴리오구성,"가치 전략을 활용한 채권 포트폴리오구성 기법으로, 투자 수익 극대화를 위한 방법론입니다."
가치채권리밸런싱,"가치 전략을 활용한 채권 리밸런싱 기법으로, 투자 수익 극대화를 위한 방법론입니다."
가치채권최적화,"가치 전략을 활용한 채권 최적화 기법으로, 투자 수익 극대화를 위한 방법론입니다."
가치채권분산,"가치 전략을 활용한 채권 분산 기법으로, 투자 수익 극대화를 위한 방법론입니다."
가치채권집중,"가치 전략을 활용한 채권 집중 기법으로, 투자 수익 극대화를 위한 방법론입니다."
가치채권회전,"가치 전략을 활용한 채권 회전 기법으로, 투자 수익 극대화를 위한 방법론입니다."
가치채권매매타이밍,"가치 전략을 활용한 채권 매매타이밍 기법으로, 투자 수익 극대화를 위한 방법론입니다."
가치원자재선별,"가치 전략을 활용한 원자재 선별 기법으로, 투자 수익 극대화를 위한 방법론입니다."
가치원자재포트폴리오구성,"가치 전략을 활용한 원자재 포트폴리오구성 기법으로, 투자 수익 극대화를 위한 방법론입니다."
가치원자재리밸런싱,"가치 전략을 활용한 원자재 리밸런싱 기법으로, 투자 수익 극대화를 위한 방법론입니다."
가치원자재최적화,"가치 전략을 활용한 원자재 최적화 기법으로, 투자 수익 극대화를 위한 방법론입니다."
가치원자재분산,"가치 전략을 활용한 원자재 분산 기법으로, 투자 수익 극대화를 위한 방법론입니다."
가치원자재집중,"가치 전략을 활용한 원자재 집중 기법으로, 투자 수익 극대화를 위한 방법론입니다."
가치원자재회전,"가치 전략을 활용한 원자재 회전 기법으로, 투자 수익 극대화를 위한 방법론입니다."
가치원자재매매타이밍,"가치 전략을 활용한 원자재 매매타이밍 기법으로, 투자 수익 극대화를 위한 방법론입니다."
가치부동산선별,"가치 전략을 활용한 부동산 선별 기법으로, 투자 수익 극대화를 위한 방법론입니다."
가치부동산포트폴리오구성,"가치 전략을 활용한 부동산 포트폴리오구성 기법으로, 투자 수익 극대화를 위한 방법론입니다."
가치부동산리밸런싱,"가치 전략을 활용한 부동산 리밸런싱 기법으로, 투자 수익 극대화를 위한 방법론입니다."
가치부동산최적화,"가치 전략을 활용한 부동산 최적화 기법으로, 투자 수익 극대화를 위한 방법론입니다."
가치부동산분산,"가치 전략을 활용한 부동산 분산 기법으로, 투자 수익 극대화를 위한 방법론입니다."
가치부동산집중,"가치 전략을 활용한 부동산 집중 기법으로, 투자 수익 극대화를 위한 방법론입니다."
가치부동산회전,"가치 전략을 활용한 부동산 회전 기법으로, 투자 수익 극대화를 위한 방법론입니다."
가치부동산매매타이밍,"가치 전략을 활용한 부동산 매매타이밍 기법으로, 투자 수익 극대화를 위한 방법론입니다."
가치대체투자선별,"가치 전략을 활용한 대체투자 선별 기법으로, 투자 수익 극대화를 위한 방법론입니다."
가치대체투자포트폴리오구성,"가치 전략을 활용한 대체투자 포트폴리오구성 기법으로, 투자 수익 극대화를 위한 방법론입니다."
가치대체투자리밸런싱,"가치 전략을 활용한 대체투자 리밸런싱 기법으로, 투자 수익 극대화를 위한 방법론입니다."
가치대체투자최적화,"가치 전략을 활용한 대체투자 최적화 기법으로, 투자 수익 극대화를 위한 방법론입니다."
가치대체투자분산,"가치 전략을 활용한 대체투자 분산 기법으로, 투자 수익 극대화를 위한 방법론입니다."
가치대체투자집중,"가치 전략을 활용한 대체투자 집중 기법으로, 투자 수익 극대화를 위한 방법론입니다."
가치대체투자회전,"가치 전략을 활용한 대체투자 회전 기법으로, 투자 수익 극대화를 위한 방법론입니다."
가치대체투자매매타이밍,"가치 전략을 활용한 대체투자 매매타이밍 기법으로, 투자 수익 극대화를 위한 방법론입니다."
가치혼합자산선별,"가치 전략을 활용한 혼합자산 선별 기법으로, 투자 수익 극대화를 위한 방법론입니다."
가치혼합자산포트폴리오구성,"가치 전략을 활용한 혼합자산 포트폴리오구성 기법으로, 투자 수익 극대화를 위한 방법론입니다."
가치혼합자산리밸런싱,"가치 전략을 활용한 혼합자산 리밸런싱 기법으로, 투자 수익 극대화를 위한 방법론입니다."
가치혼합자산최적화,"가치 전략을 활용한 혼합자산 최적화 기법으로, 투자 수익 극대화를 위한 방법론입니다."
가치혼합자산분산,"가치 전략을 활용한 혼합자산 분산 기법으로, 투자 수익 극대화를 위한 방법론입니다."
가치혼합자산집중,"가치 전략을 활용한 혼합자산 집중 기법으로, 투자 수익 극대화를 위한 방법론입니다."
가치혼합자산회전,"가치 전략을 활용한 혼합자산 회전 기법으로, 투자 수익 극대화를 위한 방법론입니다."
가치혼합자산매매타이밍,"가치 전략을 활용한 혼합자산 매매타이밍 기법으로, 투자 수익 극대화를 위한 방법론입니다."
가치외환선별,"가치 전략을 활용한 외환 선별 기법으로, 투자 수익 극대화를 위한 방법론입니다."
가치외환포트폴리오구성,"가치 전략을 활용한 외환 포트폴리오구성 기법으로, 투자 수익 극대화를 위한 방법론입니다."
가치외환리밸런싱,"가치 전략을 활용한 외환 리밸런싱 기법으로, 투자 수익 극대화를 위한 방법론입니다."
가치외환최적화,"가치 전략을 활용한 외환 최적화 기법으로, 투자 수익 극대화를 위한 방법론입니다."
가치외환분산,"가치 전략을 활용한 외환 분산 기법으로, 투자 수익 극대화를 위한 방법론입니다."
가치외환집중,"가치 전략을 활용한 외환 집중 기법으로, 투자 수익 극대화를 위한 방법론입니다."
가치외환회전,"가치 전략을 활용한 외환 회전 기법으로, 투자 수익 극대화를 위한 방법론입니다."
가치외환매매타이밍,"가치 전략을 활용한 외환 매매타이밍 기법으로, 투자 수익 극대화를 위한 방법론입니다."
가치파생상품선별,"가치 전략을 활용한 파생상품 선별 기법으로, 투자 수익 극대화를 위한 방법론입니다."
가치파생상품포트폴리오구성,"가치 전략을 활용한 파생상품 포트폴리오구성 기법으로, 투자 수익 극대화를 위한 방법론입니다."
가치파생상품리밸런싱,"가치 전략을 활용한 파생상품 리밸런싱 기법으로, 투자 수익 극대화를 위한 방법론입니다."
가치파생상품최적화,"가치 전략을 활용한 파생상품 최적화 기법으로, 투자 수익 극대화를 위한 방법론입니다."
가치파생상품분산,"가치 전략을 활용한 파생상품 분산 기법으로, 투자 수익 극대화를 위한 방법론입니다."
가치파생상품집중,"가치 전략을 활용한 파생상품 집중 기법으로, 투자 수익 극대화를 위한 방법론입니다."
가치파생상품회전,"가치 전략을 활용한 파생상품 회전 기법으로, 투자 수익 극대화를 위한 방법론입니다."
가치파생상품매매타이밍,"가치 전략을 활용한 파생상품 매매타이밍 기법으로, 투자 수익 극대화를 위한 방법론입니다."
성장주식선별,"성장 전략을 활용한 주식 선별 기법으로, 투자 수익 극대화를 위한 방법론입니다."
성장주식포트폴리오구성,"성장 전략을 활용한 주식 포트폴리오구성 기법으로, 투자 수익 극대화를 위한 방법론입니다."
성장주식리밸런싱,"성장 전략을 활용한 주식 리밸런싱 기법으로, 투자 수익 극대화를 위한 방법론입니다."
성장주식최적화,"성장 전략을 활용한 주식 최적화 기법으로, 투자 수익 극대화를 위한 방법론입니다."
성장주식분산,"성장 전략을 활용한 주식 분산 기법으로, 투자 수익 극대화를 위한 방법론입니다."
성장주식집중,"성장 전략을 활용한 주식 집중 기법으로, 투자 수익 극대화를 위한 방법론입니다."
성장주식회전,"성장 전략을 활용한 주식 회전 기법으로, 투자 수익 극대화를 위한 방법론입니다."
성장주식매매타이밍,"성장 전략을 활용한 주식 매매타이밍 기법으로, 투자 수익 극대화를 위한 방법론입니다."
성장채권선별,"성장 전략을 활용한 채권 선별 기법으로, 투자 수익 극대화를 위한 방법론입니다."
성장채권포트폴리오구성,"성장 전략을 활용한 채권 포트폴리오구성 기법으로, 투자 수익 극대화를 위한 방법론입니다."
성장채권리밸런싱,"성장 전략을 활용한 채권 리밸런싱 기법으로, 투자 수익 극대화를 위한 방법론입니다."
성장채권최적화,"성장 전략을 활용한 채권 최적화 기법으로, 투자 수익 극대화를 위한 방법론입니다."
성장채권분산,"성장 전략을 활용한 채권 분산 기법으로, 투자 수익 극대화를 위한 방법론입니다."
성장채권집중,"성장 전략을 활용한 채권 집중 기법으로, 투자 수익 극대화를 위한 방법론입니다."
성장채권회전,"성장 전략을 활용한 채권 회전 기법으로, 투자 수익 극대화를 위한 방법론입니다."
성장채권매매타이밍,"성장 전략을 활용한 채권 매매타이밍 기법으로, 투자 수익 극대화를 위한 방법론입니다."
성장원자재선별,"성장 전략을 활용한 원자재 선별 기법으로, 투자 수익 극대화를 위한 방법론입니다."
성장원자재포트폴리오구성,"성장 전략을 활용한 원자재 포트폴리오구성 기법으로, 투자 수익 극대화를 위한 방법론입니다."
성장원자재리밸런싱,"성장 전략을 활용한 원자재 리밸런싱 기법으로, 투자 수익 극대화를 위한 방법론입니다."
성장원자재최적화,"성장 전략을 활용한 원자재 최적화 기법으로, 투자 수익 극대화를 위한 방법론입니다."
성장원자재분산,"성장 전략을 활용한 원자재 분산 기법으로, 투자 수익 극대화를 위한 방법론입니다."
성장원자재집중,"성장 전략을 활용한 원자재 집중 기법으로, 투자 수익 극대화를 위한 방법론입니다."
성장원자재회전,"성장 전략을 활용한 원자재 회전 기법으로, 투자 수익 극대화를 위한 방법론입니다."
성장원자재매매타이밍,"성장 전략을 활용한 원자재 매매타이밍 기법으로, 투자 수익 극대화를 위한 방법론입니다."
성장부동산선별,"성장 전략을 활용한 부동산 선별 기법으로, 투자 수익 극대화를 위한 방법론입니다."
성장부동산포트폴리오구성,"성장 전략을 활용한 부동산 포트폴리오구성 기법으로, 투자 수익 극대화를 위한 방법론입니다."
성장부동산리밸런싱,"성장 전략을 활용한 부동산 리밸런싱 기법으로, 투자 수익 극대화를 위한 방법론입니다."
성장부동산최적화,"성장 전략을 활용한 부동산 최적화 기법으로, 투자 수익 극대화를 위한 방법론입니다."
성장부동산분산,"성장 전략을 활용한 부동산 분산 기법으로, 투자 수익 극대화를 위한 방법론입니다."
성장부동산집중,"성장 전략을 활용한 부동산 집중 기법으로, 투자 수익 극대화를 위한 방법론입니다."
성장부동산회전,"성장 전략을 활용한 부동산 회전 기법으로, 투자 수익 극대화를 위한 방법론입니다."
성장부동산매매타이밍,"성장 전략을 활용한 부동산 매매타이밍 기법으로, 투자 수익 극대화를 위한 방법론입니다."
성장대체투자선별,"성장 전략을 활용한 대체투자 선별 기법으로, 투자 수익 극대화를 위한 방법론입니다."
성장대체투자포트폴리오구성,"성장 전략을 활용한 대체투자 포트폴리오구성 기법으로, 투자 수익 극대화를 위한 방법론입니다."
성장대체투자리밸런싱,"성장 전략을 활용한 대체투자 리밸런싱 기법으로, 투자 수익 극대화를 위한 방법론입니다."
성장대체투자최적화,"성장 전략을 활용한 대체투자 최적화 기법으로, 투자 수익 극대화를 위한 방법론입니다."
성장대체투자분산,"성장 전략을 활용한 대체투자 분산 기법으로, 투자 수익 극대화를 위한 방법론입니다."
성장대체투자집중,"성장 전략을 활용한 대체투자 집중 기법으로, 투자 수익 극대화를 위한 방법론입니다."
성장대체투자회전,"성장 전략을 활용한 대체투자 회전 기법으로, 투자 수익 극대화를 위한 방법론입니다."
성장대체투자매매타이밍,"성장 전략을 활용한 대체투자 매매타이밍 기법으로, 투자 수익 극대화를 위한 방법론입니다."
성장혼합자산선별,"성장 전략을 활용한 혼합자산 선별 기법으로, 투자 수익 극대화를 위한 방법론입니다."
성장혼합자산포트폴리오구성,"성장 전략을 활용한 혼합자산 포트폴리오구성 기법으로, 투자 수익 극대화를 위한 방법론입니다."
성장혼합자산리밸런싱,"성장 전략을 활용한 혼합자산 리밸런싱 기법으로, 투자 수익 극대화를 위한 방법론입니다."
성장혼합자산최적화,"성장 전략을 활용한 혼합자산 최적화 기법으로, 투자 수익 극대화를 위한 방법론입니다."
성장혼합자산분산,"성장 전략을 활용한 혼합자산 분산 기법으로, 투자 수익 극대화를 위한 방법론입니다."
성장혼합자산집중,"성장 전략을 활용한 혼합자산 집중 기법으로, 투자 수익 극대화를 위한 방법론입니다."
성장혼합자산회전,"성장 전략을 활용한 혼합자산 회전 기법으로, 투자 수익 극대화를 위한 방법론입니다."
성장혼합자산매매타이밍,"성장 전략을 활용한 혼합자산 매매타이밍 기법으로, 투자 수익 극대화를 위한 방법론입니다."
성장외환선별,"성장 전략을 활용한 외환 선별 기법으로, 투자 수익 극대화를 위한 방법론입니다."
성장외환포트폴리오구성,"성장 전략을 활용한 외환 포트폴리오구성 기법으로, 투자 수익 극대화를 위한 방법론입니다."
성장외환리밸런싱,"성장 전략을 활용한 외환 리밸런싱 기법으로, 투자 수익 극대화를 위한 방법론입니다."
성장외환최적화,"성장 전략을 활용한 외환 최적화 기법으로, 투자 수익 극대화를 위한 방법론입니다."
성장외환분산,"성장 전략을 활용한 외환 분산 기법으로, 투자 수익 극대화를 위한 방법론입니다."
성장외환집중,"성장 전략을 활용한 외환 집중 기법으로, 투자 수익 극대화를 위한 방법론입니다."
성장외환회전,"성장 전략을 활용한 외환 회전 기법으로, 투자 수익 극대화를 위한 방법론입니다."
성장외환매매타이밍,"성장 전략을 활용한 외환 매매타이밍 기법으로, 투자 수익 극대화를 위한 방법론입니다."
성장파생상품선별,"성장 전략을 활용한 파생상품 선별 기법으로, 투자 수익 극대화를 위한 방법론입니다."
성장파생상품포트폴리오구성,"성장 전략을 활용한 파생상품 포트폴리오구성 기법으로, 투자 수익 극대화를 위한 방법론입니다."
성장파생상품리밸런싱,"성장 전략을 활용한 파생상품 리밸런싱 기법으로, 투자 수익 극대화를 위한 방법론입니다."
성장파생상품최적화,"성장 전략을 활용한 파생상품 최적화 기법으로, 투자 수익 극대화를 위한 방법론입니다."
성장파생상품분산,"성장 전략을 활용한 파생상품 분산 기법으로, 투자 수익 극대화를 위한 방법론입니다."
성장파생상품집중,"성장 전략을 활용한 파생상품 집중 기법으로, 투자 수익 극대화를 위한 방법론입니다."
성장파생상품회전,"성장 전략을 활용한 파생상품 회전 기법으로, 투자 수익 극대화를 위한 방법론입니다."
성장파생상품매매타이밍,"성장 전략을 활용한 파생상품 매매타이밍 기법으로, 투자 수익 극대화를 위한 방법론입니다."
배당주식선별,"배당 전략을 활용한 주식 선별 기법으로, 투자 수익 극대화를 위한 방법론입니다."
배당주식포트폴리오구성,"배당 전략을 활용한 주식 포트폴리오구성 기법으로, 투자 수익 극대화를 위한 방법론입니다."
배당주식리밸런싱,"배당 전략을 활용한 주식 리밸런싱 기법으로, 투자 수익 극대화를 위한 방법론입니다."
배당주식최적화,"배당 전략을 활용한 주식 최적화 기법으로, 투자 수익 극대화를 위한 방법론입니다."
배당주식분산,"배당 전략을 활용한 주식 분산 기법으로, 투자 수익 극대화를 위한 방법론입니다."
배당주식집중,"배당 전략을 활용한 주식 집중 기법으로, 투자 수익 극대화를 위한 방법론입니다."
배당주식회전,"배당 전략을 활용한 주식 회전 기법으로, 투자 수익 극대화를 위한 방법론입니다."
배당주식매매타이밍,"배당 전략을 활용한 주식 매매타이밍 기법으로, 투자 수익 극대화를 위한 방법론입니다."
배당채권선별,"배당 전략을 활용한 채권 선별 기법으로, 투자 수익 극대화를 위한 방법론입니다."
배당채권포트폴리오구성,"배당 전략을 활용한 채권 포트폴리오구성 기법으로, 투자 수익 극대화를 위한 방법론입니다."
배당채권리밸런싱,"배당 전략을 활용한 채권 리밸런싱 기법으로, 투자 수익 극대화를 위한 방법론입니다."
배당채권최적화,"배당 전략을 활용한 채권 최적화 기법으로, 투자 수익 극대화를 위한 방법론입니다."
배당채권분산,"배당 전략을 활용한 채권 분산 기법으로, 투자 수익 극대화를 위한 방법론입니다."
배당채권집중,"배당 전략을 활용한 채권 집중 기법으로, 투자 수익 극대화를 위한 방법론입니다."
배당채권회전,"배당 전략을 활용한 채권 회전 기법으로, 투자 수익 극대화를 위한 방법론입니다."
배당채권매매타이밍,"배당 전략을 활용한 채권 매매타이밍 기법으로, 투자 수익 극대화를 위한 방법론입니다."
배당원자재선별,"배당 전략을 활용한 원자재 선별 기법으로, 투자 수익 극대화를 위한 방법론입니다."
배당원자재포트폴리오구성,"배당 전략을 활용한 원자재 포트폴리오구성 기법으로, 투자 수익 극대화를 위한 방법론입니다."
배당원자재리밸런싱,"배당 전략을 활용한 원자재 리밸런싱 기법으로, 투자 수익 극대화를 위한 방법론입니다."
배당원자재최적화,"배당 전략을 활용한 원자재 최적화 기법으로, 투자 수익 극대화를 위한 방법론입니다."
배당원자재분산,"배당 전략을 활용한 원자재 분산 기법으로, 투자 수익 극대화를 위한 방법론입니다."
배당원자재집중,"배당 전략을 활용한 원자재 집중 기법으로, 투자 수익 극대화를 위한 방법론입니다."
배당원자재회전,"배당 전략을 활용한 원자재 회전 기법으로, 투자 수익 극대화를 위한 방법론입니다."
배당원자재매매타이밍,"배당 전략을 활용한 원자재 매매타이밍 기법으로, 투자 수익 극대화를 위한 방법론입니다."
배당부동산선별,"배당 전략을 활용한 부동산 선별 기법으로, 투자 수익 극대화를 위한 방법론입니다."
배당부동산포트폴리오구성,"배당 전략을 활용한 부동산 포트폴리오구성 기법으로, 투자 수익 극대화를 위한 방법론입니다."
배당부동산리밸런싱,"배당 전략을 활용한 부동산 리밸런싱 기법으로, 투자 수익 극대화를 위한 방법론입니다."
배당부동산최적화,"배당 전략을 활용한 부동산 최적화 기법으로, 투자 수익 극대화를 위한 방법론입니다."
배당부동산분산,"배당 전략을 활용한 부동산 분산 기법으로, 투자 수익 극대화를 위한 방법론입니다."
배당부동산집중,"배당 전략을 활용한 부동산 집중 기법으로, 투자 수익 극대화를 위한 방법론입니다."
배당부동산회전,"배당 전략을 활용한 부동산 회전 기법으로, 투자 수익 극대화를 위한 방법론입니다."
배당부동산매매타이밍,"배당 전략을 활용한 부동산 매매타이밍 기법으로, 투자 수익 극대화를 위한 방법론입니다."
배당대체투자선별,"배당 전략을 활용한 대체투자 선별 기법으로, 투자 수익 극대화를 위한 방법론입니다."
배당대체투자포트폴리오구성,"배당 전략을 활용한 대체투자 포트폴리오구성 기법으로, 투자 수익 극대화를 위한 방법론입니다."
배당대체투자리밸런싱,"배당 전략을 활용한 대체투자 리밸런싱 기법으로, 투자 수익 극대화를 위한 방법론입니다."
배당대체투자최적화,"배당 전략을 활용한 대체투자 최적화 기법으로, 투자 수익 극대화를 위한 방법론입니다."
배당대체투자분산,"배당 전략을 활용한 대체투자 분산 기법으로, 투자 수익 극대화를 위한 방법론입니다."
배당대체투자집중,"배당 전략을 활용한 대체투자 집중 기법으로, 투자 수익 극대화를 위한 방법론입니다."
배당대체투자회전,"배당 전략을 활용한 대체투자 회전 기법으로, 투자 수익 극대화를 위한 방법론입니다."
배당대체투자매매타이밍,"배당 전략을 활용한 대체투자 매매타이밍 기법으로, 투자 수익 극대화를 위한 방법론입니다."
배당혼합자산선별,"배당 전략을 활용한 혼합자산 선별 기법으로, 투자 수익 극대화를 위한 방법론입니다."
배당혼합자산포트폴리오구성,"배당 전략을 활용한 혼합자산 포트폴리오구성 기법으로, 투자 수익 극대화를 위한 방법론입니다."
배당혼합자산리밸런싱,"배당 전략을 활용한 혼합자산 리밸런싱 기법으로, 투자 수익 극대화를 위한 방법론입니다."
배당혼합자산최적화,"배당 전략을 활용한 혼합자산 최적화 기법으로, 투자 수익 극대화를 위한 방법론입니다."
배당혼합자산분산,"배당 전략을 활용한 혼합자산 분산 기법으로, 투자 수익 극대화를 위한 방법론입니다."
배당혼합자산집중,"배당 전략을 활용한 혼합자산 집중 기법으로, 투자 수익 극대화를 위한 방법론입니다."
배당혼합자산회전,"배당 전략을 활용한 혼합자산 회전 기법으로, 투자 수익 극대화를 위한 방법론입니다."
배당혼합자산매매타이밍,"배당 전략을 활용한 혼합자산 매매타이밍 기법으로, 투자 수익 극대화를 위한 방법론입니다."
배당외환선별,"배당 전략을 활용한 외환 선별 기법으로, 투자 수익 극대화를 위한 방법론입니다."
배당외환포트폴리오구성,"배당 전략을 활용한 외환 포트폴리오구성 기법으로, 투자 수익 극대화를 위한 방법론입니다."
배당외환리밸런싱,"배당 전략을 활용한 외환 리밸런싱 기법으로, 투자 수익 극대화를 위한 방법론입니다."
배당외환최적화,"배당 전략을 활용한 외환 최적화 기법으로, 투자 수익 극대화를 위한 방법론입니다."
배당외환분산,"배당 전략을 활용한 외환 분산 기법으로, 투자 수익 극대화를 위한 방법론입니다."
배당외환집중,"배당 전략을 활용한 외환 집중 기법으로, 투자 수익 극대화를 위한 방법론입니다."
배당외환회전,"배당 전략을 활용한 외환 회전 기법으로, 투자 수익 극대화를 위한 방법론입니다."
배당외환매매타이밍,"배당 전략을 활용한 외환 매매타이밍 기법으로, 투자 수익 극대화를 위한 방법론입니다."
배당파생상품선별,"배당 전략을 활용한 파생상품 선별 기법으로, 투자 수익 극대화를 위한 방법론입니다."
배당파생상품포트폴리오구성,"배당 전략을 활용한 파생상품 포트폴리오구성 기법으로, 투자 수익 극대화를 위한 방법론입니다."
배당파생상품리밸런싱,"배당 전략을 활용한 파생상품 리밸런싱 기법으로, 투자 수익 극대화를 위한 방법론입니다."
배당파생상품최적화,"배당 전략을 활용한 파생상품 최적화 기법으로, 투자 수익 극대화를 위한 방법론입니다."
배당파생상품분산,"배당 전략을 활용한 파생상품 분산 기법으로, 투자 수익 극대화를 위한 방법론입니다."
배당파생상품집중,"배당 전략을 활용한 파생상품 집중 기법으로, 투자 수익 극대화를 위한 방법론입니다."
배당파생상품회전,"배당 전략을 활용한 파생상품 회전 기법으로, 투자 수익 극대화를 위한 방법론입니다."
배당파생상품매매타이밍,"배당 전략을 활용한 파생상품 매매타이밍 기법으로, 투자 수익 극대화를 위한 방법론입니다."
모멘텀주식선별,"모멘텀 전략을 활용한 주식 선별 기법으로, 투자 수익 극대화를 위한 방법론입니다."
모멘텀주식포트폴리오구성,"모멘텀 전략을 활용한 주식 포트폴리오구성 기법으로, 투자 수익 극대화를 위한 방법론입니다."
모멘텀주식리밸런싱,"모멘텀 전략을 활용한 주식 리밸런싱 기법으로, 투자 수익 극대화를 위한 방법론입니다."
모멘텀주식최적화,"모멘텀 전략을 활용한 주식 최적화 기법으로, 투자 수익 극대화를 위한 방법론입니다."
모멘텀주식분산,"모멘텀 전략을 활용한 주식 분산 기법으로, 투자 수익 극대화를 위한 방법론입니다."
모멘텀주식집중,"모멘텀 전략을 활용한 주식 집중 기법으로, 투자 수익 극대화를 위한 방법론입니다."
모멘텀주식회전,"모멘텀 전략을 활용한 주식 회전 기법으로, 투자 수익 극대화를 위한 방법론입니다."
모멘텀주식매매타이밍,"모멘텀 전략을 활용한 주식 매매타이밍 기법으로, 투자 수익 극대화를 위한 방법론입니다."
모멘텀채권선별,"모멘텀 전략을 활용한 채권 선별 기법으로, 투자 수익 극대화를 위한 방법론입니다."
모멘텀채권포트폴리오구성,"모멘텀 전략을 활용한 채권 포트폴리오구성 기법으로, 투자 수익 극대화를 위한 방법론입니다."
모멘텀채권리밸런싱,"모멘텀 전략을 활용한 채권 리밸런싱 기법으로, 투자 수익 극대화를 위한 방법론입니다."
모멘텀채권최적화,"모멘텀 전략을 활용한 채권 최적화 기법으로, 투자 수익 극대화를 위한 방법론입니다."
모멘텀채권분산,"모멘텀 전략을 활용한 채권 분산 기법으로, 투자 수익 극대화를 위한 방법론입니다."
모멘텀채권집중,"모멘텀 전략을 활용한 채권 집중 기법으로, 투자 수익 극대화를 위한 방법론입니다."
모멘텀채권회전,"모멘텀 전략을 활용한 채권 회전 기법으로, 투자 수익 극대화를 위한 방법론입니다."
모멘텀채권매매타이밍,"모멘텀 전략을 활용한 채권 매매타이밍 기법으로, 투자 수익 극대화를 위한 방법론입니다."
모멘텀원자재선별,"모멘텀 전략을 활용한 원자재 선별 기법으로, 투자 수익 극대화를 위한 방법론입니다."
모멘텀원자재포트폴리오구성,"모멘텀 전략을 활용한 원자재 포트폴리오구성 기법으로, 투자 수익 극대화를 위한 방법론입니다."
모멘텀원자재리밸런싱,"모멘텀 전략을 활용한 원자재 리밸런싱 기법으로, 투자 수익 극대화를 위한 방법론입니다."
모멘텀원자재최적화,"모멘텀 전략을 활용한 원자재 최적화 기법으로, 투자 수익 극대화를 위한 방법론입니다."
모멘텀원자재분산,"모멘텀 전략을 활용한 원자재 분산 기법으로, 투자 수익 극대화를 위한 방법론입니다."
모멘텀원자재집중,"모멘텀 전략을 활용한 원자재 집중 기법으로, 투자 수익 극대화를 위한 방법론입니다."
모멘텀원자재회전,"모멘텀 전략을 활용한 원자재 회전 기법으로, 투자 수익 극대화를 위한 방법론입니다."
모멘텀원자재매매타이밍,"모멘텀 전략을 활용한 원자재 매매타이밍 기법으로, 투자 수익 극대화를 위한 방법론입니다."
모멘텀부동산선별,"모멘텀 전략을 활용한 부동산 선별 기법으로, 투자 수익 극대화를 위한 방법론입니다."
모멘텀부동산포트폴리오구성,"모멘텀 전략을 활용한 부동산 포트폴리오구성 기법으로, 투자 수익 극대화를 위한 방법론입니다."
모멘텀부동산리밸런싱,"모멘텀 전략을 활용한 부동산 리밸런싱 기법으로, 투자 수익 극대화를 위한 방법론입니다."
모멘텀부동산최적화,"모멘텀 전략을 활용한 부동산 최적화 기법으로, 투자 수익 극대화를 위한 방법론입니다."
모멘텀부동산분산,"모멘텀 전략을 활용한 부동산 분산 기법으로, 투자 수익 극대화를 위한 방법론입니다."
모멘텀부동산집중,"모멘텀 전략을 활용한 부동산 집중 기법으로, 투자 수익 극대화를 위한 방법론입니다."
모멘텀부동산회전,"모멘텀 전략을 활용한 부동산 회전 기법으로, 투자 수익 극대화를 위한 방법론입니다."
모멘텀부동산매매타이밍,"모멘텀 전략을 활용한 부동산 매매타이밍 기법으로, 투자 수익 극대화를 위한 방법론입니다."
모멘텀대체투자선별,"모멘텀 전략을 활용한 대체투자 선별 기법으로, 투자 수익 극대화를 위한 방법론입니다."
모멘텀대체투자포트폴리오구성,"모멘텀 전략을 활용한 대체투자 포트폴리오구성 기법으로, 투자 수익 극대화를 위한 방법론입니다."
모멘텀대체투자리밸런싱,"모멘텀 전략을 활용한 대체투자 리밸런싱 기법으로, 투자 수익 극대화를 위한 방법론입니다."
모멘텀대체투자최적화,"모멘텀 전략을 활용한 대체투자 최적화 기법으로, 투자 수익 극대화를 위한 방법론입니다."
모멘텀대체투자분산,"모멘텀 전략을 활용한 대체투자 분산 기법으로, 투자 수익 극대화를 위한 방법론입니다."
모멘텀대체투자집중,"모멘텀 전략을 활용한 대체투자 집중 기법으로, 투자 수익 극대화를 위한 방법론입니다."
모멘텀대체투자회전,"모멘텀 전략을 활용한 대체투자 회전 기법으로, 투자 수익 극대화를 위한 방법론입니다."
모멘텀대체투자매매타이밍,"모멘텀 전략을 활용한 대체투자 매매타이밍 기법으로, 투자 수익 극대화를 위한 방법론입니다."
모멘텀혼합자산선별,"모멘텀 전략을 활용한 혼합자산 선별 기법으로, 투자 수익 극대화를 위한 방법론입니다."
모멘텀혼합자산포트폴리오구성,"모멘텀 전략을 활용한 혼합자산 포트폴리오구성 기법으로, 투자 수익 극대화를 위한 방법론입니다."
모멘텀혼합자산리밸런싱,"모멘텀 전략을 활용한 혼합자산 리밸런싱 기법으로, 투자 수익 극대화를 위한 방법론입니다."
모멘텀혼합자산최적화,"모멘텀 전략을 활용한 혼합자산 최적화 기법으로, 투자 수익 극대화를 위한 방법론입니다."
모멘텀혼합자산분산,"모멘텀 전략을 활용한 혼합자산 분산 기법으로, 투자 수익 극대화를 위한 방법론입니다."
모멘텀혼합자산집중,"모멘텀 전략을 활용한 혼합자산 집중 기법으로, 투자 수익 극대화를 위한 방법론입니다."
모멘텀혼합자산회전,"모멘텀 전략을 활용한 혼합자산 회전 기법으로, 투자 수익 극대화를 위한 방법론입니다."
모멘텀혼합자산매매타이밍,"모멘텀 전략을 활용한 혼합자산 매매타이밍 기법으로, 투자 수익 극대화를 위한 방법론입니다."
모멘텀외환선별,"모멘텀 전략을 활용한 외환 선별 기법으로, 투자 수익 극대화를 위한 방법론입니다."
모멘텀외환포트폴리오구성,"모멘텀 전략을 활용한 외환 포트폴리오구성 기법으로, 투자 수익 극대화를 위한 방법론입니다."
모멘텀외환리밸런싱,"모멘텀 전략을 활용한 외환 리밸런싱 기법으로, 투자 수익 극대화를 위한 방법론입니다."
모멘텀외환최적화,"모멘텀 전략을 활용한 외환 최적화 기법으로, 투자 수익 극대화를 위한 방법론입니다."
모멘텀외환분산,"모멘텀 전략을 활용한 외환 분산 기법으로, 투자 수익 극대화를 위한 방법론입니다."
모멘텀외환집중,"모멘텀 전략을 활용한 외환 집중 기법으로, 투자 수익 극대화를 위한 방법론입니다."
모멘텀외환회전,"모멘텀 전략을 활용한 외환 회전 기법으로, 투자 수익 극대화를 위한 방법론입니다."
모멘텀외환매매타이밍,"모멘텀 전략을 활용한 외환 매매타이밍 기법으로, 투자 수익 극대화를 위한 방법론입니다."
모멘텀파생상품선별,"모멘텀 전략을 활용한 파생상품 선별 기법으로, 투자 수익 극대화를 위한 방법론입니다."
모멘텀파생상품포트폴리오구성,"모멘텀 전략을 활용한 파생상품 포트폴리오구성 기법으로, 투자 수익 극대화를 위한 방법론입니다."
모멘텀파생상품리밸런싱,"모멘텀 전략을 활용한 파생상품 리밸런싱 기법으로, 투자 수익 극대화를 위한 방법론입니다."
모멘텀파생상품최적화,"모멘텀 전략을 활용한 파생상품 최적화 기법으로, 투자 수익 극대화를 위한 방법론입니다."
모멘텀파생상품분산,"모멘텀 전략을 활용한 파생상품 분산 기법으로, 투자 수익 극대화를 위한 방법론입니다."
모멘텀파생상품집중,"모멘텀 전략을 활용한 파생상품 집중 기법으로, 투자 수익 극대화를 위한 방법론입니다."
모멘텀파생상품회전,"모멘텀 전략을 활용한 파생상품 회전 기법으로, 투자 수익 극대화를 위한 방법론입니다."
모멘텀파생상품매매타이밍,"모멘텀 전략을 활용한 파생상품 매매타이밍 기법으로, 투자 수익 극대화를 위한 방법론입니다."
퀀트주식선별,"퀀트 전략을 활용한 주식 선별 기법으로, 투자 수익 극대화를 위한 방법론입니다."
퀀트주식포트폴리오구성,"퀀트 전략을 활용한 주식 포트폴리오구성 기법으로, 투자 수익 극대화를 위한 방법론입니다."
퀀트주식리밸런싱,"퀀트 전략을 활용한 주식 리밸런싱 기법으로, 투자 수익 극대화를 위한 방법론입니다."
퀀트주식최적화,"퀀트 전략을 활용한 주식 최적화 기법으로, 투자 수익 극대화를 위한 방법론입니다."
퀀트주식분산,"퀀트 전략을 활용한 주식 분산 기법으로, 투자 수익 극대화를 위한 방법론입니다."
퀀트주식집중,"퀀트 전략을 활용한 주식 집중 기법으로, 투자 수익 극대화를 위한 방법론입니다."
퀀트주식회전,"퀀트 전략을 활용한 주식 회전 기법으로, 투자 수익 극대화를 위한 방법론입니다."
퀀트주식매매타이밍,"퀀트 전략을 활용한 주식 매매타이밍 기법으로, 투자 수익 극대화를 위한 방법론입니다."
퀀트채권선별,"퀀트 전략을 활용한 채권 선별 기법으로, 투자 수익 극대화를 위한 방법론입니다."
퀀트채권포트폴리오구성,"퀀트 전략을 활용한 채권 포트폴리오구성 기법으로, 투자 수익 극대화를 위한 방법론입니다."
퀀트채권리밸런싱,"퀀트 전략을 활용한 채권 리밸런싱 기법으로, 투자 수익 극대화를 위한 방법론입니다."
퀀트채권최적화,"퀀트 전략을 활용한 채권 최적화 기법으로, 투자 수익 극대화를 위한 방법론입니다."
퀀트채권분산,"퀀트 전략을 활용한 채권 분산 기법으로, 투자 수익 극대화를 위한 방법론입니다."
퀀트채권집중,"퀀트 전략을 활용한 채권 집중 기법으로, 투자 수익 극대화를 위한 방법론입니다."
퀀트채권회전,"퀀트 전략을 활용한 채권 회전 기법으로, 투자 수익 극대화를 위한 방법론입니다."
퀀트채권매매타이밍,"퀀트 전략을 활용한 채권 매매타이밍 기법으로, 투자 수익 극대화를 위한 방법론입니다."
퀀트원자재선별,"퀀트 전략을 활용한 원자재 선별 기법으로, 투자 수익 극대화를 위한 방법론입니다."
퀀트원자재포트폴리오구성,"퀀트 전략을 활용한 원자재 포트폴리오구성 기법으로, 투자 수익 극대화를 위한 방법론입니다."
퀀트원자재리밸런싱,"퀀트 전략을 활용한 원자재 리밸런싱 기법으로, 투자 수익 극대화를 위한 방법론입니다."
퀀트원자재최적화,"퀀트 전략을 활용한 원자재 최적화 기법으로, 투자 수익 극대화를 위한 방법론입니다."
퀀트원자재분산,"퀀트 전략을 활용한 원자재 분산 기법으로, 투자 수익 극대화를 위한 방법론입니다."
퀀트원자재집중,"퀀트 전략을 활용한 원자재 집중 기법으로, 투자 수익 극대화를 위한 방법론입니다."
퀀트원자재회전,"퀀트 전략을 활용한 원자재 회전 기법으로, 투자 수익 극대화를 위한 방법론입니다."
퀀트원자재매매타이밍,"퀀트 전략을 활용한 원자재 매매타이밍 기법으로, 투자 수익 극대화를 위한 방법론입니다."
퀀트부동산선별,"퀀트 전략을 활용한 부동산 선별 기법으로, 투자 수익 극대화를 위한 방법론입니다."
퀀트부동산포트폴리오구성,"퀀트 전략을 활용한 부동산 포트폴리오구성 기법으로, 투자 수익 극대화를 위한 방법론입니다."
퀀트부동산리밸런싱,"퀀트 전략을 활용한 부동산 리밸런싱 기법으로, 투자 수익 극대화를 위한 방법론입니다."
퀀트부동산최적화,"퀀트 전략을 활용한 부동산 최적화 기법으로, 투자 수익 극대화를 위한 방법론입니다."
퀀트부동산분산,"퀀트 전략을 활용한 부동산 분산 기법으로, 투자 수익 극대화를 위한 방법론입니다."
퀀트부동산집중,"퀀트 전략을 활용한 부동산 집중 기법으로, 투자 수익 극대화를 위한 방법론입니다."
퀀트부동산회전,"퀀트 전략을 활용한 부동산 회전 기법으로, 투자 수익 극대화를 위한 방법론입니다."
퀀트부동산매매타이밍,"퀀트 전략을 활용한 부동산 매매타이밍 기법으로, 투자 수익 극대화를 위한 방법론입니다."
퀀트대체투자선별,"퀀트 전략을 활용한 대체투자 선별 기법으로, 투자 수익 극대화를 위한 방법론입니다."
퀀트대체투자포트폴리오구성,"퀀트 전략을 활용한 대체투자 포트폴리오구성 기법으로, 투자 수익 극대화를 위한 방법론입니다."
퀀트대체투자리밸런싱,"퀀트 전략을 활용한 대체투자 리밸런싱 기법으로, 투자 수익 극대화를 위한 방법론입니다."
퀀트대체투자최적화,"퀀트 전략을 활용한 대체투자 최적화 기법으로, 투자 수익 극대화를 위한 방법론입니다."
퀀트대체투자분산,"퀀트 전략을 활용한 대체투자 분산 기법으로, 투자 수익 극대화를 위한 방법론입니다."
퀀트대체투자집중,"퀀트 전략을 활용한 대체투자 집중 기법으로, 투자 수익 극대화를 위한 방법론입니다."
퀀트대체투자회전,"퀀트 전략을 활용한 대체투자 회전 기법으로, 투자 수익 극대화를 위한 방법론입니다."
퀀트대체투자매매타이밍,"퀀트 전략을 활용한 대체투자 매매타이밍 기법으로, 투자 수익 극대화를 위한 방법론입니다."
퀀트혼합자산선별,"퀀트 전략을 활용한 혼합자산 선별 기법으로, 투자 수익 극대화를 위한 방법론입니다."
퀀트혼합자산포트폴리오구성,"퀀트 전략을 활용한 혼합자산 포트폴리오구성 기법으로, 투자 수익 극대화를 위한 방법론입니다."
퀀트혼합자산리밸런싱,"퀀트 전략을 활용한 혼합자산 리밸런싱 기법으로, 투자 수익 극대화를 위한 방법론입니다."
퀀트혼합자산최적화,"퀀트 전략을 활용한 혼합자산 최적화 기법으로, 투자 수익 극대화를 위한 방법론입니다."
퀀트혼합자산분산,"퀀트 전략을 활용한 혼합자산 분산 기법으로, 투자 수익 극대화를 위한 방법론입니다."
퀀트혼합자산집중,"퀀트 전략을 활용한 혼합자산 집중 기법으로, 투자 수익 극대화를 위한 방법론입니다."
퀀트혼합자산회전,"퀀트 전략을 활용한 혼합자산 회전 기법으로, 투자 수익 극대화를 위한 방법론입니다."
퀀트혼합자산매매타이밍,"퀀트 전략을 활용한 혼합자산 매매타이밍 기법으로, 투자 수익 극대화를 위한 방법론입니다."
퀀트외환선별,"퀀트 전략을 활용한 외환 선별 기법으로, 투자 수익 극대화를 위한 방법론입니다."
퀀트외환포트폴리오구성,"퀀트 전략을 활용한 외환 포트폴리오구성 기법으로, 투자 수익 극대화를 위한 방법론입니다."
퀀트외환리밸런싱,"퀀트 전략을 활용한 외환 리밸런싱 기법으로, 투자 수익 극대화를 위한 방법론입니다."
퀀트외환최적화,"퀀트 전략을 활용한 외환 최적화 기법으로, 투자 수익 극대화를 위한 방법론입니다."
퀀트외환분산,"퀀트 전략을 활용한 외환 분산 기법으로, 투자 수익 극대화를 위한 방법론입니다."
퀀트외환집중,"퀀트 전략을 활용한 외환 집중 기법으로, 투자 수익 극대화를 위한 방법론입니다."
퀀트외환회전,"퀀트 전략을 활용한 외환 회전 기법으로, 투자 수익 극대화를 위한 방법론입니다."
퀀트외환매매타이밍,"퀀트 전략을 활용한 외환 매매타이밍 기법으로, 투자 수익 극대화를 위한 방법론입니다."
퀀트파생상품선별,"퀀트 전략을 활용한 파생상품 선별 기법으로, 투자 수익 극대화를 위한 방법론입니다."
퀀트파생상품포트폴리오구성,"퀀트 전략을 활용한 파생상품 포트폴리오구성 기법으로, 투자 수익 극대화를 위한 방법론입니다."
퀀트파생상품리밸런싱,"퀀트 전략을 활용한 파생상품 리밸런싱 기법으로, 투자 수익 극대화를 위한 방법론입니다."
퀀트파생상품최적화,"퀀트 전략을 활용한 파생상품 최적화 기법으로, 투자 수익 극대화를 위한 방법론입니다."
퀀트파생상품분산,"퀀트 전략을 활용한 파생상품 분산 기법으로, 투자 수익 극대화를 위한 방법론입니다."
퀀트파생상품집중,"퀀트 전략을 활용한 파생상품 집중 기법으로, 투자 수익 극대화를 위한 방법론입니다."
퀀트파생상품회전,"퀀트 전략을 활용한 파생상품 회전 기법으로, 투자 수익 극대화를 위한 방법론입니다."
퀀트파생상품매매타이밍,"퀀트 전략을 활용한 파생상품 매매타이밍 기법으로, 투자 수익 극대화를 위한 방법론입니다."
이벤트드리븐주식선별,"이벤트드리븐 전략을 활용한 주식 선별 기법으로, 투자 수익 극대화를 위한 방법론입니다."
이벤트드리븐주식포트폴리오구성,"이벤트드리븐 전략을 활용한 주식 포트폴리오구성 기법으로, 투자 수익 극대화를 위한 방법론입니다."
이벤트드리븐주식리밸런싱,"이벤트드리븐 전략을 활용한 주식 리밸런싱 기법으로, 투자 수익 극대화를 위한 방법론입니다."
이벤트드리븐주식최적화,"이벤트드리븐 전략을 활용한 주식 최적화 기법으로, 투자 수익 극대화를 위한 방법론입니다."
이벤트드리븐주식분산,"이벤트드리븐 전략을 활용한 주식 분산 기법으로, 투자 수익 극대화를 위한 방법론입니다."
이벤트드리븐주식집중,"이벤트드리븐 전략을 활용한 주식 집중 기법으로, 투자 수익 극대화를 위한 방법론입니다."
이벤트드리븐주식회전,"이벤트드리븐 전략을 활용한 주식 회전 기법으로, 투자 수익 극대화를 위한 방법론입니다."
이벤트드리븐주식매매타이밍,"이벤트드리븐 전략을 활용한 주식 매매타이밍 기법으로, 투자 수익 극대화를 위한 방법론입니다."
이벤트드리븐채권선별,"이벤트드리븐 전략을 활용한 채권 선별 기법으로, 투자 수익 극대화를 위한 방법론입니다."
이벤트드리븐채권포트폴리오구성,"이벤트드리븐 전략을 활용한 채권 포트폴리오구성 기법으로, 투자 수익 극대화를 위한 방법론입니다."
이벤트드리븐채권리밸런싱,"이벤트드리븐 전략을 활용한 채권 리밸런싱 기법으로, 투자 수익 극대화를 위한 방법론입니다."
이벤트드리븐채권최적화,"이벤트드리븐 전략을 활용한 채권 최적화 기법으로, 투자 수익 극대화를 위한 방법론입니다."
이벤트드리븐채권분산,"이벤트드리븐 전략을 활용한 채권 분산 기법으로, 투자 수익 극대화를 위한 방법론입니다."
이벤트드리븐채권집중,"이벤트드리븐 전략을 활용한 채권 집중 기법으로, 투자 수익 극대화를 위한 방법론입니다."
이벤트드리븐채권회전,"이벤트드리븐 전략을 활용한 채권 회전 기법으로, 투자 수익 극대화를 위한 방법론입니다."
이벤트드리븐채권매매타이밍,"이벤트드리븐 전략을 활용한 채권 매매타이밍 기법으로, 투자 수익 극대화를 위한 방법론입니다."
이벤트드리븐원자재선별,"이벤트드리븐 전략을 활용한 원자재 선별 기법으로, 투자 수익 극대화를 위한 방법론입니다."
이벤트드리븐원자재포트폴리오구성,"이벤트드리븐 전략을 활용한 원자재 포트폴리오구성 기법으로, 투자 수익 극대화를 위한 방법론입니다."
이벤트드리븐원자재리밸런싱,"이벤트드리븐 전략을 활용한 원자재 리밸런싱 기법으로, 투자 수익 극대화를 위한 방법론입니다."
이벤트드리븐원자재최적화,"이벤트드리븐 전략을 활용한 원자재 최적화 기법으로, 투자 수익 극대화를 위한 방법론입니다."
이벤트드리븐원자재분산,"이벤트드리븐 전략을 활용한 원자재 분산 기법으로, 투자 수익 극대화를 위한 방법론입니다."
이벤트드리븐원자재집중,"이벤트드리븐 전략을 활용한 원자재 집중 기법으로, 투자 수익 극대화를 위한 방법론입니다."
이벤트드리븐원자재회전,"이벤트드리븐 전략을 활용한 원자재 회전 기법으로, 투자 수익 극대화를 위한 방법론입니다."
이벤트드리븐원자재매매타이밍,"이벤트드리븐 전략을 활용한 원자재 매매타이밍 기법으로, 투자 수익 극대화를 위한 방법론입니다."
이벤트드리븐부동산선별,"이벤트드리븐 전략을 활용한 부동산 선별 기법으로, 투자 수익 극대화를 위한 방법론입니다."
이벤트드리븐부동산포트폴리오구성,"이벤트드리븐 전략을 활용한 부동산 포트폴리오구성 기법으로, 투자 수익 극대화를 위한 방법론입니다."
이벤트드리븐부동산리밸런싱,"이벤트드리븐 전략을 활용한 부동산 리밸런싱 기법으로, 투자 수익 극대화를 위한 방법론입니다."
이벤트드리븐부동산최적화,"이벤트드리븐 전략을 활용한 부동산 최적화 기법으로, 투자 수익 극대화를 위한 방법론입니다."
이벤트드리븐부동산분산,"이벤트드리븐 전략을 활용한 부동산 분산 기법으로, 투자 수익 극대화를 위한 방법론입니다."
이벤트드리븐부동산집중,"이벤트드리븐 전략을 활용한 부동산 집중 기법으로, 투자 수익 극대화를 위한 방법론입니다."
이벤트드리븐부동산회전,"이벤트드리븐 전략을 활용한 부동산 회전 기법으로, 투자 수익 극대화를 위한 방법론입니다."
이벤트드리븐부동산매매타이밍,"이벤트드리븐 전략을 활용한 부동산 매매타이밍 기법으로, 투자 수익 극대화를 위한 방법론입니다."
이벤트드리븐대체투자선별,"이벤트드리븐 전략을 활용한 대체투자 선별 기법으로, 투자 수익 극대화를 위한 방법론입니다."
이벤트드리븐대체투자포트폴리오구성,"이벤트드리븐 전략을 활용한 대체투자 포트폴리오구성 기법으로, 투자 수익 극대화를 위한 방법론입니다."
이벤트드리븐대체투자리밸런싱,"이벤트드리븐 전략을 활용한 대체투자 리밸런싱 기법으로, 투자 수익 극대화를 위한 방법론입니다."
이벤트드리븐대체투자최적화,"이벤트드리븐 전략을 활용한 대체투자 최적화 기법으로, 투자 수익 극대화를 위한 방법론입니다."
이벤트드리븐대체투자분산,"이벤트드리븐 전략을 활용한 대체투자 분산 기법으로, 투자 수익 극대화를 위한 방법론입니다."
이벤트드리븐대체투자집중,"이벤트드리븐 전략을 활용한 대체투자 집중 기법으로, 투자 수익 극대화를 위한 방법론입니다."
이벤트드리븐대체투자회전,"이벤트드리븐 전략을 활용한 대체투자 회전 기법으로, 투자 수익 극대화를 위한 방법론입니다."
이벤트드리븐대체투자매매타이밍,"이벤트드리븐 전략을 활용한 대체투자 매매타이밍 기법으로, 투자 수익 극대화를 위한 방법론입니다."
이벤트드리븐혼합자산선별,"이벤트드리븐 전략을 활용한 혼합자산 선별 기법으로, 투자 수익 극대화를 위한 방법론입니다."
이벤트드리븐혼합자산포트폴리오구성,"이벤트드리븐 전략을 활용한 혼합자산 포트폴리오구성 기법으로, 투자 수익 극대화를 위한 방법론입니다."
이벤트드리븐혼합자산리밸런싱,"이벤트드리븐 전략을 활용한 혼합자산 리밸런싱 기법으로, 투자 수익 극대화를 위한 방법론입니다."
이벤트드리븐혼합자산최적화,"이벤트드리븐 전략을 활용한 혼합자산 최적화 기법으로, 투자 수익 극대화를 위한 방법론입니다."
이벤트드리븐혼합자산분산,"이벤트드리븐 전략을 활용한 혼합자산 분산 기법으로, 투자 수익 극대화를 위한 방법론입니다."
이벤트드리븐혼합자산집중,"이벤트드리븐 전략을 활용한 혼합자산 집중 기법으로, 투자 수익 극대화를 위한 방법론입니다."
이벤트드리븐혼합자산회전,"이벤트드리븐 전략을 활용한 혼합자산 회전 기법으로, 투자 수익 극대화를 위한 방법론입니다."
이벤트드리븐혼합자산매매타이밍,"이벤트드리븐 전략을 활용한 혼합자산 매매타이밍 기법으로, 투자 수익 극대화를 위한 방법론입니다."
이벤트드리븐외환선별,"이벤트드리븐 전략을 활용한 외환 선별 기법으로, 투자 수익 극대화를 위한 방법론입니다."
이벤트드리븐외환포트폴리오구성,"이벤트드리븐 전략을 활용한 외환 포트폴리오구성 기법으로, 투자 수익 극대화를 위한 방법론입니다."
이벤트드리븐외환리밸런싱,"이벤트드리븐 전략을 활용한 외환 리밸런싱 기법으로, 투자 수익 극대화를 위한 방법론입니다."
이벤트드리븐외환최적화,"이벤트드리븐 전략을 활용한 외환 최적화 기법으로, 투자 수익 극대화를 위한 방법론입니다."
이벤트드리븐외환분산,"이벤트드리븐 전략을 활용한 외환 분산 기법으로, 투자 수익 극대화를 위한 방법론입니다."
이벤트드리븐외환집중,"이벤트드리븐 전략을 활용한 외환 집중 기법으로, 투자 수익 극대화를 위한 방법론입니다."
이벤트드리븐외환회전,"이벤트드리븐 전략을 활용한 외환 회전 기법으로, 투자 수익 극대화를 위한 방법론입니다."
이벤트드리븐외환매매타이밍,"이벤트드리븐 전략을 활용한 외환 매매타이밍 기법으로, 투자 수익 극대화를 위한 방법론입니다."
이벤트드리븐파생상품선별,"이벤트드리븐 전략을 활용한 파생상품 선별 기법으로, 투자 수익 극대화를 위한 방법론입니다."
이벤트드리븐파생상품포트폴리오구성,"이벤트드리븐 전략을 활용한 파생상품 포트폴리오구성 기법으로, 투자 수익 극대화를 위한 방법론입니다."
이벤트드리븐파생상품리밸런싱,"이벤트드리븐 전략을 활용한 파생상품 리밸런싱 기법으로, 투자 수익 극대화를 위한 방법론입니다."
이벤트드리븐파생상품최적화,"이벤트드리븐 전략을 활용한 파생상품 최적화 기법으로, 투자 수익 극대화를 위한 방법론입니다."
이벤트드리븐파생상품분산,"이벤트드리븐 전략을 활용한 파생상품 분산 기법으로, 투자 수익 극대화를 위한 방법론입니다."
이벤트드리븐파생상품집중,"이벤트드리븐 전략을 활용한 파생상품 집중 기법으로, 투자 수익 극대화를 위한 방법론입니다."
이벤트드리븐파생상품회전,"이벤트드리븐 전략을 활용한 파생상품 회전 기법으로, 투자 수익 극대화를 위한 방법론입니다."
이벤트드리븐파생상품매매타이밍,"이벤트드리븐 전략을 활용한 파생상품 매매타이밍 기법으로, 투자 수익 극대화를 위한 방법론입니다."
롱숏주식선별,"롱숏 전략을 활용한 주식 선별 기법으로, 투자 수익 극대화를 위한 방법론입니다."
롱숏주식포트폴리오구성,"롱숏 전략을 활용한 주식 포트폴리오구성 기법으로, 투자 수익 극대화를 위한 방법론입니다."
롱숏주식리밸런싱,"롱숏 전략을 활용한 주식 리밸런싱 기법으로, 투자 수익 극대화를 위한 방법론입니다."
롱숏주식최적화,"롱숏 전략을 활용한 주식 최적화 기법으로, 투자 수익 극대화를 위한 방법론입니다."
롱숏주식분산,"롱숏 전략을 활용한 주식 분산 기법으로, 투자 수익 극대화를 위한 방법론입니다."
롱숏주식집중,"롱숏 전략을 활용한 주식 집중 기법으로, 투자 수익 극대화를 위한 방법론입니다."
롱숏주식회전,"롱숏 전략을 활용한 주식 회전 기법으로, 투자 수익 극대화를 위한 방법론입니다."
롱숏주식매매타이밍,"롱숏 전략을 활용한 주식 매매타이밍 기법으로, 투자 수익 극대화를 위한 방법론입니다."
롱숏채권선별,"롱숏 전략을 활용한 채권 선별 기법으로, 투자 수익 극대화를 위한 방법론입니다."
롱숏채권포트폴리오구성,"롱숏 전략을 활용한 채권 포트폴리오구성 기법으로, 투자 수익 극대화를 위한 방법론입니다."
롱숏채권리밸런싱,"롱숏 전략을 활용한 채권 리밸런싱 기법으로, 투자 수익 극대화를 위한 방법론입니다."
롱숏채권최적화,"롱숏 전략을 활용한 채권 최적화 기법으로, 투자 수익 극대화를 위한 방법론입니다."
롱숏채권분산,"롱숏 전략을 활용한 채권 분산 기법으로, 투자 수익 극대화를 위한 방법론입니다."
롱숏채권집중,"롱숏 전략을 활용한 채권 집중 기법으로, 투자 수익 극대화를 위한 방법론입니다."
롱숏채권회전,"롱숏 전략을 활용한 채권 회전 기법으로, 투자 수익 극대화를 위한 방법론입니다."
롱숏채권매매타이밍,"롱숏 전략을 활용한 채권 매매타이밍 기법으로, 투자 수익 극대화를 위한 방법론입니다."
롱숏원자재선별,"롱숏 전략을 활용한 원자재 선별 기법으로, 투자 수익 극대화를 위한 방법론입니다."
롱숏원자재포트폴리오구성,"롱숏 전략을 활용한 원자재 포트폴리오구성 기법으로, 투자 수익 극대화를 위한 방법론입니다."
롱숏원자재리밸런싱,"롱숏 전략을 활용한 원자재 리밸런싱 기법으로, 투자 수익 극대화를 위한 방법론입니다."
롱숏원자재최적화,"롱숏 전략을 활용한 원자재 최적화 기법으로, 투자 수익 극대화를 위한 방법론입니다."
롱숏원자재분산,"롱숏 전략을 활용한 원자재 분산 기법으로, 투자 수익 극대화를 위한 방법론입니다."
롱숏원자재집중,"롱숏 전략을 활용한 원자재 집중 기법으로, 투자 수익 극대화를 위한 방법론입니다."
롱숏원자재회전,"롱숏 전략을 활용한 원자재 회전 기법으로, 투자 수익 극대화를 위한 방법론입니다."
롱숏원자재매매타이밍,"롱숏 전략을 활용한 원자재 매매타이밍 기법으로, 투자 수익 극대화를 위한 방법론입니다."
롱숏부동산선별,"롱숏 전략을 활용한 부동산 선별 기법으로, 투자 수익 극대화를 위한 방법론입니다."
롱숏부동산포트폴리오구성,"롱숏 전략을 활용한 부동산 포트폴리오구성 기법으로, 투자 수익 극대화를 위한 방법론입니다."
롱숏부동산리밸런싱,"롱숏 전략을 활용한 부동산 리밸런싱 기법으로, 투자 수익 극대화를 위한 방법론입니다."
롱숏부동산최적화,"롱숏 전략을 활용한 부동산 최적화 기법으로, 투자 수익 극대화를 위한 방법론입니다."
롱숏부동산분산,"롱숏 전략을 활용한 부동산 분산 기법으로, 투자 수익 극대화를 위한 방법론입니다."
롱숏부동산집중,"롱숏 전략을 활용한 부동산 집중 기법으로, 투자 수익 극대화를 위한 방법론입니다."
롱숏부동산회전,"롱숏 전략을 활용한 부동산 회전 기법으로, 투자 수익 극대화를 위한 방법론입니다."
롱숏부동산매매타이밍,"롱숏 전략을 활용한 부동산 매매타이밍 기법으로, 투자 수익 극대화를 위한 방법론입니다."
롱숏대체투자선별,"롱숏 전략을 활용한 대체투자 선별 기법으로, 투자 수익 극대화를 위한 방법론입니다."
롱숏대체투자포트폴리오구성,"롱숏 전략을 활용한 대체투자 포트폴리오구성 기법으로, 투자 수익 극대화를 위한 방법론입니다."
롱숏대체투자리밸런싱,"롱숏 전략을 활용한 대체투자 리밸런싱 기법으로, 투자 수익 극대화를 위한 방법론입니다."
롱숏대체투자최적화,"롱숏 전략을 활용한 대체투자 최적화 기법으로, 투자 수익 극대화를 위한 방법론입니다."
롱숏대체투자분산,"롱숏 전략을 활용한 대체투자 분산 기법으로, 투자 수익 극대화를 위한 방법론입니다."
롱숏대체투자집중,"롱숏 전략을 활용한 대체투자 집중 기법으로, 투자 수익 극대화를 위한 방법론입니다."
롱숏대체투자회전,"롱숏 전략을 활용한 대체투자 회전 기법으로, 투자 수익 극대화를 위한 방법론입니다."
롱숏대체투자매매타이밍,"롱숏 전략을 활용한 대체투자 매매타이밍 기법으로, 투자 수익 극대화를 위한 방법론입니다."
롱숏혼합자산선별,"롱숏 전략을 활용한 혼합자산 선별 기법으로, 투자 수익 극대화를 위한 방법론입니다."
롱숏혼합자산포트폴리오구성,"롱숏 전략을 활용한 혼합자산 포트폴리오구성 기법으로, 투자 수익 극대화를 위한 방법론입니다."
롱숏혼합자산리밸런싱,"롱숏 전략을 활용한 혼합자산 리밸런싱 기법으로, 투자 수익 극대화를 위한 방법론입니다."
롱숏혼합자산최적화,"롱숏 전략을 활용한 혼합자산 최적화 기법으로, 투자 수익 극대화를 위한 방법론입니다."
롱숏혼합자산분산,"롱숏 전략을 활용한 혼합자산 분산 기법으로, 투자 수익 극대화를 위한 방법론입니다."
롱숏혼합자산집중,"롱숏 전략을 활용한 혼합자산 집중 기법으로, 투자 수익 극대화를 위한 방법론입니다."
롱숏혼합자산회전,"롱숏 전략을 활용한 혼합자산 회전 기법으로, 투자 수익 극대화를 위한 방법론입니다."
롱숏혼합자산매매타이밍,"롱숏 전략을 활용한 혼합자산 매매타이밍 기법으로, 투자 수익 극대화를 위한 방법론입니다."
롱숏외환선별,"롱숏 전략을 활용한 외환 선별 기법으로, 투자 수익 극대화를 위한 방법론입니다."
롱숏외환포트폴리오구성,"롱숏 전략을 활용한 외환 포트폴리오구성 기법으로, 투자 수익 극대화를 위한 방법론입니다."
롱숏외환리밸런싱,"롱숏 전략을 활용한 외환 리밸런싱 기법으로, 투자 수익 극대화를 위한 방법론입니다."
롱숏외환최적화,"롱숏 전략을 활용한 외환 최적화 기법으로, 투자 수익 극대화를 위한 방법론입니다."
롱숏외환분산,"롱숏 전략을 활용한 외환 분산 기법으로, 투자 수익 극대화를 위한 방법론입니다."
롱숏외환집중,"롱숏 전략을 활용한 외환 집중 기법으로, 투자 수익 극대화를 위한 방법론입니다."
롱숏외환회전,"롱숏 전략을 활용한 외환 회전 기법으로, 투자 수익 극대화를 위한 방법론입니다."
롱숏외환매매타이밍,"롱숏 전략을 활용한 외환 매매타이밍 기법으로, 투자 수익 극대화를 위한 방법론입니다."
롱숏파생상품선별,"롱숏 전략을 활용한 파생상품 선별 기법으로, 투자 수익 극대화를 위한 방법론입니다."
롱숏파생상품포트폴리오구성,"롱숏 전략을 활용한 파생상품 포트폴리오구성 기법으로, 투자 수익 극대화를 위한 방법론입니다."
롱숏파생상품리밸런싱,"롱숏 전략을 활용한 파생상품 리밸런싱 기법으로, 투자 수익 극대화를 위한 방법론입니다."
롱숏파생상품최적화,"롱숏 전략을 활용한 파생상품 최적화 기법으로, 투자 수익 극대화를 위한 방법론입니다."
롱숏파생상품분산,"롱숏 전략을 활용한 파생상품 분산 기법으로, 투자 수익 극대화를 위한 방법론입니다."
롱숏파생상품집중,"롱숏 전략을 활용한 파생상품 집중 기법으로, 투자 수익 극대화를 위한 방법론입니다."
롱숏파생상품회전,"롱숏 전략을 활용한 파생상품 회전 기법으로, 투자 수익 극대화를 위한 방법론입니다."
롱숏파생상품매매타이밍,"롱숏 전략을 활용한 파생상품 매매타이밍 기법으로, 투자 수익 극대화를 위한 방법론입니다."
헤지주식선별,"헤지 전략을 활용한 주식 선별 기법으로, 투자 수익 극대화를 위한 방법론입니다."
헤지주식포트폴리오구성,"헤지 전략을 활용한 주식 포트폴리오구성 기법으로, 투자 수익 극대화를 위한 방법론입니다."
헤지주식리밸런싱,"헤지 전략을 활용한 주식 리밸런싱 기법으로, 투자 수익 극대화를 위한 방법론입니다."
헤지주식최적화,"헤지 전략을 활용한 주식 최적화 기법으로, 투자 수익 극대화를 위한 방법론입니다."
헤지주식분산,"헤지 전략을 활용한 주식 분산 기법으로, 투자 수익 극대화를 위한 방법론입니다."
헤지주식집중,"헤지 전략을 활용한 주식 집중 기법으로, 투자 수익 극대화를 위한 방법론입니다."
헤지주식회전,"헤지 전략을 활용한 주식 회전 기법으로, 투자 수익 극대화를 위한 방법론입니다."
헤지주식매매타이밍,"헤지 전략을 활용한 주식 매매타이밍 기법으로, 투자 수익 극대화를 위한 방법론입니다."
헤지채권선별,"헤지 전략을 활용한 채권 선별 기법으로, 투자 수익 극대화를 위한 방법론입니다."
헤지채권포트폴리오구성,"헤지 전략을 활용한 채권 포트폴리오구성 기법으로, 투자 수익 극대화를 위한 방법론입니다."
헤지채권리밸런싱,"헤지 전략을 활용한 채권 리밸런싱 기법으로, 투자 수익 극대화를 위한 방법론입니다."
헤지채권최적화,"헤지 전략을 활용한 채권 최적화 기법으로, 투자 수익 극대화를 위한 방법론입니다."
헤지채권분산,"헤지 전략을 활용한 채권 분산 기법으로, 투자 수익 극대화를 위한 방법론입니다."
헤지채권집중,"헤지 전략을 활용한 채권 집중 기법으로, 투자 수익 극대화를 위한 방법론입니다."
헤지채권회전,"헤지 전략을 활용한 채권 회전 기법으로, 투자 수익 극대화를 위한 방법론입니다."
헤지채권매매타이밍,"헤지 전략을 활용한 채권 매매타이밍 기법으로, 투자 수익 극대화를 위한 방법론입니다."
헤지원자재선별,"헤지 전략을 활용한 원자재 선별 기법으로, 투자 수익 극대화를 위한 방법론입니다."
헤지원자재포트폴리오구성,"헤지 전략을 활용한 원자재 포트폴리오구성 기법으로, 투자 수익 극대화를 위한 방법론입니다."
헤지원자재리밸런싱,"헤지 전략을 활용한 원자재 리밸런싱 기법으로, 투자 수익 극대화를 위한 방법론입니다."
헤지원자재최적화,"헤지 전략을 활용한 원자재 최적화 기법으로, 투자 수익 극대화를 위한 방법론입니다."
헤지원자재분산,"헤지 전략을 활용한 원자재 분산 기법으로, 투자 수익 극대화를 위한 방법론입니다."
헤지원자재집중,"헤지 전략을 활용한 원자재 집중 기법으로, 투자 수익 극대화를 위한 방법론입니다."
헤지원자재회전,"헤지 전략을 활용한 원자재 회전 기법으로, 투자 수익 극대화를 위한 방법론입니다."
헤지원자재매매타이밍,"헤지 전략을 활용한 원자재 매매타이밍 기법으로, 투자 수익 극대화를 위한 방법론입니다."
헤지부동산선별,"헤지 전략을 활용한 부동산 선별 기법으로, 투자 수익 극대화를 위한 방법론입니다."
헤지부동산포트폴리오구성,"헤지 전략을 활용한 부동산 포트폴리오구성 기법으로, 투자 수익 극대화를 위한 방법론입니다."
헤지부동산리밸런싱,"헤지 전략을 활용한 부동산 리밸런싱 기법으로, 투자 수익 극대화를 위한 방법론입니다."
헤지부동산최적화,"헤지 전략을 활용한 부동산 최적화 기법으로, 투자 수익 극대화를 위한 방법론입니다."
헤지부동산분산,"헤지 전략을 활용한 부동산 분산 기법으로, 투자 수익 극대화를 위한 방법론입니다."
헤지부동산집중,"헤지 전략을 활용한 부동산 집중 기법으로, 투자 수익 극대화를 위한 방법론입니다."
헤지부동산회전,"헤지 전략을 활용한 부동산 회전 기법으로, 투자 수익 극대화를 위한 방법론입니다."
헤지부동산매매타이밍,"헤지 전략을 활용한 부동산 매매타이밍 기법으로, 투자 수익 극대화를 위한 방법론입니다."
헤지대체투자선별,"헤지 전략을 활용한 대체투자 선별 기법으로, 투자 수익 극대화를 위한 방법론입니다."
헤지대체투자포트폴리오구성,"헤지 전략을 활용한 대체투자 포트폴리오구성 기법으로, 투자 수익 극대화를 위한 방법론입니다."
헤지대체투자리밸런싱,"헤지 전략을 활용한 대체투자 리밸런싱 기법으로, 투자 수익 극대화를 위한 방법론입니다."
헤지대체투자최적화,"헤지 전략을 활용한 대체투자 최적화 기법으로, 투자 수익 극대화를 위한 방법론입니다."
헤지대체투자분산,"헤지 전략을 활용한 대체투자 분산 기법으로, 투자 수익 극대화를 위한 방법론입니다."
헤지대체투자집중,"헤지 전략을 활용한 대체투자 집중 기법으로, 투자 수익 극대화를 위한 방법론입니다."
헤지대체투자회전,"헤지 전략을 활용한 대체투자 회전 기법으로, 투자 수익 극대화를 위한 방법론입니다."
헤지대체투자매매타이밍,"헤지 전략을 활용한 대체투자 매매타이밍 기법으로, 투자 수익 극대화를 위한 방법론입니다."
헤지혼합자산선별,"헤지 전략을 활용한 혼합자산 선별 기법으로, 투자 수익 극대화를 위한 방법론입니다."
헤지혼합자산포트폴리오구성,"헤지 전략을 활용한 혼합자산 포트폴리오구성 기법으로, 투자 수익 극대화를 위한 방법론입니다."
헤지혼합자산리밸런싱,"헤지 전략을 활용한 혼합자산 리밸런싱 기법으로, 투자 수익 극대화를 위한 방법론입니다."
헤지혼합자산최적화,"헤지 전략을 활용한 혼합자산 최적화 기법으로, 투자 수익 극대화를 위한 방법론입니다."
헤지혼합자산분산,"헤지 전략을 활용한 혼합자산 분산 기법으로, 투자 수익 극대화를 위한 방법론입니다."
헤지혼합자산집중,"헤지 전략을 활용한 혼합자산 집중 기법으로, 투자 수익 극대화를 위한 방법론입니다."
헤지혼합자산회전,"헤지 전략을 활용한 혼합자산 회전 기법으로, 투자 수익 극대화를 위한 방법론입니다."
헤지혼합자산매매타이밍,"헤지 전략을 활용한 혼합자산 매매타이밍 기법으로, 투자 수익 극대화를 위한 방법론입니다."
헤지외환선별,"헤지 전략을 활용한 외환 선별 기법으로, 투자 수익 극대화를 위한 방법론입니다."
헤지외환포트폴리오구성,"헤지 전략을 활용한 외환 포트폴리오구성 기법으로, 투자 수익 극대화를 위한 방법론입니다."
헤지외환리밸런싱,"헤지 전략을 활용한 외환 리밸런싱 기법으로, 투자 수익 극대화를 위한 방법론입니다."
헤지외환최적화,"헤지 전략을 활용한 외환 최적화 기법으로, 투자 수익 극대화를 위한 방법론입니다."
헤지외환분산,"헤지 전략을 활용한 외환 분산 기법으로, 투자 수익 극대화를 위한 방법론입니다."
헤지외환집중,"헤지 전략을 활용한 외환 집중 기법으로, 투자 수익 극대화를 위한 방법론입니다."
헤지외환회전,"헤지 전략을 활용한 외환 회전 기법으로, 투자 수익 극대화를 위한 방법론입니다."
헤지외환매매타이밍,"헤지 전략을 활용한 외환 매매타이밍 기법으로, 투자 수익 극대화를 위한 방법론입니다."
헤지파생상품선별,"헤지 전략을 활용한 파생상품 선별 기법으로, 투자 수익 극대화를 위한 방법론입니다."
헤지파생상품포트폴리오구성,"헤지 전략을 활용한 파생상품 포트폴리오구성 기법으로, 투자 수익 극대화를 위한 방법론입니다."
헤지파생상품리밸런싱,"헤지 전략을 활용한 파생상품 리밸런싱 기법으로, 투자 수익 극대화를 위한 방법론입니다."
헤지파생상품최적화,"헤지 전략을 활용한 파생상품 최적화 기법으로, 투자 수익 극대화를 위한 방법론입니다."
헤지파생상품분산,"헤지 전략을 활용한 파생상품 분산 기법으로, 투자 수익 극대화를 위한 방법론입니다."
헤지파생상품집중,"헤지 전략을 활용한 파생상품 집중 기법으로, 투자 수익 극대화를 위한 방법론입니다."
헤지파생상품회전,"헤지 전략을 활용한 파생상품 회전 기법으로, 투자 수익 극대화를 위한 방법론입니다."
헤지파생상품매매타이밍,"헤지 전략을 활용한 파생상품 매매타이밍 기법으로, 투자 수익 극대화를 위한 방법론입니다."
차익거래주식선별,"차익거래 전략을 활용한 주식 선별 기법으로, 투자 수익 극대화를 위한 방법론입니다."
차익거래주식포트폴리오구성,"차익거래 전략을 활용한 주식 포트폴리오구성 기법으로, 투자 수익 극대화를 위한 방법론입니다."
차익거래주식리밸런싱,"차익거래 전략을 활용한 주식 리밸런싱 기법으로, 투자 수익 극대화를 위한 방법론입니다."
차익거래주식최적화,"차익거래 전략을 활용한 주식 최적화 기법으로, 투자 수익 극대화를 위한 방법론입니다."
차익거래주식분산,"차익거래 전략을 활용한 주식 분산 기법으로, 투자 수익 극대화를 위한 방법론입니다."
차익거래주식집중,"차익거래 전략을 활용한 주식 집중 기법으로, 투자 수익 극대화를 위한 방법론입니다."
차익거래주식회전,"차익거래 전략을 활용한 주식 회전 기법으로, 투자 수익 극대화를 위한 방법론입니다."
차익거래주식매매타이밍,"차익거래 전략을 활용한 주식 매매타이밍 기법으로, 투자 수익 극대화를 위한 방법론입니다."
차익거래채권선별,"차익거래 전략을 활용한 채권 선별 기법으로, 투자 수익 극대화를 위한 방법론입니다."
차익거래채권포트폴리오구성,"차익거래 전략을 활용한 채권 포트폴리오구성 기법으로, 투자 수익 극대화를 위한 방법론입니다."
차익거래채권리밸런싱,"차익거래 전략을 활용한 채권 리밸런싱 기법으로, 투자 수익 극대화를 위한 방법론입니다."
차익거래채권최적화,"차익거래 전략을 활용한 채권 최적화 기법으로, 투자 수익 극대화를 위한 방법론입니다."
차익거래채권분산,"차익거래 전략을 활용한 채권 분산 기법으로, 투자 수익 극대화를 위한 방법론입니다."
차익거래채권집중,"차익거래 전략을 활용한 채권 집중 기법으로, 투자 수익 극대화를 위한 방법론입니다."
차익거래채권회전,"차익거래 전략을 활용한 채권 회전 기법으로, 투자 수익 극대화를 위한 방법론입니다."
차익거래채권매매타이밍,"차익거래 전략을 활용한 채권 매매타이밍 기법으로, 투자 수익 극대화를 위한 방법론입니다."
차익거래원자재선별,"차익거래 전략을 활용한 원자재 선별 기법으로, 투자 수익 극대화를 위한 방법론입니다."
차익거래원자재포트폴리오구성,"차익거래 전략을 활용한 원자재 포트폴리오구성 기법으로, 투자 수익 극대화를 위한 방법론입니다."
차익거래원자재리밸런싱,"차익거래 전략을 활용한 원자재 리밸런싱 기법으로, 투자 수익 극대화를 위한 방법론입니다."
차익거래원자재최적화,"차익거래 전략을 활용한 원자재 최적화 기법으로, 투자 수익 극대화를 위한 방법론입니다."
차익거래원자재분산,"차익거래 전략을 활용한 원자재 분산 기법으로, 투자 수익 극대화를 위한 방법론입니다."
차익거래원자재집중,"차익거래 전략을 활용한 원자재 집중 기법으로, 투자 수익 극대화를 위한 방법론입니다."
차익거래원자재회전,"차익거래 전략을 활용한 원자재 회전 기법으로, 투자 수익 극대화를 위한 방법론입니다."
차익거래원자재매매타이밍,"차익거래 전략을 활용한 원자재 매매타이밍 기법으로, 투자 수익 극대화를 위한 방법론입니다."
차익거래부동산선별,"차익거래 전략을 활용한 부동산 선별 기법으로, 투자 수익 극대화를 위한 방법론입니다."
차익거래부동산포트폴리오구성,"차익거래 전략을 활용한 부동산 포트폴리오구성 기법으로, 투자 수익 극대화를 위한 방법론입니다."
차익거래부동산리밸런싱,"차익거래 전략을 활용한 부동산 리밸런싱 기법으로, 투자 수익 극대화를 위한 방법론입니다."
차익거래부동산최적화,"차익거래 전략을 활용한 부동산 최적화 기법으로, 투자 수익 극대화를 위한 방법론입니다."
차익거래부동산분산,"차익거래 전략을 활용한 부동산 분산 기법으로, 투자 수익 극대화를 위한 방법론입니다."
차익거래부동산집중,"차익거래 전략을 활용한 부동산 집중 기법으로, 투자 수익 극대화를 위한 방법론입니다."
차익거래부동산회전,"차익거래 전략을 활용한 부동산 회전 기법으로, 투자 수익 극대화를 위한 방법론입니다."
차익거래부동산매매타이밍,"차익거래 전략을 활용한 부동산 매매타이밍 기법으로, 투자 수익 극대화를 위한 방법론입니다."
차익거래대체투자선별,"차익거래 전략을 활용한 대체투자 선별 기법으로, 투자 수익 극대화를 위한 방법론입니다."
차익거래대체투자포트폴리오구성,"차익거래 전략을 활용한 대체투자 포트폴리오구성 기법으로, 투자 수익 극대화를 위한 방법론입니다."
차익거래대체투자리밸런싱,"차익거래 전략을 활용한 대체투자 리밸런싱 기법으로, 투자 수익 극대화를 위한 방법론입니다."
차익거래대체투자최적화,"차익거래 전략을 활용한 대체투자 최적화 기법으로, 투자 수익 극대화를 위한 방법론입니다."
차익거래대체투자분산,"차익거래 전략을 활용한 대체투자 분산 기법으로, 투자 수익 극대화를 위한 방법론입니다."
차익거래대체투자집중,"차익거래 전략을 활용한 대체투자 집중 기법으로, 투자 수익 극대화를 위한 방법론입니다."
차익거래대체투자회전,"차익거래 전략을 활용한 대체투자 회전 기법으로, 투자 수익 극대화를 위한 방법론입니다."
차익거래대체투자매매타이밍,"차익거래 전략을 활용한 대체투자 매매타이밍 기법으로, 투자 수익 극대화를 위한 방법론입니다."
차익거래혼합자산선별,"차익거래 전략을 활용한 혼합자산 선별 기법으로, 투자 수익 극대화를 위한 방법론입니다."
차익거래혼합자산포트폴리오구성,"차익거래 전략을 활용한 혼합자산 포트폴리오구성 기법으로, 투자 수익 극대화를 위한 방법론입니다."
차익거래혼합자산리밸런싱,"차익거래 전략을 활용한 혼합자산 리밸런싱 기법으로, 투자 수익 극대화를 위한 방법론입니다."
차익거래혼합자산최적화,"차익거래 전략을 활용한 혼합자산 최적화 기법으로, 투자 수익 극대화를 위한 방법론입니다."
차익거래혼합자산분산,"차익거래 전략을 활용한 혼합자산 분산 기법으로, 투자 수익 극대화를 위한 방법론입니다."
차익거래혼합자산집중,"차익거래 전략을 활용한 혼합자산 집중 기법으로, 투자 수익 극대화를 위한 방법론입니다."
차익거래혼합자산회전,"차익거래 전략을 활용한 혼합자산 회전 기법으로, 투자 수익 극대화를 위한 방법론입니다."
차익거래혼합자산매매타이밍,"차익거래 전략을 활용한 혼합자산 매매타이밍 기법으로, 투자 수익 극대화를 위한 방법론입니다."
차익거래외환선별,"차익거래 전략을 활용한 외환 선별 기법으로, 투자 수익 극대화를 위한 방법론입니다."
차익거래외환포트폴리오구성,"차익거래 전략을 활용한 외환 포트폴리오구성 기법으로, 투자 수익 극대화를 위한 방법론입니다."
차익거래외환리밸런싱,"차익거래 전략을 활용한 외환 리밸런싱 기법으로, 투자 수익 극대화를 위한 방법론입니다."
차익거래외환최적화,"차익거래 전략을 활용한 외환 최적화 기법으로, 투자 수익 극대화를 위한 방법론입니다."
차익거래외환분산,"차익거래 전략을 활용한 외환 분산 기법으로, 투자 수익 극대화를 위한 방법론입니다."
차익거래외환집중,"차익거래 전략을 활용한 외환 집중 기법으로, 투자 수익 극대화를 위한 방법론입니다."
차익거래외환회전,"차익거래 전략을 활용한 외환 회전 기법으로, 투자 수익 극대화를 위한 방법론입니다."
차익거래외환매매타이밍,"차익거래 전략을 활용한 외환 매매타이밍 기법으로, 투자 수익 극대화를 위한 방법론입니다."
차익거래파생상품선별,"차익거래 전략을 활용한 파생상품 선별 기법으로, 투자 수익 극대화를 위한 방법론입니다."
차익거래파생상품포트폴리오구성,"차익거래 전략을 활용한 파생상품 포트폴리오구성 기법으로, 투자 수익 극대화를 위한 방법론입니다."
차익거래파생상품리밸런싱,"차익거래 전략을 활용한 파생상품 리밸런싱 기법으로, 투자 수익 극대화를 위한 방법론입니다."
차익거래파생상품최적화,"차익거래 전략을 활용한 파생상품 최적화 기법으로, 투자 수익 극대화를 위한 방법론입니다."
차익거래파생상품분산,"차익거래 전략을 활용한 파생상품 분산 기법으로, 투자 수익 극대화를 위한 방법론입니다."
차익거래파생상품집중,"차익거래 전략을 활용한 파생상품 집중 기법으로, 투자 수익 극대화를 위한 방법론입니다."
차익거래파생상품회전,"차익거래 전략을 활용한 파생상품 회전 기법으로, 투자 수익 극대화를 위한 방법론입니다."
차익거래파생상품매매타이밍,"차익거래 전략을 활용한 파생상품 매매타이밍 기법으로, 투자 수익 극대화를 위한 방법론입니다."
페어트레이딩주식선별,"페어트레이딩 전략을 활용한 주식 선별 기법으로, 투자 수익 극대화를 위한 방법론입니다."
페어트레이딩주식포트폴리오구성,"페어트레이딩 전략을 활용한 주식 포트폴리오구성 기법으로, 투자 수익 극대화를 위한 방법론입니다."
페어트레이딩주식리밸런싱,"페어트레이딩 전략을 활용한 주식 리밸런싱 기법으로, 투자 수익 극대화를 위한 방법론입니다."
페어트레이딩주식최적화,"페어트레이딩 전략을 활용한 주식 최적화 기법으로, 투자 수익 극대화를 위한 방법론입니다."
페어트레이딩주식분산,"페어트레이딩 전략을 활용한 주식 분산 기법으로, 투자 수익 극대화를 위한 방법론입니다."
페어트레이딩주식집중,"페어트레이딩 전략을 활용한 주식 집중 기법으로, 투자 수익 극대화를 위한 방법론입니다."
페어트레이딩주식회전,"페어트레이딩 전략을 활용한 주식 회전 기법으로, 투자 수익 극대화를 위한 방법론입니다."
페어트레이딩주식매매타이밍,"페어트레이딩 전략을 활용한 주식 매매타이밍 기법으로, 투자 수익 극대화를 위한 방법론입니다."
페어트레이딩채권선별,"페어트레이딩 전략을 활용한 채권 선별 기법으로, 투자 수익 극대화를 위한 방법론입니다."
페어트레이딩채권포트폴리오구성,"페어트레이딩 전략을 활용한 채권 포트폴리오구성 기법으로, 투자 수익 극대화를 위한 방법론입니다."
페어트레이딩채권리밸런싱,"페어트레이딩 전략을 활용한 채권 리밸런싱 기법으로, 투자 수익 극대화를 위한 방법론입니다."
페어트레이딩채권최적화,"페어트레이딩 전략을 활용한 채권 최적화 기법으로, 투자 수익 극대화를 위한 방법론입니다."
페어트레이딩채권분산,"페어트레이딩 전략을 활용한 채권 분산 기법으로, 투자 수익 극대화를 위한 방법론입니다."
페어트레이딩채권집중,"페어트레이딩 전략을 활용한 채권 집중 기법으로, 투자 수익 극대화를 위한 방법론입니다."
페어트레이딩채권회전,"페어트레이딩 전략을 활용한 채권 회전 기법으로, 투자 수익 극대화를 위한 방법론입니다."
페어트레이딩채권매매타이밍,"페어트레이딩 전략을 활용한 채권 매매타이밍 기법으로, 투자 수익 극대화를 위한 방법론입니다."
페어트레이딩원자재선별,"페어트레이딩 전략을 활용한 원자재 선별 기법으로, 투자 수익 극대화를 위한 방법론입니다."
페어트레이딩원자재포트폴리오구성,"페어트레이딩 전략을 활용한 원자재 포트폴리오구성 기법으로, 투자 수익 극대화를 위한 방법론입니다."
페어트레이딩원자재리밸런싱,"페어트레이딩 전략을 활용한 원자재 리밸런싱 기법으로, 투자 수익 극대화를 위한 방법론입니다."
페어트레이딩원자재최적화,"페어트레이딩 전략을 활용한 원자재 최적화 기법으로, 투자 수익 극대화를 위한 방법론입니다."
페어트레이딩원자재분산,"페어트레이딩 전략을 활용한 원자재 분산 기법으로, 투자 수익 극대화를 위한 방법론입니다."
페어트레이딩원자재집중,"페어트레이딩 전략을 활용한 원자재 집중 기법으로, 투자 수익 극대화를 위한 방법론입니다."
페어트레이딩원자재회전,"페어트레이딩 전략을 활용한 원자재 회전 기법으로, 투자 수익 극대화를 위한 방법론입니다."
페어트레이딩원자재매매타이밍,"페어트레이딩 전략을 활용한 원자재 매매타이밍 기법으로, 투자 수익 극대화를 위한 방법론입니다."
페어트레이딩부동산선별,"페어트레이딩 전략을 활용한 부동산 선별 기법으로, 투자 수익 극대화를 위한 방법론입니다."
페어트레이딩부동산포트폴리오구성,"페어트레이딩 전략을 활용한 부동산 포트폴리오구성 기법으로, 투자 수익 극대화를 위한 방법론입니다."
페어트레이딩부동산리밸런싱,"페어트레이딩 전략을 활용한 부동산 리밸런싱 기법으로, 투자 수익 극대화를 위한 방법론입니다."
페어트레이딩부동산최적화,"페어트레이딩 전략을 활용한 부동산 최적화 기법으로, 투자 수익 극대화를 위한 방법론입니다."
페어트레이딩부동산분산,"페어트레이딩 전략을 활용한 부동산 분산 기법으로, 투자 수익 극대화를 위한 방법론입니다."
페어트레이딩부동산집중,"페어트레이딩 전략을 활용한 부동산 집중 기법으로, 투자 수익 극대화를 위한 방법론입니다."
페어트레이딩부동산회전,"페어트레이딩 전략을 활용한 부동산 회전 기법으로, 투자 수익 극대화를 위한 방법론입니다."
페어트레이딩부동산매매타이밍,"페어트레이딩 전략을 활용한 부동산 매매타이밍 기법으로, 투자 수익 극대화를 위한 방법론입니다."
페어트레이딩대체투자선별,"페어트레이딩 전략을 활용한 대체투자 선별 기법으로, 투자 수익 극대화를 위한 방법론입니다."
페어트레이딩대체투자포트폴리오구성,"페어트레이딩 전략을 활용한 대체투자 포트폴리오구성 기법으로, 투자 수익 극대화를 위한 방법론입니다."
페어트레이딩대체투자리밸런싱,"페어트레이딩 전략을 활용한 대체투자 리밸런싱 기법으로, 투자 수익 극대화를 위한 방법론입니다."
페어트레이딩대체투자최적화,"페어트레이딩 전략을 활용한 대체투자 최적화 기법으로, 투자 수익 극대화를 위한 방법론입니다."
페어트레이딩대체투자분산,"페어트레이딩 전략을 활용한 대체투자 분산 기법으로, 투자 수익 극대화를 위한 방법론입니다."
페어트레이딩대체투자집중,"페어트레이딩 전략을 활용한 대체투자 집중 기법으로, 투자 수익 극대화를 위한 방법론입니다."
페어트레이딩대체투자회전,"페어트레이딩 전략을 활용한 대체투자 회전 기법으로, 투자 수익 극대화를 위한 방법론입니다."
페어트레이딩대체투자매매타이밍,"페어트레이딩 전략을 활용한 대체투자 매매타이밍 기법으로, 투자 수익 극대화를 위한 방법론입니다."
페어트레이딩혼합자산선별,"페어트레이딩 전략을 활용한 혼합자산 선별 기법으로, 투자 수익 극대화를 위한 방법론입니다."
페어트레이딩혼합자산포트폴리오구성,"페어트레이딩 전략을 활용한 혼합자산 포트폴리오구성 기법으로, 투자 수익 극대화를 위한 방법론입니다."
페어트레이딩혼합자산리밸런싱,"페어트레이딩 전략을 활용한 혼합자산 리밸런싱 기법으로, 투자 수익 극대화를 위한 방법론입니다."
페어트레이딩혼합자산최적화,"페어트레이딩 전략을 활용한 혼합자산 최적화 기법으로, 투자 수익 극대화를 위한 방법론입니다."
페어트레이딩혼합자산분산,"페어트레이딩 전략을 활용한 혼합자산 분산 기법으로, 투자 수익 극대화를 위한 방법론입니다."
페어트레이딩혼합자산집중,"페어트레이딩 전략을 활용한 혼합자산 집중 기법으로, 투자 수익 극대화를 위한 방법론입니다."
페어트레이딩혼합자산회전,"페어트레이딩 전략을 활용한 혼합자산 회전 기법으로, 투자 수익 극대화를 위한 방법론입니다."
페어트레이딩혼합자산매매타이밍,"페어트레이딩 전략을 활용한 혼합자산 매매타이밍 기법으로, 투자 수익 극대화를 위한 방법론입니다."
페어트레이딩외환선별,"페어트레이딩 전략을 활용한 외환 선별 기법으로, 투자 수익 극대화를 위한 방법론입니다."
페어트레이딩외환포트폴리오구성,"페어트레이딩 전략을 활용한 외환 포트폴리오구성 기법으로, 투자 수익 극대화를 위한 방법론입니다."
페어트레이딩외환리밸런싱,"페어트레이딩 전략을 활용한 외환 리밸런싱 기법으로, 투자 수익 극대화를 위한 방법론입니다."
페어트레이딩외환최적화,"페어트레이딩 전략을 활용한 외환 최적화 기법으로, 투자 수익 극대화를 위한 방법론입니다."
페어트레이딩외환분산,"페어트레이딩 전략을 활용한 외환 분산 기법으로, 투자 수익 극대화를 위한 방법론입니다."
페어트레이딩외환집중,"페어트레이딩 전략을 활용한 외환 집중 기법으로, 투자 수익 극대화를 위한 방법론입니다."
페어트레이딩외환회전,"페어트레이딩 전략을 활용한 외환 회전 기법으로, 투자 수익 극대화를 위한 방법론입니다."
페어트레이딩외환매매타이밍,"페어트레이딩 전략을 활용한 외환 매매타이밍 기법으로, 투자 수익 극대화를 위한 방법론입니다."
페어트레이딩파생상품선별,"페어트레이딩 전략을 활용한 파생상품 선별 기법으로, 투자 수익 극대화를 위한 방법론입니다."
페어트레이딩파생상품포트폴리오구성,"페어트레이딩 전략을 활용한 파생상품 포트폴리오구성 기법으로, 투자 수익 극대화를 위한 방법론입니다."
페어트레이딩파생상품리밸런싱,"페어트레이딩 전략을 활용한 파생상품 리밸런싱 기법으로, 투자 수익 극대화를 위한 방법론입니다."
페어트레이딩파생상품최적화,"페어트레이딩 전략을 활용한 파생상품 최적화 기법으로, 투자 수익 극대화를 위한 방법론입니다."
페어트레이딩파생상품분산,"페어트레이딩 전략을 활용한 파생상품 분산 기법으로, 투자 수익 극대화를 위한 방법론입니다."
페어트레이딩파생상품집중,"페어트레이딩 전략을 활용한 파생상품 집중 기법으로, 투자 수익 극대화를 위한 방법론입니다."
페어트레이딩파생상품회전,"페어트레이딩 전략을 활용한 파생상품 회전 기법으로, 투자 수익 극대화를 위한 방법론입니다."
페어트레이딩파생상품매매타이밍,"페어트레이딩 전략을 활용한 파생상품 매매타이밍 기법으로, 투자 수익 극대화를 위한 방법론입니다."
시장리스크측정지표,"시장 리스크를 측정하기 위한 지표로, 금융기관의 리스크 관리에 활용됩니다."
시장리스크측정모델,"시장 리스크를 측정하기 위한 모델로, 금융기관의 리스크 관리에 활용됩니다."
시장리스크측정시스템,"시장 리스크를 측정하기 위한 시스템로, 금융기관의 리스크 관리에 활용됩니다."
시장리스크측정프레임워크,"시장 리스크를 측정하기 위한 프레임워크로, 금융기관의 리스크 관리에 활용됩니다."
시장리스크측정방법론,"시장 리스크를 측정하기 위한 방법론로, 금융기관의 리스크 관리에 활용됩니다."
시장리스크측정프로세스,"시장 리스크를 측정하기 위한 프로세스로, 금융기관의 리스크 관리에 활용됩니다."
시장리스크측정체계,"시장 리스크를 측정하기 위한 체계로, 금융기관의 리스크 관리에 활용됩니다."
시장리스크측정정책,"시장 리스크를 측정하기 위한 정책로, 금융기관의 리스크 관리에 활용됩니다."
시장리스크관리지표,"시장 리스크를 관리하기 위한 지표로, 금융기관의 리스크 관리에 활용됩니다."
시장리스크관리모델,"시장 리스크를 관리하기 위한 모델로, 금융기관의 리스크 관리에 활용됩니다."
시장리스크관리시스템,"시장 리스크를 관리하기 위한 시스템로, 금융기관의 리스크 관리에 활용됩니다."
시장리스크관리프레임워크,"시장 리스크를 관리하기 위한 프레임워크로, 금융기관의 리스크 관리에 활용됩니다."
시장리스크관리방법론,"시장 리스크를 관리하기 위한 방법론로, 금융기관의 리스크 관리에 활용됩니다."
시장리스크관리프로세스,"시장 리스크를 관리하기 위한 프로세스로, 금융기관의 리스크 관리에 활용됩니다."
시장리스크관리체계,"시장 리스크를 관리하기 위한 체계로, 금융기관의 리스크 관리에 활용됩니다."
시장리스크관리정책,"시장 리스크를 관리하기 위한 정책로, 금융기관의 리스크 관리에 활용됩니다."
시장리스크헤지지표,"시장 리스크를 헤지하기 위한 지표로, 금융기관의 리스크 관리에 활용됩니다."
시장리스크헤지모델,"시장 리스크를 헤지하기 위한 모델로, 금융기관의 리스크 관리에 활용됩니다."
시장리스크헤지시스템,"시장 리스크를 헤지하기 위한 시스템로, 금융기관의 리스크 관리에 활용됩니다."
시장리스크헤지프레임워크,"시장 리스크를 헤지하기 위한 프레임워크로, 금융기관의 리스크 관리에 활용됩니다."
시장리스크헤지방법론,"시장 리스크를 헤지하기 위한 방법론로, 금융기관의 리스크 관리에 활용됩니다."
시장리스크헤지프로세스,"시장 리스크를 헤지하기 위한 프로세스로, 금융기관의 리스크 관리에 활용됩니다."
시장리스크헤지체계,"시장 리스크를 헤지하기 위한 체계로, 금융기관의 리스크 관리에 활용됩니다."
시장리스크헤지정책,"시장 리스크를 헤지하기 위한 정책로, 금융기관의 리스크 관리에 활용됩니다."
시장리스크회피지표,"시장 리스크를 회피하기 위한 지표로, 금융기관의 리스크 관리에 활용됩니다."
시장리스크회피모델,"시장 리스크를 회피하기 위한 모델로, 금융기관의 리스크 관리에 활용됩니다."
시장리스크회피시스템,"시장 리스크를 회피하기 위한 시스템로, 금융기관의 리스크 관리에 활용됩니다."
시장리스크회피프레임워크,"시장 리스크를 회피하기 위한 프레임워크로, 금융기관의 리스크 관리에 활용됩니다."
시장리스크회피방법론,"시장 리스크를 회피하기 위한 방법론로, 금융기관의 리스크 관리에 활용됩니다."
시장리스크회피프로세스,"시장 리스크를 회피하기 위한 프로세스로, 금융기관의 리스크 관리에 활용됩니다."
시장리스크회피체계,"시장 리스크를 회피하기 위한 체계로, 금융기관의 리스크 관리에 활용됩니다."
시장리스크회피정책,"시장 리스크를 회피하기 위한 정책로, 금융기관의 리스크 관리에 활용됩니다."
시장리스크전가지표,"시장 리스크를 전가하기 위한 지표로, 금융기관의 리스크 관리에 활용됩니다."
시장리스크전가모델,"시장 리스크를 전가하기 위한 모델로, 금융기관의 리스크 관리에 활용됩니다."
시장리스크전가시스템,"시장 리스크를 전가하기 위한 시스템로, 금융기관의 리스크 관리에 활용됩니다."
시장리스크전가프레임워크,"시장 리스크를 전가하기 위한 프레임워크로, 금융기관의 리스크 관리에 활용됩니다."
시장리스크전가방법론,"시장 리스크를 전가하기 위한 방법론로, 금융기관의 리스크 관리에 활용됩니다."
시장리스크전가프로세스,"시장 리스크를 전가하기 위한 프로세스로, 금융기관의 리스크 관리에 활용됩니다."
시장리스크전가체계,"시장 리스크를 전가하기 위한 체계로, 금융기관의 리스크 관리에 활용됩니다."
시장리스크전가정책,"시장 리스크를 전가하기 위한 정책로, 금융기관의 리스크 관리에 활용됩니다."
시장리스크감소지표,"시장 리스크를 감소하기 위한 지표로, 금융기관의 리스크 관리에 활용됩니다."
시장리스크감소모델,"시장 리스크를 감소하기 위한 모델로, 금융기관의 리스크 관리에 활용됩니다."
시장리스크감소시스템,"시장 리스크를 감소하기 위한 시스템로, 금융기관의 리스크 관리에 활용됩니다."
시장리스크감소프레임워크,"시장 리스크를 감소하기 위한 프레임워크로, 금융기관의 리스크 관리에 활용됩니다."
시장리스크감소방법론,"시장 리스크를 감소하기 위한 방법론로, 금융기관의 리스크 관리에 활용됩니다."
시장리스크감소프로세스,"시장 리스크를 감소하기 위한 프로세스로, 금융기관의 리스크 관리에 활용됩니다."
시장리스크감소체계,"시장 리스크를 감소하기 위한 체계로, 금융기관의 리스크 관리에 활용됩니다."
시장리스크감소정책,"시장 리스크를 감소하기 위한 정책로, 금융기관의 리스크 관리에 활용됩니다."
시장리스크모니터링지표,"시장 리스크를 모니터링하기 위한 지표로, 금융기관의 리스크 관리에 활용됩니다."
시장리스크모니터링모델,"시장 리스크를 모니터링하기 위한 모델로, 금융기관의 리스크 관리에 활용됩니다."
시장리스크모니터링시스템,"시장 리스크를 모니터링하기 위한 시스템로, 금융기관의 리스크 관리에 활용됩니다."
시장리스크모니터링프레임워크,"시장 리스크를 모니터링하기 위한 프레임워크로, 금융기관의 리스크 관리에 활용됩니다."
시장리스크모니터링방법론,"시장 리스크를 모니터링하기 위한 방법론로, 금융기관의 리스크 관리에 활용됩니다."
시장리스크모니터링프로세스,"시장 리스크를 모니터링하기 위한 프로세스로, 금융기관의 리스크 관리에 활용됩니다."
시장리스크모니터링체계,"시장 리스크를 모니터링하기 위한 체계로, 금융기관의 리스크 관리에 활용됩니다."
시장리스크모니터링정책,"시장 리스크를 모니터링하기 위한 정책로, 금융기관의 리스크 관리에 활용됩니다."
시장리스크평가지표,"시장 리스크를 평가하기 위한 지표로, 금융기관의 리스크 관리에 활용됩니다."
시장리스크평가모델,"시장 리스크를 평가하기 위한 모델로, 금융기관의 리스크 관리에 활용됩니다."
시장리스크평가시스템,"시장 리스크를 평가하기 위한 시스템로, 금융기관의 리스크 관리에 활용됩니다."
시장리스크평가프레임워크,"시장 리스크를 평가하기 위한 프레임워크로, 금융기관의 리스크 관리에 활용됩니다."
시장리스크평가방법론,"시장 리스크를 평가하기 위한 방법론로, 금융기관의 리스크 관리에 활용됩니다."
시장리스크평가프로세스,"시장 리스크를 평가하기 위한 프로세스로, 금융기관의 리스크 관리에 활용됩니다."
시장리스크평가체계,"시장 리스크를 평가하기 위한 체계로, 금융기관의 리스크 관리에 활용됩니다."
시장리스크평가정책,"시장 리스크를 평가하기 위한 정책로, 금융기관의 리스크 관리에 활용됩니다."
시장리스크보고지표,"시장 리스크를 보고하기 위한 지표로, 금융기관의 리스크 관리에 활용됩니다."
시장리스크보고모델,"시장 리스크를 보고하기 위한 모델로, 금융기관의 리스크 관리에 활용됩니다."
시장리스크보고시스템,"시장 리스크를 보고하기 위한 시스템로, 금융기관의 리스크 관리에 활용됩니다."
시장리스크보고프레임워크,"시장 리스크를 보고하기 위한 프레임워크로, 금융기관의 리스크 관리에 활용됩니다."
시장리스크보고방법론,"시장 리스크를 보고하기 위한 방법론로, 금융기관의 리스크 관리에 활용됩니다."
시장리스크보고프로세스,"시장 리스크를 보고하기 위한 프로세스로, 금융기관의 리스크 관리에 활용됩니다."
시장리스크보고체계,"시장 리스크를 보고하기 위한 체계로, 금융기관의 리스크 관리에 활용됩니다."
시장리스크보고정책,"시장 리스크를 보고하기 위한 정책로, 금융기관의 리스크 관리에 활용됩니다."
시장리스크통제지표,"시장 리스크를 통제하기 위한 지표로, 금융기관의 리스크 관리에 활용됩니다."
시장리스크통제모델,"시장 리스크를 통제하기 위한 모델로, 금융기관의 리스크 관리에 활용됩니다."
시장리스크통제시스템,"시장 리스크를 통제하기 위한 시스템로, 금융기관의 리스크 관리에 활용됩니다."
시장리스크통제프레임워크,"시장 리스크를 통제하기 위한 프레임워크로, 금융기관의 리스크 관리에 활용됩니다."
시장리스크통제방법론,"시장 리스크를 통제하기 위한 방법론로, 금융기관의 리스크 관리에 활용됩니다."
시장리스크통제프로세스,"시장 리스크를 통제하기 위한 프로세스로, 금융기관의 리스크 관리에 활용됩니다."
시장리스크통제체계,"시장 리스크를 통제하기 위한 체계로, 금융기관의 리스크 관리에 활용됩니다."
시장리스크통제정책,"시장 리스크를 통제하기 위한 정책로, 금융기관의 리스크 관리에 활용됩니다."
신용리스크측정지표,"신용 리스크를 측정하기 위한 지표로, 금융기관의 리스크 관리에 활용됩니다."
신용리스크측정모델,"신용 리스크를 측정하기 위한 모델로, 금융기관의 리스크 관리에 활용됩니다."
신용리스크측정시스템,"신용 리스크를 측정하기 위한 시스템로, 금융기관의 리스크 관리에 활용됩니다."
신용리스크측정프레임워크,"신용 리스크를 측정하기 위한 프레임워크로, 금융기관의 리스크 관리에 활용됩니다."
신용리스크측정방법론,"신용 리스크를 측정하기 위한 방법론로, 금융기관의 리스크 관리에 활용됩니다."
신용리스크측정프로세스,"신용 리스크를 측정하기 위한 프로세스로, 금융기관의 리스크 관리에 활용됩니다."
신용리스크측정체계,"신용 리스크를 측정하기 위한 체계로, 금융기관의 리스크 관리에 활용됩니다."
신용리스크측정정책,"신용 리스크를 측정하기 위한 정책로, 금융기관의 리스크 관리에 활용됩니다."
신용리스크관리지표,"신용 리스크를 관리하기 위한 지표로, 금융기관의 리스크 관리에 활용됩니다."
신용리스크관리모델,"신용 리스크를 관리하기 위한 모델로, 금융기관의 리스크 관리에 활용됩니다."
신용리스크관리시스템,"신용 리스크를 관리하기 위한 시스템로, 금융기관의 리스크 관리에 활용됩니다."
신용리스크관리프레임워크,"신용 리스크를 관리하기 위한 프레임워크로, 금융기관의 리스크 관리에 활용됩니다."
신용리스크관리방법론,"신용 리스크를 관리하기 위한 방법론로, 금융기관의 리스크 관리에 활용됩니다."
신용리스크관리프로세스,"신용 리스크를 관리하기 위한 프로세스로, 금융기관의 리스크 관리에 활용됩니다."
신용리스크관리체계,"신용 리스크를 관리하기 위한 체계로, 금융기관의 리스크 관리에 활용됩니다."
신용리스크관리정책,"신용 리스크를 관리하기 위한 정책로, 금융기관의 리스크 관리에 활용됩니다."
신용리스크헤지지표,"신용 리스크를 헤지하기 위한 지표로, 금융기관의 리스크 관리에 활용됩니다."
신용리스크헤지모델,"신용 리스크를 헤지하기 위한 모델로, 금융기관의 리스크 관리에 활용됩니다."
신용리스크헤지시스템,"신용 리스크를 헤지하기 위한 시스템로, 금융기관의 리스크 관리에 활용됩니다."
신용리스크헤지프레임워크,"신용 리스크를 헤지하기 위한 프레임워크로, 금융기관의 리스크 관리에 활용됩니다."
신용리스크헤지방법론,"신용 리스크를 헤지하기 위한 방법론로, 금융기관의 리스크 관리에 활용됩니다."
신용리스크헤지프로세스,"신용 리스크를 헤지하기 위한 프로세스로, 금융기관의 리스크 관리에 활용됩니다."
신용리스크헤지체계,"신용 리스크를 헤지하기 위한 체계로, 금융기관의 리스크 관리에 활용됩니다."
신용리스크헤지정책,"신용 리스크를 헤지하기 위한 정책로, 금융기관의 리스크 관리에 활용됩니다."
신용리스크회피지표,"신용 리스크를 회피하기 위한 지표로, 금융기관의 리스크 관리에 활용됩니다."
신용리스크회피모델,"신용 리스크를 회피하기 위한 모델로, 금융기관의 리스크 관리에 활용됩니다."
신용리스크회피시스템,"신용 리스크를 회피하기 위한 시스템로, 금융기관의 리스크 관리에 활용됩니다."
신용리스크회피프레임워크,"신용 리스크를 회피하기 위한 프레임워크로, 금융기관의 리스크 관리에 활용됩니다."
신용리스크회피방법론,"신용 리스크를 회피하기 위한 방법론로, 금융기관의 리스크 관리에 활용됩니다."
신용리스크회피프로세스,"신용 리스크를 회피하기 위한 프로세스로, 금융기관의 리스크 관리에 활용됩니다."
신용리스크회피체계,"신용 리스크를 회피하기 위한 체계로, 금융기관의 리스크 관리에 활용됩니다."
신용리스크회피정책,"신용 리스크를 회피하기 위한 정책로, 금융기관의 리스크 관리에 활용됩니다."
신용리스크전가지표,"신용 리스크를 전가하기 위한 지표로, 금융기관의 리스크 관리에 활용됩니다."
신용리스크전가모델,"신용 리스크를 전가하기 위한 모델로, 금융기관의 리스크 관리에 활용됩니다."
신용리스크전가시스템,"신용 리스크를 전가하기 위한 시스템로, 금융기관의 리스크 관리에 활용됩니다."
신용리스크전가프레임워크,"신용 리스크를 전가하기 위한 프레임워크로, 금융기관의 리스크 관리에 활용됩니다."
신용리스크전가방법론,"신용 리스크를 전가하기 위한 방법론로, 금융기관의 리스크 관리에 활용됩니다."
신용리스크전가프로세스,"신용 리스크를 전가하기 위한 프로세스로, 금융기관의 리스크 관리에 활용됩니다."
신용리스크전가체계,"신용 리스크를 전가하기 위한 체계로, 금융기관의 리스크 관리에 활용됩니다."
신용리스크전가정책,"신용 리스크를 전가하기 위한 정책로, 금융기관의 리스크 관리에 활용됩니다."
신용리스크감소지표,"신용 리스크를 감소하기 위한 지표로, 금융기관의 리스크 관리에 활용됩니다."
신용리스크감소모델,"신용 리스크를 감소하기 위한 모델로, 금융기관의 리스크 관리에 활용됩니다."
신용리스크감소시스템,"신용 리스크를 감소하기 위한 시스템로, 금융기관의 리스크 관리에 활용됩니다."
신용리스크감소프레임워크,"신용 리스크를 감소하기 위한 프레임워크로, 금융기관의 리스크 관리에 활용됩니다."
신용리스크감소방법론,"신용 리스크를 감소하기 위한 방법론로, 금융기관의 리스크 관리에 활용됩니다."
신용리스크감소프로세스,"신용 리스크를 감소하기 위한 프로세스로, 금융기관의 리스크 관리에 활용됩니다."
신용리스크감소체계,"신용 리스크를 감소하기 위한 체계로, 금융기관의 리스크 관리에 활용됩니다."
신용리스크감소정책,"신용 리스크를 감소하기 위한 정책로, 금융기관의 리스크 관리에 활용됩니다."
신용리스크모니터링지표,"신용 리스크를 모니터링하기 위한 지표로, 금융기관의 리스크 관리에 활용됩니다."
신용리스크모니터링모델,"신용 리스크를 모니터링하기 위한 모델로, 금융기관의 리스크 관리에 활용됩니다."
신용리스크모니터링시스템,"신용 리스크를 모니터링하기 위한 시스템로, 금융기관의 리스크 관리에 활용됩니다."
신용리스크모니터링프레임워크,"신용 리스크를 모니터링하기 위한 프레임워크로, 금융기관의 리스크 관리에 활용됩니다."
신용리스크모니터링방법론,"신용 리스크를 모니터링하기 위한 방법론로, 금융기관의 리스크 관리에 활용됩니다."
신용리스크모니터링프로세스,"신용 리스크를 모니터링하기 위한 프로세스로, 금융기관의 리스크 관리에 활용됩니다."
신용리스크모니터링체계,"신용 리스크를 모니터링하기 위한 체계로, 금융기관의 리스크 관리에 활용됩니다."
신용리스크모니터링정책,"신용 리스크를 모니터링하기 위한 정책로, 금융기관의 리스크 관리에 활용됩니다."
신용리스크평가지표,"신용 리스크를 평가하기 위한 지표로, 금융기관의 리스크 관리에 활용됩니다."
신용리스크평가모델,"신용 리스크를 평가하기 위한 모델로, 금융기관의 리스크 관리에 활용됩니다."
신용리스크평가시스템,"신용 리스크를 평가하기 위한 시스템로, 금융기관의 리스크 관리에 활용됩니다."
신용리스크평가프레임워크,"신용 리스크를 평가하기 위한 프레임워크로, 금융기관의 리스크 관리에 활용됩니다."
신용리스크평가방법론,"신용 리스크를 평가하기 위한 방법론로, 금융기관의 리스크 관리에 활용됩니다."
신용리스크평가프로세스,"신용 리스크를 평가하기 위한 프로세스로, 금융기관의 리스크 관리에 활용됩니다."
신용리스크평가체계,"신용 리스크를 평가하기 위한 체계로, 금융기관의 리스크 관리에 활용됩니다."
신용리스크평가정책,"신용 리스크를 평가하기 위한 정책로, 금융기관의 리스크 관리에 활용됩니다."
신용리스크보고지표,"신용 리스크를 보고하기 위한 지표로, 금융기관의 리스크 관리에 활용됩니다."
신용리스크보고모델,"신용 리스크를 보고하기 위한 모델로, 금융기관의 리스크 관리에 활용됩니다."
신용리스크보고시스템,"신용 리스크를 보고하기 위한 시스템로, 금융기관의 리스크 관리에 활용됩니다."
신용리스크보고프레임워크,"신용 리스크를 보고하기 위한 프레임워크로, 금융기관의 리스크 관리에 활용됩니다."
신용리스크보고방법론,"신용 리스크를 보고하기 위한 방법론로, 금융기관의 리스크 관리에 활용됩니다."
신용리스크보고프로세스,"신용 리스크를 보고하기 위한 프로세스로, 금융기관의 리스크 관리에 활용됩니다."
신용리스크보고체계,"신용 리스크를 보고하기 위한 체계로, 금융기관의 리스크 관리에 활용됩니다."
신용리스크보고정책,"신용 리스크를 보고하기 위한 정책로, 금융기관의 리스크 관리에 활용됩니다."
신용리스크통제지표,"신용 리스크를 통제하기 위한 지표로, 금융기관의 리스크 관리에 활용됩니다."
신용리스크통제모델,"신용 리스크를 통제하기 위한 모델로, 금융기관의 리스크 관리에 활용됩니다."
신용리스크통제시스템,"신용 리스크를 통제하기 위한 시스템로, 금융기관의 리스크 관리에 활용됩니다."
신용리스크통제프레임워크,"신용 리스크를 통제하기 위한 프레임워크로, 금융기관의 리스크 관리에 활용됩니다."
신용리스크통제방법론,"신용 리스크를 통제하기 위한 방법론로, 금융기관의 리스크 관리에 활용됩니다."
신용리스크통제프로세스,"신용 리스크를 통제하기 위한 프로세스로, 금융기관의 리스크 관리에 활용됩니다."
신용리스크통제체계,"신용 리스크를 통제하기 위한 체계로, 금융기관의 리스크 관리에 활용됩니다."
신용리스크통제정책,"신용 리스크를 통제하기 위한 정책로, 금융기관의 리스크 관리에 활용됩니다."
유동성리스크측정지표,"유동성 리스크를 측정하기 위한 지표로, 금융기관의 리스크 관리에 활용됩니다."
유동성리스크측정모델,"유동성 리스크를 측정하기 위한 모델로, 금융기관의 리스크 관리에 활용됩니다."
유동성리스크측정시스템,"유동성 리스크를 측정하기 위한 시스템로, 금융기관의 리스크 관리에 활용됩니다."
유동성리스크측정프레임워크,"유동성 리스크를 측정하기 위한 프레임워크로, 금융기관의 리스크 관리에 활용됩니다."
유동성리스크측정방법론,"유동성 리스크를 측정하기 위한 방법론로, 금융기관의 리스크 관리에 활용됩니다."
유동성리스크측정프로세스,"유동성 리스크를 측정하기 위한 프로세스로, 금융기관의 리스크 관리에 활용됩니다."
유동성리스크측정체계,"유동성 리스크를 측정하기 위한 체계로, 금융기관의 리스크 관리에 활용됩니다."
유동성리스크측정정책,"유동성 리스크를 측정하기 위한 정책로, 금융기관의 리스크 관리에 활용됩니다."
유동성리스크관리지표,"유동성 리스크를 관리하기 위한 지표로, 금융기관의 리스크 관리에 활용됩니다."
유동성리스크관리모델,"유동성 리스크를 관리하기 위한 모델로, 금융기관의 리스크 관리에 활용됩니다."
유동성리스크관리시스템,"유동성 리스크를 관리하기 위한 시스템로, 금융기관의 리스크 관리에 활용됩니다."
유동성리스크관리프레임워크,"유동성 리스크를 관리하기 위한 프레임워크로, 금융기관의 리스크 관리에 활용됩니다."
유동성리스크관리방법론,"유동성 리스크를 관리하기 위한 방법론로, 금융기관의 리스크 관리에 활용됩니다."
유동성리스크관리프로세스,"유동성 리스크를 관리하기 위한 프로세스로, 금융기관의 리스크 관리에 활용됩니다."
유동성리스크관리체계,"유동성 리스크를 관리하기 위한 체계로, 금융기관의 리스크 관리에 활용됩니다."
유동성리스크관리정책,"유동성 리스크를 관리하기 위한 정책로, 금융기관의 리스크 관리에 활용됩니다."
유동성리스크헤지지표,"유동성 리스크를 헤지하기 위한 지표로, 금융기관의 리스크 관리에 활용됩니다."
유동성리스크헤지모델,"유동성 리스크를 헤지하기 위한 모델로, 금융기관의 리스크 관리에 활용됩니다."
유동성리스크헤지시스템,"유동성 리스크를 헤지하기 위한 시스템로, 금융기관의 리스크 관리에 활용됩니다."
유동성리스크헤지프레임워크,"유동성 리스크를 헤지하기 위한 프레임워크로, 금융기관의 리스크 관리에 활용됩니다."
유동성리스크헤지방법론,"유동성 리스크를 헤지하기 위한 방법론로, 금융기관의 리스크 관리에 활용됩니다."
유동성리스크헤지프로세스,"유동성 리스크를 헤지하기 위한 프로세스로, 금융기관의 리스크 관리에 활용됩니다."
유동성리스크헤지체계,"유동성 리스크를 헤지하기 위한 체계로, 금융기관의 리스크 관리에 활용됩니다."
유동성리스크헤지정책,"유동성 리스크를 헤지하기 위한 정책로, 금융기관의 리스크 관리에 활용됩니다."
유동성리스크회피지표,"유동성 리스크를 회피하기 위한 지표로, 금융기관의 리스크 관리에 활용됩니다."
유동성리스크회피모델,"유동성 리스크를 회피하기 위한 모델로, 금융기관의 리스크 관리에 활용됩니다."
유동성리스크회피시스템,"유동성 리스크를 회피하기 위한 시스템로, 금융기관의 리스크 관리에 활용됩니다."
유동성리스크회피프레임워크,"유동성 리스크를 회피하기 위한 프레임워크로, 금융기관의 리스크 관리에 활용됩니다."
유동성리스크회피방법론,"유동성 리스크를 회피하기 위한 방법론로, 금융기관의 리스크 관리에 활용됩니다."
유동성리스크회피프로세스,"유동성 리스크를 회피하기 위한 프로세스로, 금융기관의 리스크 관리에 활용됩니다."
유동성리스크회피체계,"유동성 리스크를 회피하기 위한 체계로, 금융기관의 리스크 관리에 활용됩니다."
유동성리스크회피정책,"유동성 리스크를 회피하기 위한 정책로, 금융기관의 리스크 관리에 활용됩니다."
유동성리스크전가지표,"유동성 리스크를 전가하기 위한 지표로, 금융기관의 리스크 관리에 활용됩니다."
유동성리스크전가모델,"유동성 리스크를 전가하기 위한 모델로, 금융기관의 리스크 관리에 활용됩니다."
유동성리스크전가시스템,"유동성 리스크를 전가하기 위한 시스템로, 금융기관의 리스크 관리에 활용됩니다."
유동성리스크전가프레임워크,"유동성 리스크를 전가하기 위한 프레임워크로, 금융기관의 리스크 관리에 활용됩니다."
유동성리스크전가방법론,"유동성 리스크를 전가하기 위한 방법론로, 금융기관의 리스크 관리에 활용됩니다."
유동성리스크전가프로세스,"유동성 리스크를 전가하기 위한 프로세스로, 금융기관의 리스크 관리에 활용됩니다."
유동성리스크전가체계,"유동성 리스크를 전가하기 위한 체계로, 금융기관의 리스크 관리에 활용됩니다."
유동성리스크전가정책,"유동성 리스크를 전가하기 위한 정책로, 금융기관의 리스크 관리에 활용됩니다."
유동성리스크감소지표,"유동성 리스크를 감소하기 위한 지표로, 금융기관의 리스크 관리에 활용됩니다."
유동성리스크감소모델,"유동성 리스크를 감소하기 위한 모델로, 금융기관의 리스크 관리에 활용됩니다."
유동성리스크감소시스템,"유동성 리스크를 감소하기 위한 시스템로, 금융기관의 리스크 관리에 활용됩니다."
유동성리스크감소프레임워크,"유동성 리스크를 감소하기 위한 프레임워크로, 금융기관의 리스크 관리에 활용됩니다."
유동성리스크감소방법론,"유동성 리스크를 감소하기 위한 방법론로, 금융기관의 리스크 관리에 활용됩니다."
유동성리스크감소프로세스,"유동성 리스크를 감소하기 위한 프로세스로, 금융기관의 리스크 관리에 활용됩니다."
유동성리스크감소체계,"유동성 리스크를 감소하기 위한 체계로, 금융기관의 리스크 관리에 활용됩니다."
유동성리스크감소정책,"유동성 리스크를 감소하기 위한 정책로, 금융기관의 리스크 관리에 활용됩니다."
유동성리스크모니터링지표,"유동성 리스크를 모니터링하기 위한 지표로, 금융기관의 리스크 관리에 활용됩니다."
유동성리스크모니터링모델,"유동성 리스크를 모니터링하기 위한 모델로, 금융기관의 리스크 관리에 활용됩니다."
유동성리스크모니터링시스템,"유동성 리스크를 모니터링하기 위한 시스템로, 금융기관의 리스크 관리에 활용됩니다."
유동성리스크모니터링프레임워크,"유동성 리스크를 모니터링하기 위한 프레임워크로, 금융기관의 리스크 관리에 활용됩니다."
유동성리스크모니터링방법론,"유동성 리스크를 모니터링하기 위한 방법론로, 금융기관의 리스크 관리에 활용됩니다."
유동성리스크모니터링프로세스,"유동성 리스크를 모니터링하기 위한 프로세스로, 금융기관의 리스크 관리에 활용됩니다."
유동성리스크모니터링체계,"유동성 리스크를 모니터링하기 위한 체계로, 금융기관의 리스크 관리에 활용됩니다."
유동성리스크모니터링정책,"유동성 리스크를 모니터링하기 위한 정책로, 금융기관의 리스크 관리에 활용됩니다."
유동성리스크평가지표,"유동성 리스크를 평가하기 위한 지표로, 금융기관의 리스크 관리에 활용됩니다."
유동성리스크평가모델,"유동성 리스크를 평가하기 위한 모델로, 금융기관의 리스크 관리에 활용됩니다."
유동성리스크평가시스템,"유동성 리스크를 평가하기 위한 시스템로, 금융기관의 리스크 관리에 활용됩니다."
유동성리스크평가프레임워크,"유동성 리스크를 평가하기 위한 프레임워크로, 금융기관의 리스크 관리에 활용됩니다."
유동성리스크평가방법론,"유동성 리스크를 평가하기 위한 방법론로, 금융기관의 리스크 관리에 활용됩니다."
유동성리스크평가프로세스,"유동성 리스크를 평가하기 위한 프로세스로, 금융기관의 리스크 관리에 활용됩니다."
유동성리스크평가체계,"유동성 리스크를 평가하기 위한 체계로, 금융기관의 리스크 관리에 활용됩니다."
유동성리스크평가정책,"유동성 리스크를 평가하기 위한 정책로, 금융기관의 리스크 관리에 활용됩니다."
유동성리스크보고지표,"유동성 리스크를 보고하기 위한 지표로, 금융기관의 리스크 관리에 활용됩니다."
유동성리스크보고모델,"유동성 리스크를 보고하기 위한 모델로, 금융기관의 리스크 관리에 활용됩니다."
유동성리스크보고시스템,"유동성 리스크를 보고하기 위한 시스템로, 금융기관의 리스크 관리에 활용됩니다."
유동성리스크보고프레임워크,"유동성 리스크를 보고하기 위한 프레임워크로, 금융기관의 리스크 관리에 활용됩니다."
유동성리스크보고방법론,"유동성 리스크를 보고하기 위한 방법론로, 금융기관의 리스크 관리에 활용됩니다."
유동성리스크보고프로세스,"유동성 리스크를 보고하기 위한 프로세스로, 금융기관의 리스크 관리에 활용됩니다."
유동성리스크보고체계,"유동성 리스크를 보고하기 위한 체계로, 금융기관의 리스크 관리에 활용됩니다."
유동성리스크보고정책,"유동성 리스크를 보고하기 위한 정책로, 금융기관의 리스크 관리에 활용됩니다."
유동성리스크통제지표,"유동성 리스크를 통제하기 위한 지표로, 금융기관의 리스크 관리에 활용됩니다."
유동성리스크통제모델,"유동성 리스크를 통제하기 위한 모델로, 금융기관의 리스크 관리에 활용됩니다."
유동성리스크통제시스템,"유동성 리스크를 통제하기 위한 시스템로, 금융기관의 리스크 관리에 활용됩니다."
유동성리스크통제프레임워크,"유동성 리스크를 통제하기 위한 프레임워크로, 금융기관의 리스크 관리에 활용됩니다."
유동성리스크통제방법론,"유동성 리스크를 통제하기 위한 방법론로, 금융기관의 리스크 관리에 활용됩니다."
유동성리스크통제프로세스,"유동성 리스크를 통제하기 위한 프로세스로, 금융기관의 리스크 관리에 활용됩니다."
유동성리스크통제체계,"유동성 리스크를 통제하기 위한 체계로, 금융기관의 리스크 관리에 활용됩니다."
유동성리스크통제정책,"유동성 리스크를 통제하기 위한 정책로, 금융기관의 리스크 관리에 활용됩니다."
운영리스크측정지표,"운영 리스크를 측정하기 위한 지표로, 금융기관의 리스크 관리에 활용됩니다."
운영리스크측정모델,"운영 리스크를 측정하기 위한 모델로, 금융기관의 리스크 관리에 활용됩니다."
운영리스크측정시스템,"운영 리스크를 측정하기 위한 시스템로, 금융기관의 리스크 관리에 활용됩니다."
운영리스크측정프레임워크,"운영 리스크를 측정하기 위한 프레임워크로, 금융기관의 리스크 관리에 활용됩니다."
운영리스크측정방법론,"운영 리스크를 측정하기 위한 방법론로, 금융기관의 리스크 관리에 활용됩니다."
운영리스크측정프로세스,"운영 리스크를 측정하기 위한 프로세스로, 금융기관의 리스크 관리에 활용됩니다."
운영리스크측정체계,"운영 리스크를 측정하기 위한 체계로, 금융기관의 리스크 관리에 활용됩니다."
운영리스크측정정책,"운영 리스크를 측정하기 위한 정책로, 금융기관의 리스크 관리에 활용됩니다."
운영리스크관리지표,"운영 리스크를 관리하기 위한 지표로, 금융기관의 리스크 관리에 활용됩니다."
운영리스크관리모델,"운영 리스크를 관리하기 위한 모델로, 금융기관의 리스크 관리에 활용됩니다."
운영리스크관리시스템,"운영 리스크를 관리하기 위한 시스템로, 금융기관의 리스크 관리에 활용됩니다."
운영리스크관리프레임워크,"운영 리스크를 관리하기 위한 프레임워크로, 금융기관의 리스크 관리에 활용됩니다."
운영리스크관리방법론,"운영 리스크를 관리하기 위한 방법론로, 금융기관의 리스크 관리에 활용됩니다."
운영리스크관리프로세스,"운영 리스크를 관리하기 위한 프로세스로, 금융기관의 리스크 관리에 활용됩니다."
운영리스크관리체계,"운영 리스크를 관리하기 위한 체계로, 금융기관의 리스크 관리에 활용됩니다."
운영리스크관리정책,"운영 리스크를 관리하기 위한 정책로, 금융기관의 리스크 관리에 활용됩니다."
운영리스크헤지지표,"운영 리스크를 헤지하기 위한 지표로, 금융기관의 리스크 관리에 활용됩니다."
운영리스크헤지모델,"운영 리스크를 헤지하기 위한 모델로, 금융기관의 리스크 관리에 활용됩니다."
운영리스크헤지시스템,"운영 리스크를 헤지하기 위한 시스템로, 금융기관의 리스크 관리에 활용됩니다."
운영리스크헤지프레임워크,"운영 리스크를 헤지하기 위한 프레임워크로, 금융기관의 리스크 관리에 활용됩니다."
운영리스크헤지방법론,"운영 리스크를 헤지하기 위한 방법론로, 금융기관의 리스크 관리에 활용됩니다."
운영리스크헤지프로세스,"운영 리스크를 헤지하기 위한 프로세스로, 금융기관의 리스크 관리에 활용됩니다."
운영리스크헤지체계,"운영 리스크를 헤지하기 위한 체계로, 금융기관의 리스크 관리에 활용됩니다."
운영리스크헤지정책,"운영 리스크를 헤지하기 위한 정책로, 금융기관의 리스크 관리에 활용됩니다."
운영리스크회피지표,"운영 리스크를 회피하기 위한 지표로, 금융기관의 리스크 관리에 활용됩니다."
운영리스크회피모델,"운영 리스크를 회피하기 위한 모델로, 금융기관의 리스크 관리에 활용됩니다."
운영리스크회피시스템,"운영 리스크를 회피하기 위한 시스템로, 금융기관의 리스크 관리에 활용됩니다."
운영리스크회피프레임워크,"운영 리스크를 회피하기 위한 프레임워크로, 금융기관의 리스크 관리에 활용됩니다."
운영리스크회피방법론,"운영 리스크를 회피하기 위한 방법론로, 금융기관의 리스크 관리에 활용됩니다."
운영리스크회피프로세스,"운영 리스크를 회피하기 위한 프로세스로, 금융기관의 리스크 관리에 활용됩니다."
운영리스크회피체계,"운영 리스크를 회피하기 위한 체계로, 금융기관의 리스크 관리에 활용됩니다."
운영리스크회피정책,"운영 리스크를 회피하기 위한 정책로, 금융기관의 리스크 관리에 활용됩니다."
운영리스크전가지표,"운영 리스크를 전가하기 위한 지표로, 금융기관의 리스크 관리에 활용됩니다."
운영리스크전가모델,"운영 리스크를 전가하기 위한 모델로, 금융기관의 리스크 관리에 활용됩니다."
운영리스크전가시스템,"운영 리스크를 전가하기 위한 시스템로, 금융기관의 리스크 관리에 활용됩니다."
운영리스크전가프레임워크,"운영 리스크를 전가하기 위한 프레임워크로, 금융기관의 리스크 관리에 활용됩니다."
운영리스크전가방법론,"운영 리스크를 전가하기 위한 방법론로, 금융기관의 리스크 관리에 활용됩니다."
운영리스크전가프로세스,"운영 리스크를 전가하기 위한 프로세스로, 금융기관의 리스크 관리에 활용됩니다."
운영리스크전가체계,"운영 리스크를 전가하기 위한 체계로, 금융기관의 리스크 관리에 활용됩니다."
운영리스크전가정책,"운영 리스크를 전가하기 위한 정책로, 금융기관의 리스크 관리에 활용됩니다."
운영리스크감소지표,"운영 리스크를 감소하기 위한 지표로, 금융기관의 리스크 관리에 활용됩니다."
운영리스크감소모델,"운영 리스크를 감소하기 위한 모델로, 금융기관의 리스크 관리에 활용됩니다."
운영리스크감소시스템,"운영 리스크를 감소하기 위한 시스템로, 금융기관의 리스크 관리에 활용됩니다."
운영리스크감소프레임워크,"운영 리스크를 감소하기 위한 프레임워크로, 금융기관의 리스크 관리에 활용됩니다."
운영리스크감소방법론,"운영 리스크를 감소하기 위한 방법론로, 금융기관의 리스크 관리에 활용됩니다."
운영리스크감소프로세스,"운영 리스크를 감소하기 위한 프로세스로, 금융기관의 리스크 관리에 활용됩니다."
운영리스크감소체계,"운영 리스크를 감소하기 위한 체계로, 금융기관의 리스크 관리에 활용됩니다."
운영리스크감소정책,"운영 리스크를 감소하기 위한 정책로, 금융기관의 리스크 관리에 활용됩니다."
운영리스크모니터링지표,"운영 리스크를 모니터링하기 위한 지표로, 금융기관의 리스크 관리에 활용됩니다."
운영리스크모니터링모델,"운영 리스크를 모니터링하기 위한 모델로, 금융기관의 리스크 관리에 활용됩니다."
운영리스크모니터링시스템,"운영 리스크를 모니터링하기 위한 시스템로, 금융기관의 리스크 관리에 활용됩니다."
운영리스크모니터링프레임워크,"운영 리스크를 모니터링하기 위한 프레임워크로, 금융기관의 리스크 관리에 활용됩니다."
운영리스크모니터링방법론,"운영 리스크를 모니터링하기 위한 방법론로, 금융기관의 리스크 관리에 활용됩니다."
운영리스크모니터링프로세스,"운영 리스크를 모니터링하기 위한 프로세스로, 금융기관의 리스크 관리에 활용됩니다."
운영리스크모니터링체계,"운영 리스크를 모니터링하기 위한 체계로, 금융기관의 리스크 관리에 활용됩니다."
운영리스크모니터링정책,"운영 리스크를 모니터링하기 위한 정책로, 금융기관의 리스크 관리에 활용됩니다."
운영리스크평가지표,"운영 리스크를 평가하기 위한 지표로, 금융기관의 리스크 관리에 활용됩니다."
운영리스크평가모델,"운영 리스크를 평가하기 위한 모델로, 금융기관의 리스크 관리에 활용됩니다."
운영리스크평가시스템,"운영 리스크를 평가하기 위한 시스템로, 금융기관의 리스크 관리에 활용됩니다."
운영리스크평가프레임워크,"운영 리스크를 평가하기 위한 프레임워크로, 금융기관의 리스크 관리에 활용됩니다."
운영리스크평가방법론,"운영 리스크를 평가하기 위한 방법론로, 금융기관의 리스크 관리에 활용됩니다."
운영리스크평가프로세스,"운영 리스크를 평가하기 위한 프로세스로, 금융기관의 리스크 관리에 활용됩니다."
운영리스크평가체계,"운영 리스크를 평가하기 위한 체계로, 금융기관의 리스크 관리에 활용됩니다."
운영리스크평가정책,"운영 리스크를 평가하기 위한 정책로, 금융기관의 리스크 관리에 활용됩니다."
운영리스크보고지표,"운영 리스크를 보고하기 위한 지표로, 금융기관의 리스크 관리에 활용됩니다."
운영리스크보고모델,"운영 리스크를 보고하기 위한 모델로, 금융기관의 리스크 관리에 활용됩니다."
운영리스크보고시스템,"운영 리스크를 보고하기 위한 시스템로, 금융기관의 리스크 관리에 활용됩니다."
운영리스크보고프레임워크,"운영 리스크를 보고하기 위한 프레임워크로, 금융기관의 리스크 관리에 활용됩니다."
운영리스크보고방법론,"운영 리스크를 보고하기 위한 방법론로, 금융기관의 리스크 관리에 활용됩니다."
운영리스크보고프로세스,"운영 리스크를 보고하기 위한 프로세스로, 금융기관의 리스크 관리에 활용됩니다."
운영리스크보고체계,"운영 리스크를 보고하기 위한 체계로, 금융기관의 리스크 관리에 활용됩니다."
운영리스크보고정책,"운영 리스크를 보고하기 위한 정책로, 금융기관의 리스크 관리에 활용됩니다."
운영리스크통제지표,"운영 리스크를 통제하기 위한 지표로, 금융기관의 리스크 관리에 활용됩니다."
운영리스크통제모델,"운영 리스크를 통제하기 위한 모델로, 금융기관의 리스크 관리에 활용됩니다."
운영리스크통제시스템,"운영 리스크를 통제하기 위한 시스템로, 금융기관의 리스크 관리에 활용됩니다."
운영리스크통제프레임워크,"운영 리스크를 통제하기 위한 프레임워크로, 금융기관의 리스크 관리에 활용됩니다."
운영리스크통제방법론,"운영 리스크를 통제하기 위한 방법론로, 금융기관의 리스크 관리에 활용됩니다."
운영리스크통제프로세스,"운영 리스크를 통제하기 위한 프로세스로, 금융기관의 리스크 관리에 활용됩니다."
운영리스크통제체계,"운영 리스크를 통제하기 위한 체계로, 금융기관의 리스크 관리에 활용됩니다."
운영리스크통제정책,"운영 리스크를 통제하기 위한 정책로, 금융기관의 리스크 관리에 활용됩니다."
법률리스크측정지표,"법률 리스크를 측정하기 위한 지표로, 금융기관의 리스크 관리에 활용됩니다."
법률리스크측정모델,"법률 리스크를 측정하기 위한 모델로, 금융기관의 리스크 관리에 활용됩니다."
법률리스크측정시스템,"법률 리스크를 측정하기 위한 시스템로, 금융기관의 리스크 관리에 활용됩니다."
법률리스크측정프레임워크,"법률 리스크를 측정하기 위한 프레임워크로, 금융기관의 리스크 관리에 활용됩니다."
법률리스크측정방법론,"법률 리스크를 측정하기 위한 방법론로, 금융기관의 리스크 관리에 활용됩니다."
법률리스크측정프로세스,"법률 리스크를 측정하기 위한 프로세스로, 금융기관의 리스크 관리에 활용됩니다."
법률리스크측정체계,"법률 리스크를 측정하기 위한 체계로, 금융기관의 리스크 관리에 활용됩니다."
법률리스크측정정책,"법률 리스크를 측정하기 위한 정책로, 금융기관의 리스크 관리에 활용됩니다."
법률리스크관리지표,"법률 리스크를 관리하기 위한 지표로, 금융기관의 리스크 관리에 활용됩니다."
법률리스크관리모델,"법률 리스크를 관리하기 위한 모델로, 금융기관의 리스크 관리에 활용됩니다."
법률리스크관리시스템,"법률 리스크를 관리하기 위한 시스템로, 금융기관의 리스크 관리에 활용됩니다."
법률리스크관리프레임워크,"법률 리스크를 관리하기 위한 프레임워크로, 금융기관의 리스크 관리에 활용됩니다."
법률리스크관리방법론,"법률 리스크를 관리하기 위한 방법론로, 금융기관의 리스크 관리에 활용됩니다."
법률리스크관리프로세스,"법률 리스크를 관리하기 위한 프로세스로, 금융기관의 리스크 관리에 활용됩니다."
법률리스크관리체계,"법률 리스크를 관리하기 위한 체계로, 금융기관의 리스크 관리에 활용됩니다."
법률리스크관리정책,"법률 리스크를 관리하기 위한 정책로, 금융기관의 리스크 관리에 활용됩니다."
법률리스크헤지지표,"법률 리스크를 헤지하기 위한 지표로, 금융기관의 리스크 관리에 활용됩니다."
법률리스크헤지모델,"법률 리스크를 헤지하기 위한 모델로, 금융기관의 리스크 관리에 활용됩니다."
법률리스크헤지시스템,"법률 리스크를 헤지하기 위한 시스템로, 금융기관의 리스크 관리에 활용됩니다."
법률리스크헤지프레임워크,"법률 리스크를 헤지하기 위한 프레임워크로, 금융기관의 리스크 관리에 활용됩니다."
법률리스크헤지방법론,"법률 리스크를 헤지하기 위한 방법론로, 금융기관의 리스크 관리에 활용됩니다."
법률리스크헤지프로세스,"법률 리스크를 헤지하기 위한 프로세스로, 금융기관의 리스크 관리에 활용됩니다."
법률리스크헤지체계,"법률 리스크를 헤지하기 위한 체계로, 금융기관의 리스크 관리에 활용됩니다."
법률리스크헤지정책,"법률 리스크를 헤지하기 위한 정책로, 금융기관의 리스크 관리에 활용됩니다."
법률리스크회피지표,"법률 리스크를 회피하기 위한 지표로, 금융기관의 리스크 관리에 활용됩니다."
법률리스크회피모델,"법률 리스크를 회피하기 위한 모델로, 금융기관의 리스크 관리에 활용됩니다."
법률리스크회피시스템,"법률 리스크를 회피하기 위한 시스템로, 금융기관의 리스크 관리에 활용됩니다."
법률리스크회피프레임워크,"법률 리스크를 회피하기 위한 프레임워크로, 금융기관의 리스크 관리에 활용됩니다."
법률리스크회피방법론,"법률 리스크를 회피하기 위한 방법론로, 금융기관의 리스크 관리에 활용됩니다."
법률리스크회피프로세스,"법률 리스크를 회피하기 위한 프로세스로, 금융기관의 리스크 관리에 활용됩니다."
법률리스크회피체계,"법률 리스크를 회피하기 위한 체계로, 금융기관의 리스크 관리에 활용됩니다."
법률리스크회피정책,"법률 리스크를 회피하기 위한 정책로, 금융기관의 리스크 관리에 활용됩니다."
법률리스크전가지표,"법률 리스크를 전가하기 위한 지표로, 금융기관의 리스크 관리에 활용됩니다."
법률리스크전가모델,"법률 리스크를 전가하기 위한 모델로, 금융기관의 리스크 관리에 활용됩니다."
법률리스크전가시스템,"법률 리스크를 전가하기 위한 시스템로, 금융기관의 리스크 관리에 활용됩니다."
법률리스크전가프레임워크,"법률 리스크를 전가하기 위한 프레임워크로, 금융기관의 리스크 관리에 활용됩니다."
법률리스크전가방법론,"법률 리스크를 전가하기 위한 방법론로, 금융기관의 리스크 관리에 활용됩니다."
법률리스크전가프로세스,"법률 리스크를 전가하기 위한 프로세스로, 금융기관의 리스크 관리에 활용됩니다."
법률리스크전가체계,"법률 리스크를 전가하기 위한 체계로, 금융기관의 리스크 관리에 활용됩니다."
법률리스크전가정책,"법률 리스크를 전가하기 위한 정책로, 금융기관의 리스크 관리에 활용됩니다."
법률리스크감소지표,"법률 리스크를 감소하기 위한 지표로, 금융기관의 리스크 관리에 활용됩니다."
법률리스크감소모델,"법률 리스크를 감소하기 위한 모델로, 금융기관의 리스크 관리에 활용됩니다."
법률리스크감소시스템,"법률 리스크를 감소하기 위한 시스템로, 금융기관의 리스크 관리에 활용됩니다."
법률리스크감소프레임워크,"법률 리스크를 감소하기 위한 프레임워크로, 금융기관의 리스크 관리에 활용됩니다."
법률리스크감소방법론,"법률 리스크를 감소하기 위한 방법론로, 금융기관의 리스크 관리에 활용됩니다."
법률리스크감소프로세스,"법률 리스크를 감소하기 위한 프로세스로, 금융기관의 리스크 관리에 활용됩니다."
법률리스크감소체계,"법률 리스크를 감소하기 위한 체계로, 금융기관의 리스크 관리에 활용됩니다."
법률리스크감소정책,"법률 리스크를 감소하기 위한 정책로, 금융기관의 리스크 관리에 활용됩니다."
법률리스크모니터링지표,"법률 리스크를 모니터링하기 위한 지표로, 금융기관의 리스크 관리에 활용됩니다."
법률리스크모니터링모델,"법률 리스크를 모니터링하기 위한 모델로, 금융기관의 리스크 관리에 활용됩니다."
법률리스크모니터링시스템,"법률 리스크를 모니터링하기 위한 시스템로, 금융기관의 리스크 관리에 활용됩니다."
법률리스크모니터링프레임워크,"법률 리스크를 모니터링하기 위한 프레임워크로, 금융기관의 리스크 관리에 활용됩니다."
법률리스크모니터링방법론,"법률 리스크를 모니터링하기 위한 방법론로, 금융기관의 리스크 관리에 활용됩니다."
법률리스크모니터링프로세스,"법률 리스크를 모니터링하기 위한 프로세스로, 금융기관의 리스크 관리에 활용됩니다."
법률리스크모니터링체계,"법률 리스크를 모니터링하기 위한 체계로, 금융기관의 리스크 관리에 활용됩니다."
법률리스크모니터링정책,"법률 리스크를 모니터링하기 위한 정책로, 금융기관의 리스크 관리에 활용됩니다."
법률리스크평가지표,"법률 리스크를 평가하기 위한 지표로, 금융기관의 리스크 관리에 활용됩니다."
법률리스크평가모델,"법률 리스크를 평가하기 위한 모델로, 금융기관의 리스크 관리에 활용됩니다."
법률리스크평가시스템,"법률 리스크를 평가하기 위한 시스템로, 금융기관의 리스크 관리에 활용됩니다."
법률리스크평가프레임워크,"법률 리스크를 평가하기 위한 프레임워크로, 금융기관의 리스크 관리에 활용됩니다."
법률리스크평가방법론,"법률 리스크를 평가하기 위한 방법론로, 금융기관의 리스크 관리에 활용됩니다."
법률리스크평가프로세스,"법률 리스크를 평가하기 위한 프로세스로, 금융기관의 리스크 관리에 활용됩니다."
법률리스크평가체계,"법률 리스크를 평가하기 위한 체계로, 금융기관의 리스크 관리에 활용됩니다."
법률리스크평가정책,"법률 리스크를 평가하기 위한 정책로, 금융기관의 리스크 관리에 활용됩니다."
법률리스크보고지표,"법률 리스크를 보고하기 위한 지표로, 금융기관의 리스크 관리에 활용됩니다."
법률리스크보고모델,"법률 리스크를 보고하기 위한 모델로, 금융기관의 리스크 관리에 활용됩니다."
법률리스크보고시스템,"법률 리스크를 보고하기 위한 시스템로, 금융기관의 리스크 관리에 활용됩니다."
법률리스크보고프레임워크,"법률 리스크를 보고하기 위한 프레임워크로, 금융기관의 리스크 관리에 활용됩니다."
법률리스크보고방법론,"법률 리스크를 보고하기 위한 방법론로, 금융기관의 리스크 관리에 활용됩니다."
법률리스크보고프로세스,"법률 리스크를 보고하기 위한 프로세스로, 금융기관의 리스크 관리에 활용됩니다."
법률리스크보고체계,"법률 리스크를 보고하기 위한 체계로, 금융기관의 리스크 관리에 활용됩니다."
법률리스크보고정책,"법률 리스크를 보고하기 위한 정책로, 금융기관의 리스크 관리에 활용됩니다."
법률리스크통제지표,"법률 리스크를 통제하기 위한 지표로, 금융기관의 리스크 관리에 활용됩니다."
법률리스크통제모델,"법률 리스크를 통제하기 위한 모델로, 금융기관의 리스크 관리에 활용됩니다."
법률리스크통제시스템,"법률 리스크를 통제하기 위한 시스템로, 금융기관의 리스크 관리에 활용됩니다."
법률리스크통제프레임워크,"법률 리스크를 통제하기 위한 프레임워크로, 금융기관의 리스크 관리에 활용됩니다."
법률리스크통제방법론,"법률 리스크를 통제하기 위한 방법론로, 금융기관의 리스크 관리에 활용됩니다."
법률리스크통제프로세스,"법률 리스크를 통제하기 위한 프로세스로, 금융기관의 리스크 관리에 활용됩니다."
법률리스크통제체계,"법률 리스크를 통제하기 위한 체계로, 금융기관의 리스크 관리에 활용됩니다."
법률리스크통제정책,"법률 리스크를 통제하기 위한 정책로, 금융기관의 리스크 관리에 활용됩니다."
평판리스크측정지표,"평판 리스크를 측정하기 위한 지표로, 금융기관의 리스크 관리에 활용됩니다."
평판리스크측정모델,"평판 리스크를 측정하기 위한 모델로, 금융기관의 리스크 관리에 활용됩니다."
평판리스크측정시스템,"평판 리스크를 측정하기 위한 시스템로, 금융기관의 리스크 관리에 활용됩니다."
평판리스크측정프레임워크,"평판 리스크를 측정하기 위한 프레임워크로, 금융기관의 리스크 관리에 활용됩니다."
평판리스크측정방법론,"평판 리스크를 측정하기 위한 방법론로, 금융기관의 리스크 관리에 활용됩니다."
평판리스크측정프로세스,"평판 리스크를 측정하기 위한 프로세스로, 금융기관의 리스크 관리에 활용됩니다."
평판리스크측정체계,"평판 리스크를 측정하기 위한 체계로, 금융기관의 리스크 관리에 활용됩니다."
평판리스크측정정책,"평판 리스크를 측정하기 위한 정책로, 금융기관의 리스크 관리에 활용됩니다."
평판리스크관리지표,"평판 리스크를 관리하기 위한 지표로, 금융기관의 리스크 관리에 활용됩니다."
평판리스크관리모델,"평판 리스크를 관리하기 위한 모델로, 금융기관의 리스크 관리에 활용됩니다."
평판리스크관리시스템,"평판 리스크를 관리하기 위한 시스템로, 금융기관의 리스크 관리에 활용됩니다."
평판리스크관리프레임워크,"평판 리스크를 관리하기 위한 프레임워크로, 금융기관의 리스크 관리에 활용됩니다."
평판리스크관리방법론,"평판 리스크를 관리하기 위한 방법론로, 금융기관의 리스크 관리에 활용됩니다."
평판리스크관리프로세스,"평판 리스크를 관리하기 위한 프로세스로, 금융기관의 리스크 관리에 활용됩니다."
평판리스크관리체계,"평판 리스크를 관리하기 위한 체계로, 금융기관의 리스크 관리에 활용됩니다."
평판리스크관리정책,"평판 리스크를 관리하기 위한 정책로, 금융기관의 리스크 관리에 활용됩니다."
평판리스크헤지지표,"평판 리스크를 헤지하기 위한 지표로, 금융기관의 리스크 관리에 활용됩니다."
평판리스크헤지모델,"평판 리스크를 헤지하기 위한 모델로, 금융기관의 리스크 관리에 활용됩니다."
평판리스크헤지시스템,"평판 리스크를 헤지하기 위한 시스템로, 금융기관의 리스크 관리에 활용됩니다."
평판리스크헤지프레임워크,"평판 리스크를 헤지하기 위한 프레임워크로, 금융기관의 리스크 관리에 활용됩니다."
평판리스크헤지방법론,"평판 리스크를 헤지하기 위한 방법론로, 금융기관의 리스크 관리에 활용됩니다."
평판리스크헤지프로세스,"평판 리스크를 헤지하기 위한 프로세스로, 금융기관의 리스크 관리에 활용됩니다."
평판리스크헤지체계,"평판 리스크를 헤지하기 위한 체계로, 금융기관의 리스크 관리에 활용됩니다."
평판리스크헤지정책,"평판 리스크를 헤지하기 위한 정책로, 금융기관의 리스크 관리에 활용됩니다."
평판리스크회피지표,"평판 리스크를 회피하기 위한 지표로, 금융기관의 리스크 관리에 활용됩니다."
평판리스크회피모델,"평판 리스크를 회피하기 위한 모델로, 금융기관의 리스크 관리에 활용됩니다."
평판리스크회피시스템,"평판 리스크를 회피하기 위한 시스템로, 금융기관의 리스크 관리에 활용됩니다."
평판리스크회피프레임워크,"평판 리스크를 회피하기 위한 프레임워크로, 금융기관의 리스크 관리에 활용됩니다."
평판리스크회피방법론,"평판 리스크를 회피하기 위한 방법론로, 금융기관의 리스크 관리에 활용됩니다."
평판리스크회피프로세스,"평판 리스크를 회피하기 위한 프로세스로, 금융기관의 리스크 관리에 활용됩니다."
평판리스크회피체계,"평판 리스크를 회피하기 위한 체계로, 금융기관의 리스크 관리에 활용됩니다."
평판리스크회피정책,"평판 리스크를 회피하기 위한 정책로, 금융기관의 리스크 관리에 활용됩니다."
평판리스크전가지표,"평판 리스크를 전가하기 위한 지표로, 금융기관의 리스크 관리에 활용됩니다."
평판리스크전가모델,"평판 리스크를 전가하기 위한 모델로, 금융기관의 리스크 관리에 활용됩니다."
평판리스크전가시스템,"평판 리스크를 전가하기 위한 시스템로, 금융기관의 리스크 관리에 활용됩니다."
평판리스크전가프레임워크,"평판 리스크를 전가하기 위한 프레임워크로, 금융기관의 리스크 관리에 활용됩니다."
평판리스크전가방법론,"평판 리스크를 전가하기 위한 방법론로, 금융기관의 리스크 관리에 활용됩니다."
평판리스크전가프로세스,"평판 리스크를 전가하기 위한 프로세스로, 금융기관의 리스크 관리에 활용됩니다."
평판리스크전가체계,"평판 리스크를 전가하기 위한 체계로, 금융기관의 리스크 관리에 활용됩니다."
평판리스크전가정책,"평판 리스크를 전가하기 위한 정책로, 금융기관의 리스크 관리에 활용됩니다."
평판리스크감소지표,"평판 리스크를 감소하기 위한 지표로, 금융기관의 리스크 관리에 활용됩니다."
평판리스크감소모델,"평판 리스크를 감소하기 위한 모델로, 금융기관의 리스크 관리에 활용됩니다."
평판리스크감소시스템,"평판 리스크를 감소하기 위한 시스템로, 금융기관의 리스크 관리에 활용됩니다."
평판리스크감소프레임워크,"평판 리스크를 감소하기 위한 프레임워크로, 금융기관의 리스크 관리에 활용됩니다."
평판리스크감소방법론,"평판 리스크를 감소하기 위한 방법론로, 금융기관의 리스크 관리에 활용됩니다."
평판리스크감소프로세스,"평판 리스크를 감소하기 위한 프로세스로, 금융기관의 리스크 관리에 활용됩니다."
평판리스크감소체계,"평판 리스크를 감소하기 위한 체계로, 금융기관의 리스크 관리에 활용됩니다."
평판리스크감소정책,"평판 리스크를 감소하기 위한 정책로, 금융기관의 리스크 관리에 활용됩니다."
평판리스크모니터링지표,"평판 리스크를 모니터링하기 위한 지표로, 금융기관의 리스크 관리에 활용됩니다."
평판리스크모니터링모델,"평판 리스크를 모니터링하기 위한 모델로, 금융기관의 리스크 관리에 활용됩니다."
평판리스크모니터링시스템,"평판 리스크를 모니터링하기 위한 시스템로, 금융기관의 리스크 관리에 활용됩니다."
평판리스크모니터링프레임워크,"평판 리스크를 모니터링하기 위한 프레임워크로, 금융기관의 리스크 관리에 활용됩니다."
평판리스크모니터링방법론,"평판 리스크를 모니터링하기 위한 방법론로, 금융기관의 리스크 관리에 활용됩니다."
평판리스크모니터링프로세스,"평판 리스크를 모니터링하기 위한 프로세스로, 금융기관의 리스크 관리에 활용됩니다."
평판리스크모니터링체계,"평판 리스크를 모니터링하기 위한 체계로, 금융기관의 리스크 관리에 활용됩니다."
평판리스크모니터링정책,"평판 리스크를 모니터링하기 위한 정책로, 금융기관의 리스크 관리에 활용됩니다."
평판리스크평가지표,"평판 리스크를 평가하기 위한 지표로, 금융기관의 리스크 관리에 활용됩니다."
평판리스크평가모델,"평판 리스크를 평가하기 위한 모델로, 금융기관의 리스크 관리에 활용됩니다."
평판리스크평가시스템,"평판 리스크를 평가하기 위한 시스템로, 금융기관의 리스크 관리에 활용됩니다."
평판리스크평가프레임워크,"평판 리스크를 평가하기 위한 프레임워크로, 금융기관의 리스크 관리에 활용됩니다."
평판리스크평가방법론,"평판 리스크를 평가하기 위한 방법론로, 금융기관의 리스크 관리에 활용됩니다."
평판리스크평가프로세스,"평판 리스크를 평가하기 위한 프로세스로, 금융기관의 리스크 관리에 활용됩니다."
평판리스크평가체계,"평판 리스크를 평가하기 위한 체계로, 금융기관의 리스크 관리에 활용됩니다."
평판리스크평가정책,"평판 리스크를 평가하기 위한 정책로, 금융기관의 리스크 관리에 활용됩니다."
평판리스크보고지표,"평판 리스크를 보고하기 위한 지표로, 금융기관의 리스크 관리에 활용됩니다."
평판리스크보고모델,"평판 리스크를 보고하기 위한 모델로, 금융기관의 리스크 관리에 활용됩니다."
평판리스크보고시스템,"평판 리스크를 보고하기 위한 시스템로, 금융기관의 리스크 관리에 활용됩니다."
평판리스크보고프레임워크,"평판 리스크를 보고하기 위한 프레임워크로, 금융기관의 리스크 관리에 활용됩니다."
평판리스크보고방법론,"평판 리스크를 보고하기 위한 방법론로, 금융기관의 리스크 관리에 활용됩니다."
평판리스크보고프로세스,"평판 리스크를 보고하기 위한 프로세스로, 금융기관의 리스크 관리에 활용됩니다."
평판리스크보고체계,"평판 리스크를 보고하기 위한 체계로, 금융기관의 리스크 관리에 활용됩니다."
평판리스크보고정책,"평판 리스크를 보고하기 위한 정책로, 금융기관의 리스크 관리에 활용됩니다."
평판리스크통제지표,"평판 리스크를 통제하기 위한 지표로, 금융기관의 리스크 관리에 활용됩니다."
평판리스크통제모델,"평판 리스크를 통제하기 위한 모델로, 금융기관의 리스크 관리에 활용됩니다."
평판리스크통제시스템,"평판 리스크를 통제하기 위한 시스템로, 금융기관의 리스크 관리에 활용됩니다."
평판리스크통제프레임워크,"평판 리스크를 통제하기 위한 프레임워크로, 금융기관의 리스크 관리에 활용됩니다."
평판리스크통제방법론,"평판 리스크를 통제하기 위한 방법론로, 금융기관의 리스크 관리에 활용됩니다."
평판리스크통제프로세스,"평판 리스크를 통제하기 위한 프로세스로, 금융기관의 리스크 관리에 활용됩니다."
평판리스크통제체계,"평판 리스크를 통제하기 위한 체계로, 금융기관의 리스크 관리에 활용됩니다."
평판리스크통제정책,"평판 리스크를 통제하기 위한 정책로, 금융기관의 리스크 관리에 활용됩니다."
시스템리스크측정지표,"시스템 리스크를 측정하기 위한 지표로, 금융기관의 리스크 관리에 활용됩니다."
시스템리스크측정모델,"시스템 리스크를 측정하기 위한 모델로, 금융기관의 리스크 관리에 활용됩니다."
시스템리스크측정시스템,"시스템 리스크를 측정하기 위한 시스템로, 금융기관의 리스크 관리에 활용됩니다."
시스템리스크측정프레임워크,"시스템 리스크를 측정하기 위한 프레임워크로, 금융기관의 리스크 관리에 활용됩니다."
시스템리스크측정방법론,"시스템 리스크를 측정하기 위한 방법론로, 금융기관의 리스크 관리에 활용됩니다."
시스템리스크측정프로세스,"시스템 리스크를 측정하기 위한 프로세스로, 금융기관의 리스크 관리에 활용됩니다."
시스템리스크측정체계,"시스템 리스크를 측정하기 위한 체계로, 금융기관의 리스크 관리에 활용됩니다."
시스템리스크측정정책,"시스템 리스크를 측정하기 위한 정책로, 금융기관의 리스크 관리에 활용됩니다."
시스템리스크관리지표,"시스템 리스크를 관리하기 위한 지표로, 금융기관의 리스크 관리에 활용됩니다."
시스템리스크관리모델,"시스템 리스크를 관리하기 위한 모델로, 금융기관의 리스크 관리에 활용됩니다."
시스템리스크관리시스템,"시스템 리스크를 관리하기 위한 시스템로, 금융기관의 리스크 관리에 활용됩니다."
시스템리스크관리프레임워크,"시스템 리스크를 관리하기 위한 프레임워크로, 금융기관의 리스크 관리에 활용됩니다."
시스템리스크관리방법론,"시스템 리스크를 관리하기 위한 방법론로, 금융기관의 리스크 관리에 활용됩니다."
시스템리스크관리프로세스,"시스템 리스크를 관리하기 위한 프로세스로, 금융기관의 리스크 관리에 활용됩니다."
시스템리스크관리체계,"시스템 리스크를 관리하기 위한 체계로, 금융기관의 리스크 관리에 활용됩니다."
시스템리스크관리정책,"시스템 리스크를 관리하기 위한 정책로, 금융기관의 리스크 관리에 활용됩니다."
시스템리스크헤지지표,"시스템 리스크를 헤지하기 위한 지표로, 금융기관의 리스크 관리에 활용됩니다."
시스템리스크헤지모델,"시스템 리스크를 헤지하기 위한 모델로, 금융기관의 리스크 관리에 활용됩니다."
시스템리스크헤지시스템,"시스템 리스크를 헤지하기 위한 시스템로, 금융기관의 리스크 관리에 활용됩니다."
시스템리스크헤지프레임워크,"시스템 리스크를 헤지하기 위한 프레임워크로, 금융기관의 리스크 관리에 활용됩니다."
시스템리스크헤지방법론,"시스템 리스크를 헤지하기 위한 방법론로, 금융기관의 리스크 관리에 활용됩니다."
시스템리스크헤지프로세스,"시스템 리스크를 헤지하기 위한 프로세스로, 금융기관의 리스크 관리에 활용됩니다."
시스템리스크헤지체계,"시스템 리스크를 헤지하기 위한 체계로, 금융기관의 리스크 관리에 활용됩니다."
시스템리스크헤지정책,"시스템 리스크를 헤지하기 위한 정책로, 금융기관의 리스크 관리에 활용됩니다."
시스템리스크회피지표,"시스템 리스크를 회피하기 위한 지표로, 금융기관의 리스크 관리에 활용됩니다."
시스템리스크회피모델,"시스템 리스크를 회피하기 위한 모델로, 금융기관의 리스크 관리에 활용됩니다."
시스템리스크회피시스템,"시스템 리스크를 회피하기 위한 시스템로, 금융기관의 리스크 관리에 활용됩니다."
시스템리스크회피프레임워크,"시스템 리스크를 회피하기 위한 프레임워크로, 금융기관의 리스크 관리에 활용됩니다."
시스템리스크회피방법론,"시스템 리스크를 회피하기 위한 방법론로, 금융기관의 리스크 관리에 활용됩니다."
시스템리스크회피프로세스,"시스템 리스크를 회피하기 위한 프로세스로, 금융기관의 리스크 관리에 활용됩니다."
시스템리스크회피체계,"시스템 리스크를 회피하기 위한 체계로, 금융기관의 리스크 관리에 활용됩니다."
시스템리스크회피정책,"시스템 리스크를 회피하기 위한 정책로, 금융기관의 리스크 관리에 활용됩니다."
시스템리스크전가지표,"시스템 리스크를 전가하기 위한 지표로, 금융기관의 리스크 관리에 활용됩니다."
시스템리스크전가모델,"시스템 리스크를 전가하기 위한 모델로, 금융기관의 리스크 관리에 활용됩니다."
시스템리스크전가시스템,"시스템 리스크를 전가하기 위한 시스템로, 금융기관의 리스크 관리에 활용됩니다."
시스템리스크전가프레임워크,"시스템 리스크를 전가하기 위한 프레임워크로, 금융기관의 리스크 관리에 활용됩니다."
시스템리스크전가방법론,"시스템 리스크를 전가하기 위한 방법론로, 금융기관의 리스크 관리에 활용됩니다."
시스템리스크전가프로세스,"시스템 리스크를 전가하기 위한 프로세스로, 금융기관의 리스크 관리에 활용됩니다."
시스템리스크전가체계,"시스템 리스크를 전가하기 위한 체계로, 금융기관의 리스크 관리에 활용됩니다."
시스템리스크전가정책,"시스템 리스크를 전가하기 위한 정책로, 금융기관의 리스크 관리에 활용됩니다."
시스템리스크감소지표,"시스템 리스크를 감소하기 위한 지표로, 금융기관의 리스크 관리에 활용됩니다."
시스템리스크감소모델,"시스템 리스크를 감소하기 위한 모델로, 금융기관의 리스크 관리에 활용됩니다."
시스템리스크감소시스템,"시스템 리스크를 감소하기 위한 시스템로, 금융기관의 리스크 관리에 활용됩니다."
시스템리스크감소프레임워크,"시스템 리스크를 감소하기 위한 프레임워크로, 금융기관의 리스크 관리에 활용됩니다."
시스템리스크감소방법론,"시스템 리스크를 감소하기 위한 방법론로, 금융기관의 리스크 관리에 활용됩니다."
시스템리스크감소프로세스,"시스템 리스크를 감소하기 위한 프로세스로, 금융기관의 리스크 관리에 활용됩니다."
시스템리스크감소체계,"시스템 리스크를 감소하기 위한 체계로, 금융기관의 리스크 관리에 활용됩니다."
시스템리스크감소정책,"시스템 리스크를 감소하기 위한 정책로, 금융기관의 리스크 관리에 활용됩니다."
시스템리스크모니터링지표,"시스템 리스크를 모니터링하기 위한 지표로, 금융기관의 리스크 관리에 활용됩니다."
시스템리스크모니터링모델,"시스템 리스크를 모니터링하기 위한 모델로, 금융기관의 리스크 관리에 활용됩니다."
시스템리스크모니터링시스템,"시스템 리스크를 모니터링하기 위한 시스템로, 금융기관의 리스크 관리에 활용됩니다."
시스템리스크모니터링프레임워크,"시스템 리스크를 모니터링하기 위한 프레임워크로, 금융기관의 리스크 관리에 활용됩니다."
시스템리스크모니터링방법론,"시스템 리스크를 모니터링하기 위한 방법론로, 금융기관의 리스크 관리에 활용됩니다."
시스템리스크모니터링프로세스,"시스템 리스크를 모니터링하기 위한 프로세스로, 금융기관의 리스크 관리에 활용됩니다."
시스템리스크모니터링체계,"시스템 리스크를 모니터링하기 위한 체계로, 금융기관의 리스크 관리에 활용됩니다."
시스템리스크모니터링정책,"시스템 리스크를 모니터링하기 위한 정책로, 금융기관의 리스크 관리에 활용됩니다."
시스템리스크평가지표,"시스템 리스크를 평가하기 위한 지표로, 금융기관의 리스크 관리에 활용됩니다."
시스템리스크평가모델,"시스템 리스크를 평가하기 위한 모델로, 금융기관의 리스크 관리에 활용됩니다."
시스템리스크평가시스템,"시스템 리스크를 평가하기 위한 시스템로, 금융기관의 리스크 관리에 활용됩니다."
시스템리스크평가프레임워크,"시스템 리스크를 평가하기 위한 프레임워크로, 금융기관의 리스크 관리에 활용됩니다."
시스템리스크평가방법론,"시스템 리스크를 평가하기 위한 방법론로, 금융기관의 리스크 관리에 활용됩니다."
시스템리스크평가프로세스,"시스템 리스크를 평가하기 위한 프로세스로, 금융기관의 리스크 관리에 활용됩니다."
시스템리스크평가체계,"시스템 리스크를 평가하기 위한 체계로, 금융기관의 리스크 관리에 활용됩니다."
시스템리스크평가정책,"시스템 리스크를 평가하기 위한 정책로, 금융기관의 리스크 관리에 활용됩니다."
시스템리스크보고지표,"시스템 리스크를 보고하기 위한 지표로, 금융기관의 리스크 관리에 활용됩니다."
시스템리스크보고모델,"시스템 리스크를 보고하기 위한 모델로, 금융기관의 리스크 관리에 활용됩니다."
시스템리스크보고시스템,"시스템 리스크를 보고하기 위한 시스템로, 금융기관의 리스크 관리에 활용됩니다."
시스템리스크보고프레임워크,"시스템 리스크를 보고하기 위한 프레임워크로, 금융기관의 리스크 관리에 활용됩니다."
시스템리스크보고방법론,"시스템 리스크를 보고하기 위한 방법론로, 금융기관의 리스크 관리에 활용됩니다."
시스템리스크보고프로세스,"시스템 리스크를 보고하기 위한 프로세스로, 금융기관의 리스크 관리에 활용됩니다."
시스템리스크보고체계,"시스템 리스크를 보고하기 위한 체계로, 금융기관의 리스크 관리에 활용됩니다."
시스템리스크보고정책,"시스템 리스크를 보고하기 위한 정책로, 금융기관의 리스크 관리에 활용됩니다."
시스템리스크통제지표,"시스템 리스크를 통제하기 위한 지표로, 금융기관의 리스크 관리에 활용됩니다."
시스템리스크통제모델,"시스템 리스크를 통제하기 위한 모델로, 금융기관의 리스크 관리에 활용됩니다."
시스템리스크통제시스템,"시스템 리스크를 통제하기 위한 시스템로, 금융기관의 리스크 관리에 활용됩니다."
시스템리스크통제프레임워크,"시스템 리스크를 통제하기 위한 프레임워크로, 금융기관의 리스크 관리에 활용됩니다."
시스템리스크통제방법론,"시스템 리스크를 통제하기 위한 방법론로, 금융기관의 리스크 관리에 활용됩니다."
시스템리스크통제프로세스,"시스템 리스크를 통제하기 위한 프로세스로, 금융기관의 리스크 관리에 활용됩니다."
시스템리스크통제체계,"시스템 리스크를 통제하기 위한 체계로, 금융기관의 리스크 관리에 활용됩니다."
시스템리스크통제정책,"시스템 리스크를 통제하기 위한 정책로, 금융기관의 리스크 관리에 활용됩니다."
컴플라이언스리스크측정지표,"컴플라이언스 리스크를 측정하기 위한 지표로, 금융기관의 리스크 관리에 활용됩니다."
컴플라이언스리스크측정모델,"컴플라이언스 리스크를 측정하기 위한 모델로, 금융기관의 리스크 관리에 활용됩니다."
컴플라이언스리스크측정시스템,"컴플라이언스 리스크를 측정하기 위한 시스템로, 금융기관의 리스크 관리에 활용됩니다."
컴플라이언스리스크측정프레임워크,"컴플라이언스 리스크를 측정하기 위한 프레임워크로, 금융기관의 리스크 관리에 활용됩니다."
컴플라이언스리스크측정방법론,"컴플라이언스 리스크를 측정하기 위한 방법론로, 금융기관의 리스크 관리에 활용됩니다."
컴플라이언스리스크측정프로세스,"컴플라이언스 리스크를 측정하기 위한 프로세스로, 금융기관의 리스크 관리에 활용됩니다."
컴플라이언스리스크측정체계,"컴플라이언스 리스크를 측정하기 위한 체계로, 금융기관의 리스크 관리에 활용됩니다."
컴플라이언스리스크측정정책,"컴플라이언스 리스크를 측정하기 위한 정책로, 금융기관의 리스크 관리에 활용됩니다."
컴플라이언스리스크관리지표,"컴플라이언스 리스크를 관리하기 위한 지표로, 금융기관의 리스크 관리에 활용됩니다."
컴플라이언스리스크관리모델,"컴플라이언스 리스크를 관리하기 위한 모델로, 금융기관의 리스크 관리에 활용됩니다."
컴플라이언스리스크관리시스템,"컴플라이언스 리스크를 관리하기 위한 시스템로, 금융기관의 리스크 관리에 활용됩니다."
컴플라이언스리스크관리프레임워크,"컴플라이언스 리스크를 관리하기 위한 프레임워크로, 금융기관의 리스크 관리에 활용됩니다."
컴플라이언스리스크관리방법론,"컴플라이언스 리스크를 관리하기 위한 방법론로, 금융기관의 리스크 관리에 활용됩니다."
컴플라이언스리스크관리프로세스,"컴플라이언스 리스크를 관리하기 위한 프로세스로, 금융기관의 리스크 관리에 활용됩니다."
컴플라이언스리스크관리체계,"컴플라이언스 리스크를 관리하기 위한 체계로, 금융기관의 리스크 관리에 활용됩니다."
컴플라이언스리스크관리정책,"컴플라이언스 리스크를 관리하기 위한 정책로, 금융기관의 리스크 관리에 활용됩니다."
컴플라이언스리스크헤지지표,"컴플라이언스 리스크를 헤지하기 위한 지표로, 금융기관의 리스크 관리에 활용됩니다."
컴플라이언스리스크헤지모델,"컴플라이언스 리스크를 헤지하기 위한 모델로, 금융기관의 리스크 관리에 활용됩니다."
컴플라이언스리스크헤지시스템,"컴플라이언스 리스크를 헤지하기 위한 시스템로, 금융기관의 리스크 관리에 활용됩니다."
컴플라이언스리스크헤지프레임워크,"컴플라이언스 리스크를 헤지하기 위한 프레임워크로, 금융기관의 리스크 관리에 활용됩니다."
컴플라이언스리스크헤지방법론,"컴플라이언스 리스크를 헤지하기 위한 방법론로, 금융기관의 리스크 관리에 활용됩니다."
컴플라이언스리스크헤지프로세스,"컴플라이언스 리스크를 헤지하기 위한 프로세스로, 금융기관의 리스크 관리에 활용됩니다."
컴플라이언스리스크헤지체계,"컴플라이언스 리스크를 헤지하기 위한 체계로, 금융기관의 리스크 관리에 활용됩니다."
컴플라이언스리스크헤지정책,"컴플라이언스 리스크를 헤지하기 위한 정책로, 금융기관의 리스크 관리에 활용됩니다."
컴플라이언스리스크회피지표,"컴플라이언스 리스크를 회피하기 위한 지표로, 금융기관의 리스크 관리에 활용됩니다."
컴플라이언스리스크회피모델,"컴플라이언스 리스크를 회피하기 위한 모델로, 금융기관의 리스크 관리에 활용됩니다."
컴플라이언스리스크회피시스템,"컴플라이언스 리스크를 회피하기 위한 시스템로, 금융기관의 리스크 관리에 활용됩니다."
컴플라이언스리스크회피프레임워크,"컴플라이언스 리스크를 회피하기 위한 프레임워크로, 금융기관의 리스크 관리에 활용됩니다."
컴플라이언스리스크회피방법론,"컴플라이언스 리스크를 회피하기 위한 방법론로, 금융기관의 리스크 관리에 활용됩니다."
컴플라이언스리스크회피프로세스,"컴플라이언스 리스크를 회피하기 위한 프로세스로, 금융기관의 리스크 관리에 활용됩니다."
컴플라이언스리스크회피체계,"컴플라이언스 리스크를 회피하기 위한 체계로, 금융기관의 리스크 관리에 활용됩니다."
컴플라이언스리스크회피정책,"컴플라이언스 리스크를 회피하기 위한 정책로, 금융기관의 리스크 관리에 활용됩니다."
컴플라이언스리스크전가지표,"컴플라이언스 리스크를 전가하기 위한 지표로, 금융기관의 리스크 관리에 활용됩니다."
컴플라이언스리스크전가모델,"컴플라이언스 리스크를 전가하기 위한 모델로, 금융기관의 리스크 관리에 활용됩니다."
컴플라이언스리스크전가시스템,"컴플라이언스 리스크를 전가하기 위한 시스템로, 금융기관의 리스크 관리에 활용됩니다."
컴플라이언스리스크전가프레임워크,"컴플라이언스 리스크를 전가하기 위한 프레임워크로, 금융기관의 리스크 관리에 활용됩니다."
컴플라이언스리스크전가방법론,"컴플라이언스 리스크를 전가하기 위한 방법론로, 금융기관의 리스크 관리에 활용됩니다."
컴플라이언스리스크전가프로세스,"컴플라이언스 리스크를 전가하기 위한 프로세스로, 금융기관의 리스크 관리에 활용됩니다."
컴플라이언스리스크전가체계,"컴플라이언스 리스크를 전가하기 위한 체계로, 금융기관의 리스크 관리에 활용됩니다."
컴플라이언스리스크전가정책,"컴플라이언스 리스크를 전가하기 위한 정책로, 금융기관의 리스크 관리에 활용됩니다."
컴플라이언스리스크감소지표,"컴플라이언스 리스크를 감소하기 위한 지표로, 금융기관의 리스크 관리에 활용됩니다."
컴플라이언스리스크감소모델,"컴플라이언스 리스크를 감소하기 위한 모델로, 금융기관의 리스크 관리에 활용됩니다."
컴플라이언스리스크감소시스템,"컴플라이언스 리스크를 감소하기 위한 시스템로, 금융기관의 리스크 관리에 활용됩니다."
컴플라이언스리스크감소프레임워크,"컴플라이언스 리스크를 감소하기 위한 프레임워크로, 금융기관의 리스크 관리에 활용됩니다."
컴플라이언스리스크감소방법론,"컴플라이언스 리스크를 감소하기 위한 방법론로, 금융기관의 리스크 관리에 활용됩니다."
컴플라이언스리스크감소프로세스,"컴플라이언스 리스크를 감소하기 위한 프로세스로, 금융기관의 리스크 관리에 활용됩니다."
컴플라이언스리스크감소체계,"컴플라이언스 리스크를 감소하기 위한 체계로, 금융기관의 리스크 관리에 활용됩니다."
컴플라이언스리스크감소정책,"컴플라이언스 리스크를 감소하기 위한 정책로, 금융기관의 리스크 관리에 활용됩니다."
컴플라이언스리스크모니터링지표,"컴플라이언스 리스크를 모니터링하기 위한 지표로, 금융기관의 리스크 관리에 활용됩니다."
컴플라이언스리스크모니터링모델,"컴플라이언스 리스크를 모니터링하기 위한 모델로, 금융기관의 리스크 관리에 활용됩니다."
컴플라이언스리스크모니터링시스템,"컴플라이언스 리스크를 모니터링하기 위한 시스템로, 금융기관의 리스크 관리에 활용됩니다."
컴플라이언스리스크모니터링프레임워크,"컴플라이언스 리스크를 모니터링하기 위한 프레임워크로, 금융기관의 리스크 관리에 활용됩니다."
컴플라이언스리스크모니터링방법론,"컴플라이언스 리스크를 모니터링하기 위한 방법론로, 금융기관의 리스크 관리에 활용됩니다."
컴플라이언스리스크모니터링프로세스,"컴플라이언스 리스크를 모니터링하기 위한 프로세스로, 금융기관의 리스크 관리에 활용됩니다."
컴플라이언스리스크모니터링체계,"컴플라이언스 리스크를 모니터링하기 위한 체계로, 금융기관의 리스크 관리에 활용됩니다."
컴플라이언스리스크모니터링정책,"컴플라이언스 리스크를 모니터링하기 위한 정책로, 금융기관의 리스크 관리에 활용됩니다."
컴플라이언스리스크평가지표,"컴플라이언스 리스크를 평가하기 위한 지표로, 금융기관의 리스크 관리에 활용됩니다."
컴플라이언스리스크평가모델,"컴플라이언스 리스크를 평가하기 위한 모델로, 금융기관의 리스크 관리에 활용됩니다."
컴플라이언스리스크평가시스템,"컴플라이언스 리스크를 평가하기 위한 시스템로, 금융기관의 리스크 관리에 활용됩니다."
컴플라이언스리스크평가프레임워크,"컴플라이언스 리스크를 평가하기 위한 프레임워크로, 금융기관의 리스크 관리에 활용됩니다."
컴플라이언스리스크평가방법론,"컴플라이언스 리스크를 평가하기 위한 방법론로, 금융기관의 리스크 관리에 활용됩니다."
컴플라이언스리스크평가프로세스,"컴플라이언스 리스크를 평가하기 위한 프로세스로, 금융기관의 리스크 관리에 활용됩니다."
컴플라이언스리스크평가체계,"컴플라이언스 리스크를 평가하기 위한 체계로, 금융기관의 리스크 관리에 활용됩니다."
컴플라이언스리스크평가정책,"컴플라이언스 리스크를 평가하기 위한 정책로, 금융기관의 리스크 관리에 활용됩니다."
컴플라이언스리스크보고지표,"컴플라이언스 리스크를 보고하기 위한 지표로, 금융기관의 리스크 관리에 활용됩니다."
컴플라이언스리스크보고모델,"컴플라이언스 리스크를 보고하기 위한 모델로, 금융기관의 리스크 관리에 활용됩니다."
컴플라이언스리스크보고시스템,"컴플라이언스 리스크를 보고하기 위한 시스템로, 금융기관의 리스크 관리에 활용됩니다."
컴플라이언스리스크보고프레임워크,"컴플라이언스 리스크를 보고하기 위한 프레임워크로, 금융기관의 리스크 관리에 활용됩니다."
컴플라이언스리스크보고방법론,"컴플라이언스 리스크를 보고하기 위한 방법론로, 금융기관의 리스크 관리에 활용됩니다."
컴플라이언스리스크보고프로세스,"컴플라이언스 리스크를 보고하기 위한 프로세스로, 금융기관의 리스크 관리에 활용됩니다."
컴플라이언스리스크보고체계,"컴플라이언스 리스크를 보고하기 위한 체계로, 금융기관의 리스크 관리에 활용됩니다."
컴플라이언스리스크보고정책,"컴플라이언스 리스크를 보고하기 위한 정책로, 금융기관의 리스크 관리에 활용됩니다."
컴플라이언스리스크통제지표,"컴플라이언스 리스크를 통제하기 위한 지표로, 금융기관의 리스크 관리에 활용됩니다."
컴플라이언스리스크통제모델,"컴플라이언스 리스크를 통제하기 위한 모델로, 금융기관의 리스크 관리에 활용됩니다."
컴플라이언스리스크통제시스템,"컴플라이언스 리스크를 통제하기 위한 시스템로, 금융기관의 리스크 관리에 활용됩니다."
컴플라이언스리스크통제프레임워크,"컴플라이언스 리스크를 통제하기 위한 프레임워크로, 금융기관의 리스크 관리에 활용됩니다."
컴플라이언스리스크통제방법론,"컴플라이언스 리스크를 통제하기 위한 방법론로, 금융기관의 리스크 관리에 활용됩니다."
컴플라이언스리스크통제프로세스,"컴플라이언스 리스크를 통제하기 위한 프로세스로, 금융기관의 리스크 관리에 활용됩니다."
컴플라이언스리스크통제체계,"컴플라이언스 리스크를 통제하기 위한 체계로, 금융기관의 리스크 관리에 활용됩니다."
컴플라이언스리스크통제정책,"컴플라이언스 리스크를 통제하기 위한 정책로, 금융기관의 리스크 관리에 활용됩니다."
사이버리스크측정지표,"사이버 리스크를 측정하기 위한 지표로, 금융기관의 리스크 관리에 활용됩니다."
사이버리스크측정모델,"사이버 리스크를 측정하기 위한 모델로, 금융기관의 리스크 관리에 활용됩니다."
사이버리스크측정시스템,"사이버 리스크를 측정하기 위한 시스템로, 금융기관의 리스크 관리에 활용됩니다."
사이버리스크측정프레임워크,"사이버 리스크를 측정하기 위한 프레임워크로, 금융기관의 리스크 관리에 활용됩니다."
사이버리스크측정방법론,"사이버 리스크를 측정하기 위한 방법론로, 금융기관의 리스크 관리에 활용됩니다."
사이버리스크측정프로세스,"사이버 리스크를 측정하기 위한 프로세스로, 금융기관의 리스크 관리에 활용됩니다."
사이버리스크측정체계,"사이버 리스크를 측정하기 위한 체계로, 금융기관의 리스크 관리에 활용됩니다."
사이버리스크측정정책,"사이버 리스크를 측정하기 위한 정책로, 금융기관의 리스크 관리에 활용됩니다."
사이버리스크관리지표,"사이버 리스크를 관리하기 위한 지표로, 금융기관의 리스크 관리에 활용됩니다."
사이버리스크관리모델,"사이버 리스크를 관리하기 위한 모델로, 금융기관의 리스크 관리에 활용됩니다."
사이버리스크관리시스템,"사이버 리스크를 관리하기 위한 시스템로, 금융기관의 리스크 관리에 활용됩니다."
사이버리스크관리프레임워크,"사이버 리스크를 관리하기 위한 프레임워크로, 금융기관의 리스크 관리에 활용됩니다."
사이버리스크관리방법론,"사이버 리스크를 관리하기 위한 방법론로, 금융기관의 리스크 관리에 활용됩니다."
사이버리스크관리프로세스,"사이버 리스크를 관리하기 위한 프로세스로, 금융기관의 리스크 관리에 활용됩니다."
사이버리스크관리체계,"사이버 리스크를 관리하기 위한 체계로, 금융기관의 리스크 관리에 활용됩니다."
사이버리스크관리정책,"사이버 리스크를 관리하기 위한 정책로, 금융기관의 리스크 관리에 활용됩니다."
사이버리스크헤지지표,"사이버 리스크를 헤지하기 위한 지표로, 금융기관의 리스크 관리에 활용됩니다."
사이버리스크헤지모델,"사이버 리스크를 헤지하기 위한 모델로, 금융기관의 리스크 관리에 활용됩니다."
사이버리스크헤지시스템,"사이버 리스크를 헤지하기 위한 시스템로, 금융기관의 리스크 관리에 활용됩니다."
사이버리스크헤지프레임워크,"사이버 리스크를 헤지하기 위한 프레임워크로, 금융기관의 리스크 관리에 활용됩니다."
사이버리스크헤지방법론,"사이버 리스크를 헤지하기 위한 방법론로, 금융기관의 리스크 관리에 활용됩니다."
사이버리스크헤지프로세스,"사이버 리스크를 헤지하기 위한 프로세스로, 금융기관의 리스크 관리에 활용됩니다."
사이버리스크헤지체계,"사이버 리스크를 헤지하기 위한 체계로, 금융기관의 리스크 관리에 활용됩니다."
사이버리스크헤지정책,"사이버 리스크를 헤지하기 위한 정책로, 금융기관의 리스크 관리에 활용됩니다."
사이버리스크회피지표,"사이버 리스크를 회피하기 위한 지표로, 금융기관의 리스크 관리에 활용됩니다."
사이버리스크회피모델,"사이버 리스크를 회피하기 위한 모델로, 금융기관의 리스크 관리에 활용됩니다."
사이버리스크회피시스템,"사이버 리스크를 회피하기 위한 시스템로, 금융기관의 리스크 관리에 활용됩니다."
사이버리스크회피프레임워크,"사이버 리스크를 회피하기 위한 프레임워크로, 금융기관의 리스크 관리에 활용됩니다."
사이버리스크회피방법론,"사이버 리스크를 회피하기 위한 방법론로, 금융기관의 리스크 관리에 활용됩니다."
사이버리스크회피프로세스,"사이버 리스크를 회피하기 위한 프로세스로, 금융기관의 리스크 관리에 활용됩니다."
사이버리스크회피체계,"사이버 리스크를 회피하기 위한 체계로, 금융기관의 리스크 관리에 활용됩니다."
사이버리스크회피정책,"사이버 리스크를 회피하기 위한 정책로, 금융기관의 리스크 관리에 활용됩니다."
사이버리스크전가지표,"사이버 리스크를 전가하기 위한 지표로, 금융기관의 리스크 관리에 활용됩니다."
사이버리스크전가모델,"사이버 리스크를 전가하기 위한 모델로, 금융기관의 리스크 관리에 활용됩니다."
사이버리스크전가시스템,"사이버 리스크를 전가하기 위한 시스템로, 금융기관의 리스크 관리에 활용됩니다."
사이버리스크전가프레임워크,"사이버 리스크를 전가하기 위한 프레임워크로, 금융기관의 리스크 관리에 활용됩니다."
사이버리스크전가방법론,"사이버 리스크를 전가하기 위한 방법론로, 금융기관의 리스크 관리에 활용됩니다."
사이버리스크전가프로세스,"사이버 리스크를 전가하기 위한 프로세스로, 금융기관의 리스크 관리에 활용됩니다."
사이버리스크전가체계,"사이버 리스크를 전가하기 위한 체계로, 금융기관의 리스크 관리에 활용됩니다."
사이버리스크전가정책,"사이버 리스크를 전가하기 위한 정책로, 금융기관의 리스크 관리에 활용됩니다."
사이버리스크감소지표,"사이버 리스크를 감소하기 위한 지표로, 금융기관의 리스크 관리에 활용됩니다."
사이버리스크감소모델,"사이버 리스크를 감소하기 위한 모델로, 금융기관의 리스크 관리에 활용됩니다."
사이버리스크감소시스템,"사이버 리스크를 감소하기 위한 시스템로, 금융기관의 리스크 관리에 활용됩니다."
사이버리스크감소프레임워크,"사이버 리스크를 감소하기 위한 프레임워크로, 금융기관의 리스크 관리에 활용됩니다."
사이버리스크감소방법론,"사이버 리스크를 감소하기 위한 방법론로, 금융기관의 리스크 관리에 활용됩니다."
사이버리스크감소프로세스,"사이버 리스크를 감소하기 위한 프로세스로, 금융기관의 리스크 관리에 활용됩니다."
사이버리스크감소체계,"사이버 리스크를 감소하기 위한 체계로, 금융기관의 리스크 관리에 활용됩니다."
사이버리스크감소정책,"사이버 리스크를 감소하기 위한 정책로, 금융기관의 리스크 관리에 활용됩니다."
사이버리스크모니터링지표,"사이버 리스크를 모니터링하기 위한 지표로, 금융기관의 리스크 관리에 활용됩니다."
사이버리스크모니터링모델,"사이버 리스크를 모니터링하기 위한 모델로, 금융기관의 리스크 관리에 활용됩니다."
사이버리스크모니터링시스템,"사이버 리스크를 모니터링하기 위한 시스템로, 금융기관의 리스크 관리에 활용됩니다."
사이버리스크모니터링프레임워크,"사이버 리스크를 모니터링하기 위한 프레임워크로, 금융기관의 리스크 관리에 활용됩니다."
사이버리스크모니터링방법론,"사이버 리스크를 모니터링하기 위한 방법론로, 금융기관의 리스크 관리에 활용됩니다."
사이버리스크모니터링프로세스,"사이버 리스크를 모니터링하기 위한 프로세스로, 금융기관의 리스크 관리에 활용됩니다."
사이버리스크모니터링체계,"사이버 리스크를 모니터링하기 위한 체계로, 금융기관의 리스크 관리에 활용됩니다."
사이버리스크모니터링정책,"사이버 리스크를 모니터링하기 위한 정책로, 금융기관의 리스크 관리에 활용됩니다."
사이버리스크평가지표,"사이버 리스크를 평가하기 위한 지표로, 금융기관의 리스크 관리에 활용됩니다."
사이버리스크평가모델,"사이버 리스크를 평가하기 위한 모델로, 금융기관의 리스크 관리에 활용됩니다."
사이버리스크평가시스템,"사이버 리스크를 평가하기 위한 시스템로, 금융기관의 리스크 관리에 활용됩니다."
사이버리스크평가프레임워크,"사이버 리스크를 평가하기 위한 프레임워크로, 금융기관의 리스크 관리에 활용됩니다."
사이버리스크평가방법론,"사이버 리스크를 평가하기 위한 방법론로, 금융기관의 리스크 관리에 활용됩니다."
사이버리스크평가프로세스,"사이버 리스크를 평가하기 위한 프로세스로, 금융기관의 리스크 관리에 활용됩니다."
사이버리스크평가체계,"사이버 리스크를 평가하기 위한 체계로, 금융기관의 리스크 관리에 활용됩니다."
사이버리스크평가정책,"사이버 리스크를 평가하기 위한 정책로, 금융기관의 리스크 관리에 활용됩니다."
사이버리스크보고지표,"사이버 리스크를 보고하기 위한 지표로, 금융기관의 리스크 관리에 활용됩니다."
사이버리스크보고모델,"사이버 리스크를 보고하기 위한 모델로, 금융기관의 리스크 관리에 활용됩니다."
사이버리스크보고시스템,"사이버 리스크를 보고하기 위한 시스템로, 금융기관의 리스크 관리에 활용됩니다."
사이버리스크보고프레임워크,"사이버 리스크를 보고하기 위한 프레임워크로, 금융기관의 리스크 관리에 활용됩니다."
사이버리스크보고방법론,"사이버 리스크를 보고하기 위한 방법론로, 금융기관의 리스크 관리에 활용됩니다."
사이버리스크보고프로세스,"사이버 리스크를 보고하기 위한 프로세스로, 금융기관의 리스크 관리에 활용됩니다."
사이버리스크보고체계,"사이버 리스크를 보고하기 위한 체계로, 금융기관의 리스크 관리에 활용됩니다."
사이버리스크보고정책,"사이버 리스크를 보고하기 위한 정책로, 금융기관의 리스크 관리에 활용됩니다."
사이버리스크통제지표,"사이버 리스크를 통제하기 위한 지표로, 금융기관의 리스크 관리에 활용됩니다."
사이버리스크통제모델,"사이버 리스크를 통제하기 위한 모델로, 금융기관의 리스크 관리에 활용됩니다."
사이버리스크통제시스템,"사이버 리스크를 통제하기 위한 시스템로, 금융기관의 리스크 관리에 활용됩니다."
사이버리스크통제프레임워크,"사이버 리스크를 통제하기 위한 프레임워크로, 금융기관의 리스크 관리에 활용됩니다."
사이버리스크통제방법론,"사이버 리스크를 통제하기 위한 방법론로, 금융기관의 리스크 관리에 활용됩니다."
사이버리스크통제프로세스,"사이버 리스크를 통제하기 위한 프로세스로, 금융기관의 리스크 관리에 활용됩니다."
사이버리스크통제체계,"사이버 리스크를 통제하기 위한 체계로, 금융기관의 리스크 관리에 활용됩니다."
사이버리스크통제정책,"사이버 리스크를 통제하기 위한 정책로, 금융기관의 리스크 관리에 활용됩니다."
모델리스크측정지표,"모델 리스크를 측정하기 위한 지표로, 금융기관의 리스크 관리에 활용됩니다."
모델리스크측정모델,"모델 리스크를 측정하기 위한 모델로, 금융기관의 리스크 관리에 활용됩니다."
모델리스크측정시스템,"모델 리스크를 측정하기 위한 시스템로, 금융기관의 리스크 관리에 활용됩니다."
모델리스크측정프레임워크,"모델 리스크를 측정하기 위한 프레임워크로, 금융기관의 리스크 관리에 활용됩니다."
모델리스크측정방법론,"모델 리스크를 측정하기 위한 방법론로, 금융기관의 리스크 관리에 활용됩니다."
모델리스크측정프로세스,"모델 리스크를 측정하기 위한 프로세스로, 금융기관의 리스크 관리에 활용됩니다."
모델리스크측정체계,"모델 리스크를 측정하기 위한 체계로, 금융기관의 리스크 관리에 활용됩니다."
모델리스크측정정책,"모델 리스크를 측정하기 위한 정책로, 금융기관의 리스크 관리에 활용됩니다."
모델리스크관리지표,"모델 리스크를 관리하기 위한 지표로, 금융기관의 리스크 관리에 활용됩니다."
모델리스크관리모델,"모델 리스크를 관리하기 위한 모델로, 금융기관의 리스크 관리에 활용됩니다."
모델리스크관리시스템,"모델 리스크를 관리하기 위한 시스템로, 금융기관의 리스크 관리에 활용됩니다."
모델리스크관리프레임워크,"모델 리스크를 관리하기 위한 프레임워크로, 금융기관의 리스크 관리에 활용됩니다."
모델리스크관리방법론,"모델 리스크를 관리하기 위한 방법론로, 금융기관의 리스크 관리에 활용됩니다."
모델리스크관리프로세스,"모델 리스크를 관리하기 위한 프로세스로, 금융기관의 리스크 관리에 활용됩니다."
모델리스크관리체계,"모델 리스크를 관리하기 위한 체계로, 금융기관의 리스크 관리에 활용됩니다."
모델리스크관리정책,"모델 리스크를 관리하기 위한 정책로, 금융기관의 리스크 관리에 활용됩니다."
모델리스크헤지지표,"모델 리스크를 헤지하기 위한 지표로, 금융기관의 리스크 관리에 활용됩니다."
모델리스크헤지모델,"모델 리스크를 헤지하기 위한 모델로, 금융기관의 리스크 관리에 활용됩니다."
모델리스크헤지시스템,"모델 리스크를 헤지하기 위한 시스템로, 금융기관의 리스크 관리에 활용됩니다."
모델리스크헤지프레임워크,"모델 리스크를 헤지하기 위한 프레임워크로, 금융기관의 리스크 관리에 활용됩니다."
모델리스크헤지방법론,"모델 리스크를 헤지하기 위한 방법론로, 금융기관의 리스크 관리에 활용됩니다."
모델리스크헤지프로세스,"모델 리스크를 헤지하기 위한 프로세스로, 금융기관의 리스크 관리에 활용됩니다."
모델리스크헤지체계,"모델 리스크를 헤지하기 위한 체계로, 금융기관의 리스크 관리에 활용됩니다."
모델리스크헤지정책,"모델 리스크를 헤지하기 위한 정책로, 금융기관의 리스크 관리에 활용됩니다."
모델리스크회피지표,"모델 리스크를 회피하기 위한 지표로, 금융기관의 리스크 관리에 활용됩니다."
모델리스크회피모델,"모델 리스크를 회피하기 위한 모델로, 금융기관의 리스크 관리에 활용됩니다."
모델리스크회피시스템,"모델 리스크를 회피하기 위한 시스템로, 금융기관의 리스크 관리에 활용됩니다."
모델리스크회피프레임워크,"모델 리스크를 회피하기 위한 프레임워크로, 금융기관의 리스크 관리에 활용됩니다."
모델리스크회피방법론,"모델 리스크를 회피하기 위한 방법론로, 금융기관의 리스크 관리에 활용됩니다."
모델리스크회피프로세스,"모델 리스크를 회피하기 위한 프로세스로, 금융기관의 리스크 관리에 활용됩니다."
모델리스크회피체계,"모델 리스크를 회피하기 위한 체계로, 금융기관의 리스크 관리에 활용됩니다."
모델리스크회피정책,"모델 리스크를 회피하기 위한 정책로, 금융기관의 리스크 관리에 활용됩니다."
모델리스크전가지표,"모델 리스크를 전가하기 위한 지표로, 금융기관의 리스크 관리에 활용됩니다."
모델리스크전가모델,"모델 리스크를 전가하기 위한 모델로, 금융기관의 리스크 관리에 활용됩니다."
모델리스크전가시스템,"모델 리스크를 전가하기 위한 시스템로, 금융기관의 리스크 관리에 활용됩니다."
모델리스크전가프레임워크,"모델 리스크를 전가하기 위한 프레임워크로, 금융기관의 리스크 관리에 활용됩니다."
모델리스크전가방법론,"모델 리스크를 전가하기 위한 방법론로, 금융기관의 리스크 관리에 활용됩니다."
모델리스크전가프로세스,"모델 리스크를 전가하기 위한 프로세스로, 금융기관의 리스크 관리에 활용됩니다."
모델리스크전가체계,"모델 리스크를 전가하기 위한 체계로, 금융기관의 리스크 관리에 활용됩니다."
모델리스크전가정책,"모델 리스크를 전가하기 위한 정책로, 금융기관의 리스크 관리에 활용됩니다."
모델리스크감소지표,"모델 리스크를 감소하기 위한 지표로, 금융기관의 리스크 관리에 활용됩니다."
모델리스크감소모델,"모델 리스크를 감소하기 위한 모델로, 금융기관의 리스크 관리에 활용됩니다."
모델리스크감소시스템,"모델 리스크를 감소하기 위한 시스템로, 금융기관의 리스크 관리에 활용됩니다."
모델리스크감소프레임워크,"모델 리스크를 감소하기 위한 프레임워크로, 금융기관의 리스크 관리에 활용됩니다."
모델리스크감소방법론,"모델 리스크를 감소하기 위한 방법론로, 금융기관의 리스크 관리에 활용됩니다."
모델리스크감소프로세스,"모델 리스크를 감소하기 위한 프로세스로, 금융기관의 리스크 관리에 활용됩니다."
모델리스크감소체계,"모델 리스크를 감소하기 위한 체계로, 금융기관의 리스크 관리에 활용됩니다."
모델리스크감소정책,"모델 리스크를 감소하기 위한 정책로, 금융기관의 리스크 관리에 활용됩니다."
모델리스크모니터링지표,"모델 리스크를 모니터링하기 위한 지표로, 금융기관의 리스크 관리에 활용됩니다."
모델리스크모니터링모델,"모델 리스크를 모니터링하기 위한 모델로, 금융기관의 리스크 관리에 활용됩니다."
모델리스크모니터링시스템,"모델 리스크를 모니터링하기 위한 시스템로, 금융기관의 리스크 관리에 활용됩니다."
모델리스크모니터링프레임워크,"모델 리스크를 모니터링하기 위한 프레임워크로, 금융기관의 리스크 관리에 활용됩니다."
모델리스크모니터링방법론,"모델 리스크를 모니터링하기 위한 방법론로, 금융기관의 리스크 관리에 활용됩니다."
모델리스크모니터링프로세스,"모델 리스크를 모니터링하기 위한 프로세스로, 금융기관의 리스크 관리에 활용됩니다."
모델리스크모니터링체계,"모델 리스크를 모니터링하기 위한 체계로, 금융기관의 리스크 관리에 활용됩니다."
모델리스크모니터링정책,"모델 리스크를 모니터링하기 위한 정책로, 금융기관의 리스크 관리에 활용됩니다."
모델리스크평가지표,"모델 리스크를 평가하기 위한 지표로, 금융기관의 리스크 관리에 활용됩니다."
모델리스크평가모델,"모델 리스크를 평가하기 위한 모델로, 금융기관의 리스크 관리에 활용됩니다."
모델리스크평가시스템,"모델 리스크를 평가하기 위한 시스템로, 금융기관의 리스크 관리에 활용됩니다."
모델리스크평가프레임워크,"모델 리스크를 평가하기 위한 프레임워크로, 금융기관의 리스크 관리에 활용됩니다."
모델리스크평가방법론,"모델 리스크를 평가하기 위한 방법론로, 금융기관의 리스크 관리에 활용됩니다."
모델리스크평가프로세스,"모델 리스크를 평가하기 위한 프로세스로, 금융기관의 리스크 관리에 활용됩니다."
모델리스크평가체계,"모델 리스크를 평가하기 위한 체계로, 금융기관의 리스크 관리에 활용됩니다."
모델리스크평가정책,"모델 리스크를 평가하기 위한 정책로, 금융기관의 리스크 관리에 활용됩니다."
모델리스크보고지표,"모델 리스크를 보고하기 위한 지표로, 금융기관의 리스크 관리에 활용됩니다."
모델리스크보고모델,"모델 리스크를 보고하기 위한 모델로, 금융기관의 리스크 관리에 활용됩니다."
모델리스크보고시스템,"모델 리스크를 보고하기 위한 시스템로, 금융기관의 리스크 관리에 활용됩니다."
모델리스크보고프레임워크,"모델 리스크를 보고하기 위한 프레임워크로, 금융기관의 리스크 관리에 활용됩니다."
모델리스크보고방법론,"모델 리스크를 보고하기 위한 방법론로, 금융기관의 리스크 관리에 활용됩니다."
모델리스크보고프로세스,"모델 리스크를 보고하기 위한 프로세스로, 금융기관의 리스크 관리에 활용됩니다."
모델리스크보고체계,"모델 리스크를 보고하기 위한 체계로, 금융기관의 리스크 관리에 활용됩니다."
모델리스크보고정책,"모델 리스크를 보고하기 위한 정책로, 금융기관의 리스크 관리에 활용됩니다."
모델리스크통제지표,"모델 리스크를 통제하기 위한 지표로, 금융기관의 리스크 관리에 활용됩니다."
모델리스크통제모델,"모델 리스크를 통제하기 위한 모델로, 금융기관의 리스크 관리에 활용됩니다."
모델리스크통제시스템,"모델 리스크를 통제하기 위한 시스템로, 금융기관의 리스크 관리에 활용됩니다."
모델리스크통제프레임워크,"모델 리스크를 통제하기 위한 프레임워크로, 금융기관의 리스크 관리에 활용됩니다."
모델리스크통제방법론,"모델 리스크를 통제하기 위한 방법론로, 금융기관의 리스크 관리에 활용됩니다."
모델리스크통제프로세스,"모델 리스크를 통제하기 위한 프로세스로, 금융기관의 리스크 관리에 활용됩니다."
모델리스크통제체계,"모델 리스크를 통제하기 위한 체계로, 금융기관의 리스크 관리에 활용됩니다."
모델리스크통제정책,"모델 리스크를 통제하기 위한 정책로, 금융기관의 리스크 관리에 활용됩니다."
AAA등급고정금리국채,"신용등급 AAA의 고정금리 국채로, 발행 주체와 금리 구조가 특징입니다."
AA등급고정금리국채,"신용등급 AA의 고정금리 국채로, 발행 주체와 금리 구조가 특징입니다."
A등급고정금리국채,"신용등급 A의 고정금리 국채로, 발행 주체와 금리 구조가 특징입니다."
BBB등급고정금리국채,"신용등급 BBB의 고정금리 국채로, 발행 주체와 금리 구조가 특징입니다."
BB등급고정금리국채,"신용등급 BB의 고정금리 국채로, 발행 주체와 금리 구조가 특징입니다."
B등급고정금리국채,"신용등급 B의 고정금리 국채로, 발행 주체와 금리 구조가 특징입니다."
CCC등급고정금리국채,"신용등급 CCC의 고정금리 국채로, 발행 주체와 금리 구조가 특징입니다."
투자등급등급고정금리국채,"신용등급 투자등급의 고정금리 국채로, 발행 주체와 금리 구조가 특징입니다."
투기등급등급고정금리국채,"신용등급 투기등급의 고정금리 국채로, 발행 주체와 금리 구조가 특징입니다."
AAA등급변동금리국채,"신용등급 AAA의 변동금리 국채로, 발행 주체와 금리 구조가 특징입니다."
AA등급변동금리국채,"신용등급 AA의 변동금리 국채로, 발행 주체와 금리 구조가 특징입니다."
A등급변동금리국채,"신용등급 A의 변동금리 국채로, 발행 주체와 금리 구조가 특징입니다."
BBB등급변동금리국채,"신용등급 BBB의 변동금리 국채로, 발행 주체와 금리 구조가 특징입니다."
BB등급변동금리국채,"신용등급 BB의 변동금리 국채로, 발행 주체와 금리 구조가 특징입니다."
B등급변동금리국채,"신용등급 B의 변동금리 국채로, 발행 주체와 금리 구조가 특징입니다."
CCC등급변동금리국채,"신용등급 CCC의 변동금리 국채로, 발행 주체와 금리 구조가 특징입니다."
투자등급등급변동금리국채,"신용등급 투자등급의 변동금리 국채로, 발행 주체와 금리 구조가 특징입니다."
투기등급등급변동금리국채,"신용등급 투기등급의 변동금리 국채로, 발행 주체와 금리 구조가 특징입니다."
AAA등급복합금리국채,"신용등급 AAA의 복합금리 국채로, 발행 주체와 금리 구조가 특징입니다."
AA등급복합금리국채,"신용등급 AA의 복합금리 국채로, 발행 주체와 금리 구조가 특징입니다."
A등급복합금리국채,"신용등급 A의 복합금리 국채로, 발행 주체와 금리 구조가 특징입니다."
BBB등급복합금리국채,"신용등급 BBB의 복합금리 국채로, 발행 주체와 금리 구조가 특징입니다."
BB등급복합금리국채,"신용등급 BB의 복합금리 국채로, 발행 주체와 금리 구조가 특징입니다."
B등급복합금리국채,"신용등급 B의 복합금리 국채로, 발행 주체와 금리 구조가 특징입니다."
CCC등급복합금리국채,"신용등급 CCC의 복합금리 국채로, 발행 주체와 금리 구조가 특징입니다."
투자등급등급복합금리국채,"신용등급 투자등급의 복합금리 국채로, 발행 주체와 금리 구조가 특징입니다."
투기등급등급복합금리국채,"신용등급 투기등급의 복합금리 국채로, 발행 주체와 금리 구조가 특징입니다."
AAA등급이표채국채,"신용등급 AAA의 이표채 국채로, 발행 주체와 금리 구조가 특징입니다."
AA등급이표채국채,"신용등급 AA의 이표채 국채로, 발행 주체와 금리 구조가 특징입니다."
A등급이표채국채,"신용등급 A의 이표채 국채로, 발행 주체와 금리 구조가 특징입니다."
BBB등급이표채국채,"신용등급 BBB의 이표채 국채로, 발행 주체와 금리 구조가 특징입니다."
BB등급이표채국채,"신용등급 BB의 이표채 국채로, 발행 주체와 금리 구조가 특징입니다."
B등급이표채국채,"신용등급 B의 이표채 국채로, 발행 주체와 금리 구조가 특징입니다."
CCC등급이표채국채,"신용등급 CCC의 이표채 국채로, 발행 주체와 금리 구조가 특징입니다."
투자등급등급이표채국채,"신용등급 투자등급의 이표채 국채로, 발행 주체와 금리 구조가 특징입니다."
투기등급등급이표채국채,"신용등급 투기등급의 이표채 국채로, 발행 주체와 금리 구조가 특징입니다."
AAA등급할인채국채,"신용등급 AAA의 할인채 국채로, 발행 주체와 금리 구조가 특징입니다."
AA등급할인채국채,"신용등급 AA의 할인채 국채로, 발행 주체와 금리 구조가 특징입니다."
A등급할인채국채,"신용등급 A의 할인채 국채로, 발행 주체와 금리 구조가 특징입니다."
BBB등급할인채국채,"신용등급 BBB의 할인채 국채로, 발행 주체와 금리 구조가 특징입니다."
BB등급할인채국채,"신용등급 BB의 할인채 국채로, 발행 주체와 금리 구조가 특징입니다."
B등급할인채국채,"신용등급 B의 할인채 국채로, 발행 주체와 금리 구조가 특징입니다."
CCC등급할인채국채,"신용등급 CCC의 할인채 국채로, 발행 주체와 금리 구조가 특징입니다."
투자등급등급할인채국채,"신용등급 투자등급의 할인채 국채로, 발행 주체와 금리 구조가 특징입니다."
투기등급등급할인채국채,"신용등급 투기등급의 할인채 국채로, 발행 주체와 금리 구조가 특징입니다."
AAA등급무이표채국채,"신용등급 AAA의 무이표채 국채로, 발행 주체와 금리 구조가 특징입니다."
AA등급무이표채국채,"신용등급 AA의 무이표채 국채로, 발행 주체와 금리 구조가 특징입니다."
A등급무이표채국채,"신용등급 A의 무이표채 국채로, 발행 주체와 금리 구조가 특징입니다."
BBB등급무이표채국채,"신용등급 BBB의 무이표채 국채로, 발행 주체와 금리 구조가 특징입니다."
BB등급무이표채국채,"신용등급 BB의 무이표채 국채로, 발행 주체와 금리 구조가 특징입니다."
B등급무이표채국채,"신용등급 B의 무이표채 국채로, 발행 주체와 금리 구조가 특징입니다."
CCC등급무이표채국채,"신용등급 CCC의 무이표채 국채로, 발행 주체와 금리 구조가 특징입니다."
투자등급등급무이표채국채,"신용등급 투자등급의 무이표채 국채로, 발행 주체와 금리 구조가 특징입니다."
투기등급등급무이표채국채,"신용등급 투기등급의 무이표채 국채로, 발행 주체와 금리 구조가 특징입니다."
AAA등급전환국채,"신용등급 AAA의 전환 국채로, 발행 주체와 금리 구조가 특징입니다."
AA등급전환국채,"신용등급 AA의 전환 국채로, 발행 주체와 금리 구조가 특징입니다."
A등급전환국채,"신용등급 A의 전환 국채로, 발행 주체와 금리 구조가 특징입니다."
BBB등급전환국채,"신용등급 BBB의 전환 국채로, 발행 주체와 금리 구조가 특징입니다."
BB등급전환국채,"신용등급 BB의 전환 국채로, 발행 주체와 금리 구조가 특징입니다."
B등급전환국채,"신용등급 B의 전환 국채로, 발행 주체와 금리 구조가 특징입니다."
CCC등급전환국채,"신용등급 CCC의 전환 국채로, 발행 주체와 금리 구조가 특징입니다."
투자등급등급전환국채,"신용등급 투자등급의 전환 국채로, 발행 주체와 금리 구조가 특징입니다."
투기등급등급전환국채,"신용등급 투기등급의 전환 국채로, 발행 주체와 금리 구조가 특징입니다."
AAA등급신주인수권부국채,"신용등급 AAA의 신주인수권부 국채로, 발행 주체와 금리 구조가 특징입니다."
AA등급신주인수권부국채,"신용등급 AA의 신주인수권부 국채로, 발행 주체와 금리 구조가 특징입니다."
A등급신주인수권부국채,"신용등급 A의 신주인수권부 국채로, 발행 주체와 금리 구조가 특징입니다."
BBB등급신주인수권부국채,"신용등급 BBB의 신주인수권부 국채로, 발행 주체와 금리 구조가 특징입니다."
BB등급신주인수권부국채,"신용등급 BB의 신주인수권부 국채로, 발행 주체와 금리 구조가 특징입니다."
B등급신주인수권부국채,"신용등급 B의 신주인수권부 국채로, 발행 주체와 금리 구조가 특징입니다."
CCC등급신주인수권부국채,"신용등급 CCC의 신주인수권부 국채로, 발행 주체와 금리 구조가 특징입니다."
투자등급등급신주인수권부국채,"신용등급 투자등급의 신주인수권부 국채로, 발행 주체와 금리 구조가 특징입니다."
투기등급등급신주인수권부국채,"신용등급 투기등급의 신주인수권부 국채로, 발행 주체와 금리 구조가 특징입니다."
AAA등급고정금리회사채,"신용등급 AAA의 고정금리 회사채로, 발행 주체와 금리 구조가 특징입니다."
AA등급고정금리회사채,"신용등급 AA의 고정금리 회사채로, 발행 주체와 금리 구조가 특징입니다."
A등급고정금리회사채,"신용등급 A의 고정금리 회사채로, 발행 주체와 금리 구조가 특징입니다."
BBB등급고정금리회사채,"신용등급 BBB의 고정금리 회사채로, 발행 주체와 금리 구조가 특징입니다."
BB등급고정금리회사채,"신용등급 BB의 고정금리 회사채로, 발행 주체와 금리 구조가 특징입니다."
B등급고정금리회사채,"신용등급 B의 고정금리 회사채로, 발행 주체와 금리 구조가 특징입니다."
CCC등급고정금리회사채,"신용등급 CCC의 고정금리 회사채로, 발행 주체와 금리 구조가 특징입니다."
투자등급등급고정금리회사채,"신용등급 투자등급의 고정금리 회사채로, 발행 주체와 금리 구조가 특징입니다."
투기등급등급고정금리회사채,"신용등급 투기등급의 고정금리 회사채로, 발행 주체와 금리 구조가 특징입니다."
AAA등급변동금리회사채,"신용등급 AAA의 변동금리 회사채로, 발행 주체와 금리 구조가 특징입니다."
AA등급변동금리회사채,"신용등급 AA의 변동금리 회사채로, 발행 주체와 금리 구조가 특징입니다."
A등급변동금리회사채,"신용등급 A의 변동금리 회사채로, 발행 주체와 금리 구조가 특징입니다."
BBB등급변동금리회사채,"신용등급 BBB의 변동금리 회사채로, 발행 주체와 금리 구조가 특징입니다."
BB등급변동금리회사채,"신용등급 BB의 변동금리 회사채로, 발행 주체와 금리 구조가 특징입니다."
B등급변동금리회사채,"신용등급 B의 변동금리 회사채로, 발행 주체와 금리 구조가 특징입니다."
CCC등급변동금리회사채,"신용등급 CCC의 변동금리 회사채로, 발행 주체와 금리 구조가 특징입니다."
투자등급등급변동금리회사채,"신용등급 투자등급의 변동금리 회사채로, 발행 주체와 금리 구조가 특징입니다."
투기등급등급변동금리회사채,"신용등급 투기등급의 변동금리 회사채로, 발행 주체와 금리 구조가 특징입니다."
AAA등급복합금리회사채,"신용등급 AAA의 복합금리 회사채로, 발행 주체와 금리 구조가 특징입니다."
AA등급복합금리회사채,"신용등급 AA의 복합금리 회사채로, 발행 주체와 금리 구조가 특징입니다."
A등급복합금리회사채,"신용등급 A의 복합금리 회사채로, 발행 주체와 금리 구조가 특징입니다."
BBB등급복합금리회사채,"신용등급 BBB의 복합금리 회사채로, 발행 주체와 금리 구조가 특징입니다."
BB등급복합금리회사채,"신용등급 BB의 복합금리 회사채로, 발행 주체와 금리 구조가 특징입니다."
B등급복합금리회사채,"신용등급 B의 복합금리 회사채로, 발행 주체와 금리 구조가 특징입니다."
CCC등급복합금리회사채,"신용등급 CCC의 복합금리 회사채로, 발행 주체와 금리 구조가 특징입니다."
투자등급등급복합금리회사채,"신용등급 투자등급의 복합금리 회사채로, 발행 주체와 금리 구조가 특징입니다."
투기등급등급복합금리회사채,"신용등급 투기등급의 복합금리 회사채로, 발행 주체와 금리 구조가 특징입니다."
AAA등급이표채회사채,"신용등급 AAA의 이표채 회사채로, 발행 주체와 금리 구조가 특징입니다."
AA등급이표채회사채,"신용등급 AA의 이표채 회사채로, 발행 주체와 금리 구조가 특징입니다."
A등급이표채회사채,"신용등급 A의 이표채 회사채로, 발행 주체와 금리 구조가 특징입니다."
BBB등급이표채회사채,"신용등급 BBB의 이표채 회사채로, 발행 주체와 금리 구조가 특징입니다."
BB등급이표채회사채,"신용등급 BB의 이표채 회사채로, 발행 주체와 금리 구조가 특징입니다."
B등급이표채회사채,"신용등급 B의 이표채 회사채로, 발행 주체와 금리 구조가 특징입니다."
CCC등급이표채회사채,"신용등급 CCC의 이표채 회사채로, 발행 주체와 금리 구조가 특징입니다."
투자등급등급이표채회사채,"신용등급 투자등급의 이표채 회사채로, 발행 주체와 금리 구조가 특징입니다."
투기등급등급이표채회사채,"신용등급 투기등급의 이표채 회사채로, 발행 주체와 금리 구조가 특징입니다."
AAA등급할인채회사채,"신용등급 AAA의 할인채 회사채로, 발행 주체와 금리 구조가 특징입니다."
AA등급할인채회사채,"신용등급 AA의 할인채 회사채로, 발행 주체와 금리 구조가 특징입니다."
A등급할인채회사채,"신용등급 A의 할인채 회사채로, 발행 주체와 금리 구조가 특징입니다."
BBB등급할인채회사채,"신용등급 BBB의 할인채 회사채로, 발행 주체와 금리 구조가 특징입니다."
BB등급할인채회사채,"신용등급 BB의 할인채 회사채로, 발행 주체와 금리 구조가 특징입니다."
B등급할인채회사채,"신용등급 B의 할인채 회사채로, 발행 주체와 금리 구조가 특징입니다."
CCC등급할인채회사채,"신용등급 CCC의 할인채 회사채로, 발행 주체와 금리 구조가 특징입니다."
투자등급등급할인채회사채,"신용등급 투자등급의 할인채 회사채로, 발행 주체와 금리 구조가 특징입니다."
투기등급등급할인채회사채,"신용등급 투기등급의 할인채 회사채로, 발행 주체와 금리 구조가 특징입니다."
AAA등급무이표채회사채,"신용등급 AAA의 무이표채 회사채로, 발행 주체와 금리 구조가 특징입니다."
AA등급무이표채회사채,"신용등급 AA의 무이표채 회사채로, 발행 주체와 금리 구조가 특징입니다."
A등급무이표채회사채,"신용등급 A의 무이표채 회사채로, 발행 주체와 금리 구조가 특징입니다."
BBB등급무이표채회사채,"신용등급 BBB의 무이표채 회사채로, 발행 주체와 금리 구조가 특징입니다."
BB등급무이표채회사채,"신용등급 BB의 무이표채 회사채로, 발행 주체와 금리 구조가 특징입니다."
B등급무이표채회사채,"신용등급 B의 무이표채 회사채로, 발행 주체와 금리 구조가 특징입니다."
CCC등급무이표채회사채,"신용등급 CCC의 무이표채 회사채로, 발행 주체와 금리 구조가 특징입니다."
투자등급등급무이표채회사채,"신용등급 투자등급의 무이표채 회사채로, 발행 주체와 금리 구조가 특징입니다."
투기등급등급무이표채회사채,"신용등급 투기등급의 무이표채 회사채로, 발행 주체와 금리 구조가 특징입니다."
AAA등급전환회사채,"신용등급 AAA의 전환 회사채로, 발행 주체와 금리 구조가 특징입니다."
AA등급전환회사채,"신용등급 AA의 전환 회사채로, 발행 주체와 금리 구조가 특징입니다."
A등급전환회사채,"신용등급 A의 전환 회사채로, 발행 주체와 금리 구조가 특징입니다."
BBB등급전환회사채,"신용등급 BBB의 전환 회사채로, 발행 주체와 금리 구조가 특징입니다."
BB등급전환회사채,"신용등급 BB의 전환 회사채로, 발행 주체와 금리 구조가 특징입니다."
B등급전환회사채,"신용등급 B의 전환 회사채로, 발행 주체와 금리 구조가 특징입니다."
CCC등급전환회사채,"신용등급 CCC의 전환 회사채로, 발행 주체와 금리 구조가 특징입니다."
투자등급등급전환회사채,"신용등급 투자등급의 전환 회사채로, 발행 주체와 금리 구조가 특징입니다."
투기등급등급전환회사채,"신용등급 투기등급의 전환 회사채로, 발행 주체와 금리 구조가 특징입니다."
AAA등급신주인수권부회사채,"신용등급 AAA의 신주인수권부 회사채로, 발행 주체와 금리 구조가 특징입니다."
AA등급신주인수권부회사채,"신용등급 AA의 신주인수권부 회사채로, 발행 주체와 금리 구조가 특징입니다."
A등급신주인수권부회사채,"신용등급 A의 신주인수권부 회사채로, 발행 주체와 금리 구조가 특징입니다."
BBB등급신주인수권부회사채,"신용등급 BBB의 신주인수권부 회사채로, 발행 주체와 금리 구조가 특징입니다."
BB등급신주인수권부회사채,"신용등급 BB의 신주인수권부 회사채로, 발행 주체와 금리 구조가 특징입니다."
B등급신주인수권부회사채,"신용등급 B의 신주인수권부 회사채로, 발행 주체와 금리 구조가 특징입니다."
CCC등급신주인수권부회사채,"신용등급 CCC의 신주인수권부 회사채로, 발행 주체와 금리 구조가 특징입니다."
투자등급등급신주인수권부회사채,"신용등급 투자등급의 신주인수권부 회사채로, 발행 주체와 금리 구조가 특징입니다."
투기등급등급신주인수권부회사채,"신용등급 투기등급의 신주인수권부 회사채로, 발행 주체와 금리 구조가 특징입니다."
AAA등급고정금리금융채,"신용등급 AAA의 고정금리 금융채로, 발행 주체와 금리 구조가 특징입니다."
AA등급고정금리금융채,"신용등급 AA의 고정금리 금융채로, 발행 주체와 금리 구조가 특징입니다."
A등급고정금리금융채,"신용등급 A의 고정금리 금융채로, 발행 주체와 금리 구조가 특징입니다."
BBB등급고정금리금융채,"신용등급 BBB의 고정금리 금융채로, 발행 주체와 금리 구조가 특징입니다."
BB등급고정금리금융채,"신용등급 BB의 고정금리 금융채로, 발행 주체와 금리 구조가 특징입니다."
B등급고정금리금융채,"신용등급 B의 고정금리 금융채로, 발행 주체와 금리 구조가 특징입니다."
CCC등급고정금리금융채,"신용등급 CCC의 고정금리 금융채로, 발행 주체와 금리 구조가 특징입니다."
투자등급등급고정금리금융채,"신용등급 투자등급의 고정금리 금융채로, 발행 주체와 금리 구조가 특징입니다."
투기등급등급고정금리금융채,"신용등급 투기등급의 고정금리 금융채로, 발행 주체와 금리 구조가 특징입니다."
AAA등급변동금리금융채,"신용등급 AAA의 변동금리 금융채로, 발행 주체와 금리 구조가 특징입니다."
AA등급변동금리금융채,"신용등급 AA의 변동금리 금융채로, 발행 주체와 금리 구조가 특징입니다."
A등급변동금리금융채,"신용등급 A의 변동금리 금융채로, 발행 주체와 금리 구조가 특징입니다."
BBB등급변동금리금융채,"신용등급 BBB의 변동금리 금융채로, 발행 주체와 금리 구조가 특징입니다."
BB등급변동금리금융채,"신용등급 BB의 변동금리 금융채로, 발행 주체와 금리 구조가 특징입니다."
B등급변동금리금융채,"신용등급 B의 변동금리 금융채로, 발행 주체와 금리 구조가 특징입니다."
CCC등급변동금리금융채,"신용등급 CCC의 변동금리 금융채로, 발행 주체와 금리 구조가 특징입니다."
투자등급등급변동금리금융채,"신용등급 투자등급의 변동금리 금융채로, 발행 주체와 금리 구조가 특징입니다."
투기등급등급변동금리금융채,"신용등급 투기등급의 변동금리 금융채로, 발행 주체와 금리 구조가 특징입니다."
AAA등급복합금리금융채,"신용등급 AAA의 복합금리 금융채로, 발행 주체와 금리 구조가 특징입니다."
AA등급복합금리금융채,"신용등급 AA의 복합금리 금융채로, 발행 주체와 금리 구조가 특징입니다."
A등급복합금리금융채,"신용등급 A의 복합금리 금융채로, 발행 주체와 금리 구조가 특징입니다."
BBB등급복합금리금융채,"신용등급 BBB의 복합금리 금융채로, 발행 주체와 금리 구조가 특징입니다."
BB등급복합금리금융채,"신용등급 BB의 복합금리 금융채로, 발행 주체와 금리 구조가 특징입니다."
B등급복합금리금융채,"신용등급 B의 복합금리 금융채로, 발행 주체와 금리 구조가 특징입니다."
CCC등급복합금리금융채,"신용등급 CCC의 복합금리 금융채로, 발행 주체와 금리 구조가 특징입니다."
투자등급등급복합금리금융채,"신용등급 투자등급의 복합금리 금융채로, 발행 주체와 금리 구조가 특징입니다."
투기등급등급복합금리금융채,"신용등급 투기등급의 복합금리 금융채로, 발행 주체와 금리 구조가 특징입니다."
AAA등급이표채금융채,"신용등급 AAA의 이표채 금융채로, 발행 주체와 금리 구조가 특징입니다."
AA등급이표채금융채,"신용등급 AA의 이표채 금융채로, 발행 주체와 금리 구조가 특징입니다."
A등급이표채금융채,"신용등급 A의 이표채 금융채로, 발행 주체와 금리 구조가 특징입니다."
BBB등급이표채금융채,"신용등급 BBB의 이표채 금융채로, 발행 주체와 금리 구조가 특징입니다."
BB등급이표채금융채,"신용등급 BB의 이표채 금융채로, 발행 주체와 금리 구조가 특징입니다."
B등급이표채금융채,"신용등급 B의 이표채 금융채로, 발행 주체와 금리 구조가 특징입니다."
CCC등급이표채금융채,"신용등급 CCC의 이표채 금융채로, 발행 주체와 금리 구조가 특징입니다."
투자등급등급이표채금융채,"신용등급 투자등급의 이표채 금융채로, 발행 주체와 금리 구조가 특징입니다."
투기등급등급이표채금융채,"신용등급 투기등급의 이표채 금융채로, 발행 주체와 금리 구조가 특징입니다."
AAA등급할인채금융채,"신용등급 AAA의 할인채 금융채로, 발행 주체와 금리 구조가 특징입니다."
AA등급할인채금융채,"신용등급 AA의 할인채 금융채로, 발행 주체와 금리 구조가 특징입니다."
A등급할인채금융채,"신용등급 A의 할인채 금융채로, 발행 주체와 금리 구조가 특징입니다."
BBB등급할인채금융채,"신용등급 BBB의 할인채 금융채로, 발행 주체와 금리 구조가 특징입니다."
BB등급할인채금융채,"신용등급 BB의 할인채 금융채로, 발행 주체와 금리 구조가 특징입니다."
B등급할인채금융채,"신용등급 B의 할인채 금융채로, 발행 주체와 금리 구조가 특징입니다."
CCC등급할인채금융채,"신용등급 CCC의 할인채 금융채로, 발행 주체와 금리 구조가 특징입니다."
투자등급등급할인채금융채,"신용등급 투자등급의 할인채 금융채로, 발행 주체와 금리 구조가 특징입니다."
투기등급등급할인채금융채,"신용등급 투기등급의 할인채 금융채로, 발행 주체와 금리 구조가 특징입니다."
AAA등급무이표채금융채,"신용등급 AAA의 무이표채 금융채로, 발행 주체와 금리 구조가 특징입니다."
AA등급무이표채금융채,"신용등급 AA의 무이표채 금융채로, 발행 주체와 금리 구조가 특징입니다."
A등급무이표채금융채,"신용등급 A의 무이표채 금융채로, 발행 주체와 금리 구조가 특징입니다."
BBB등급무이표채금융채,"신용등급 BBB의 무이표채 금융채로, 발행 주체와 금리 구조가 특징입니다."
BB등급무이표채금융채,"신용등급 BB의 무이표채 금융채로, 발행 주체와 금리 구조가 특징입니다."
B등급무이표채금융채,"신용등급 B의 무이표채 금융채로, 발행 주체와 금리 구조가 특징입니다."
CCC등급무이표채금융채,"신용등급 CCC의 무이표채 금융채로, 발행 주체와 금리 구조가 특징입니다."
투자등급등급무이표채금융채,"신용등급 투자등급의 무이표채 금융채로, 발행 주체와 금리 구조가 특징입니다."
투기등급등급무이표채금융채,"신용등급 투기등급의 무이표채 금융채로, 발행 주체와 금리 구조가 특징입니다."
AAA등급전환금융채,"신용등급 AAA의 전환 금융채로, 발행 주체와 금리 구조가 특징입니다."
AA등급전환금융채,"신용등급 AA의 전환 금융채로, 발행 주체와 금리 구조가 특징입니다."
A등급전환금융채,"신용등급 A의 전환 금융채로, 발행 주체와 금리 구조가 특징입니다."
BBB등급전환금융채,"신용등급 BBB의 전환 금융채로, 발행 주체와 금리 구조가 특징입니다."
BB등급전환금융채,"신용등급 BB의 전환 금융채로, 발행 주체와 금리 구조가 특징입니다."
B등급전환금융채,"신용등급 B의 전환 금융채로, 발행 주체와 금리 구조가 특징입니다."
CCC등급전환금융채,"신용등급 CCC의 전환 금융채로, 발행 주체와 금리 구조가 특징입니다."
투자등급등급전환금융채,"신용등급 투자등급의 전환 금융채로, 발행 주체와 금리 구조가 특징입니다."
투기등급등급전환금융채,"신용등급 투기등급의 전환 금융채로, 발행 주체와 금리 구조가 특징입니다."
AAA등급신주인수권부금융채,"신용등급 AAA의 신주인수권부 금융채로, 발행 주체와 금리 구조가 특징입니다."
AA등급신주인수권부금융채,"신용등급 AA의 신주인수권부 금융채로, 발행 주체와 금리 구조가 특징입니다."
A등급신주인수권부금융채,"신용등급 A의 신주인수권부 금융채로, 발행 주체와 금리 구조가 특징입니다."
BBB등급신주인수권부금융채,"신용등급 BBB의 신주인수권부 금융채로, 발행 주체와 금리 구조가 특징입니다."
BB등급신주인수권부금융채,"신용등급 BB의 신주인수권부 금융채로, 발행 주체와 금리 구조가 특징입니다."
B등급신주인수권부금융채,"신용등급 B의 신주인수권부 금융채로, 발행 주체와 금리 구조가 특징입니다."
CCC등급신주인수권부금융채,"신용등급 CCC의 신주인수권부 금융채로, 발행 주체와 금리 구조가 특징입니다."
투자등급등급신주인수권부금융채,"신용등급 투자등급의 신주인수권부 금융채로, 발행 주체와 금리 구조가 특징입니다."
투기등급등급신주인수권부금융채,"신용등급 투기등급의 신주인수권부 금융채로, 발행 주체와 금리 구조가 특징입니다."
AAA등급고정금리지방채,"신용등급 AAA의 고정금리 지방채로, 발행 주체와 금리 구조가 특징입니다."
AA등급고정금리지방채,"신용등급 AA의 고정금리 지방채로, 발행 주체와 금리 구조가 특징입니다."
A등급고정금리지방채,"신용등급 A의 고정금리 지방채로, 발행 주체와 금리 구조가 특징입니다."
BBB등급고정금리지방채,"신용등급 BBB의 고정금리 지방채로, 발행 주체와 금리 구조가 특징입니다."
BB등급고정금리지방채,"신용등급 BB의 고정금리 지방채로, 발행 주체와 금리 구조가 특징입니다."
B등급고정금리지방채,"신용등급 B의 고정금리 지방채로, 발행 주체와 금리 구조가 특징입니다."
CCC등급고정금리지방채,"신용등급 CCC의 고정금리 지방채로, 발행 주체와 금리 구조가 특징입니다."
투자등급등급고정금리지방채,"신용등급 투자등급의 고정금리 지방채로, 발행 주체와 금리 구조가 특징입니다."
투기등급등급고정금리지방채,"신용등급 투기등급의 고정금리 지방채로, 발행 주체와 금리 구조가 특징입니다."
AAA등급변동금리지방채,"신용등급 AAA의 변동금리 지방채로, 발행 주체와 금리 구조가 특징입니다."
AA등급변동금리지방채,"신용등급 AA의 변동금리 지방채로, 발행 주체와 금리 구조가 특징입니다."
A등급변동금리지방채,"신용등급 A의 변동금리 지방채로, 발행 주체와 금리 구조가 특징입니다."
BBB등급변동금리지방채,"신용등급 BBB의 변동금리 지방채로, 발행 주체와 금리 구조가 특징입니다."
BB등급변동금리지방채,"신용등급 BB의 변동금리 지방채로, 발행 주체와 금리 구조가 특징입니다."
B등급변동금리지방채,"신용등급 B의 변동금리 지방채로, 발행 주체와 금리 구조가 특징입니다."
CCC등급변동금리지방채,"신용등급 CCC의 변동금리 지방채로, 발행 주체와 금리 구조가 특징입니다."
투자등급등급변동금리지방채,"신용등급 투자등급의 변동금리 지방채로, 발행 주체와 금리 구조가 특징입니다."
투기등급등급변동금리지방채,"신용등급 투기등급의 변동금리 지방채로, 발행 주체와 금리 구조가 특징입니다."
AAA등급복합금리지방채,"신용등급 AAA의 복합금리 지방채로, 발행 주체와 금리 구조가 특징입니다."
AA등급복합금리지방채,"신용등급 AA의 복합금리 지방채로, 발행 주체와 금리 구조가 특징입니다."
A등급복합금리지방채,"신용등급 A의 복합금리 지방채로, 발행 주체와 금리 구조가 특징입니다."
BBB등급복합금리지방채,"신용등급 BBB의 복합금리 지방채로, 발행 주체와 금리 구조가 특징입니다."
BB등급복합금리지방채,"신용등급 BB의 복합금리 지방채로, 발행 주체와 금리 구조가 특징입니다."
B등급복합금리지방채,"신용등급 B의 복합금리 지방채로, 발행 주체와 금리 구조가 특징입니다."
CCC등급복합금리지방채,"신용등급 CCC의 복합금리 지방채로, 발행 주체와 금리 구조가 특징입니다."
투자등급등급복합금리지방채,"신용등급 투자등급의 복합금리 지방채로, 발행 주체와 금리 구조가 특징입니다."
투기등급등급복합금리지방채,"신용등급 투기등급의 복합금리 지방채로, 발행 주체와 금리 구조가 특징입니다."
AAA등급이표채지방채,"신용등급 AAA의 이표채 지방채로, 발행 주체와 금리 구조가 특징입니다."
AA등급이표채지방채,"신용등급 AA의 이표채 지방채로, 발행 주체와 금리 구조가 특징입니다."
A등급이표채지방채,"신용등급 A의 이표채 지방채로, 발행 주체와 금리 구조가 특징입니다."
BBB등급이표채지방채,"신용등급 BBB의 이표채 지방채로, 발행 주체와 금리 구조가 특징입니다."
BB등급이표채지방채,"신용등급 BB의 이표채 지방채로, 발행 주체와 금리 구조가 특징입니다."
B등급이표채지방채,"신용등급 B의 이표채 지방채로, 발행 주체와 금리 구조가 특징입니다."
CCC등급이표채지방채,"신용등급 CCC의 이표채 지방채로, 발행 주체와 금리 구조가 특징입니다."
투자등급등급이표채지방채,"신용등급 투자등급의 이표채 지방채로, 발행 주체와 금리 구조가 특징입니다."
투기등급등급이표채지방채,"신용등급 투기등급의 이표채 지방채로, 발행 주체와 금리 구조가 특징입니다."
AAA등급할인채지방채,"신용등급 AAA의 할인채 지방채로, 발행 주체와 금리 구조가 특징입니다."
AA등급할인채지방채,"신용등급 AA의 할인채 지방채로, 발행 주체와 금리 구조가 특징입니다."
A등급할인채지방채,"신용등급 A의 할인채 지방채로, 발행 주체와 금리 구조가 특징입니다."
BBB등급할인채지방채,"신용등급 BBB의 할인채 지방채로, 발행 주체와 금리 구조가 특징입니다."
BB등급할인채지방채,"신용등급 BB의 할인채 지방채로, 발행 주체와 금리 구조가 특징입니다."
B등급할인채지방채,"신용등급 B의 할인채 지방채로, 발행 주체와 금리 구조가 특징입니다."
CCC등급할인채지방채,"신용등급 CCC의 할인채 지방채로, 발행 주체와 금리 구조가 특징입니다."
투자등급등급할인채지방채,"신용등급 투자등급의 할인채 지방채로, 발행 주체와 금리 구조가 특징입니다."
투기등급등급할인채지방채,"신용등급 투기등급의 할인채 지방채로, 발행 주체와 금리 구조가 특징입니다."
AAA등급무이표채지방채,"신용등급 AAA의 무이표채 지방채로, 발행 주체와 금리 구조가 특징입니다."
AA등급무이표채지방채,"신용등급 AA의 무이표채 지방채로, 발행 주체와 금리 구조가 특징입니다."
A등급무이표채지방채,"신용등급 A의 무이표채 지방채로, 발행 주체와 금리 구조가 특징입니다."
BBB등급무이표채지방채,"신용등급 BBB의 무이표채 지방채로, 발행 주체와 금리 구조가 특징입니다."
BB등급무이표채지방채,"신용등급 BB의 무이표채 지방채로, 발행 주체와 금리 구조가 특징입니다."
B등급무이표채지방채,"신용등급 B의 무이표채 지방채로, 발행 주체와 금리 구조가 특징입니다."
CCC등급무이표채지방채,"신용등급 CCC의 무이표채 지방채로, 발행 주체와 금리 구조가 특징입니다."
투자등급등급무이표채지방채,"신용등급 투자등급의 무이표채 지방채로, 발행 주체와 금리 구조가 특징입니다."
투기등급등급무이표채지방채,"신용등급 투기등급의 무이표채 지방채로, 발행 주체와 금리 구조가 특징입니다."
AAA등급전환지방채,"신용등급 AAA의 전환 지방채로, 발행 주체와 금리 구조가 특징입니다."
AA등급전환지방채,"신용등급 AA의 전환 지방채로, 발행 주체와 금리 구조가 특징입니다."
A등급전환지방채,"신용등급 A의 전환 지방채로, 발행 주체와 금리 구조가 특징입니다."
BBB등급전환지방채,"신용등급 BBB의 전환 지방채로, 발행 주체와 금리 구조가 특징입니다."
BB등급전환지방채,"신용등급 BB의 전환 지방채로, 발행 주체와 금리 구조가 특징입니다."
B등급전환지방채,"신용등급 B의 전환 지방채로, 발행 주체와 금리 구조가 특징입니다."
CCC등급전환지방채,"신용등급 CCC의 전환 지방채로, 발행 주체와 금리 구조가 특징입니다."
투자등급등급전환지방채,"신용등급 투자등급의 전환 지방채로, 발행 주체와 금리 구조가 특징입니다."
투기등급등급전환지방채,"신용등급 투기등급의 전환 지방채로, 발행 주체와 금리 구조가 특징입니다."
AAA등급신주인수권부지방채,"신용등급 AAA의 신주인수권부 지방채로, 발행 주체와 금리 구조가 특징입니다."
AA등급신주인수권부지방채,"신용등급 AA의 신주인수권부 지방채로, 발행 주체와 금리 구조가 특징입니다."
A등급신주인수권부지방채,"신용등급 A의 신주인수권부 지방채로, 발행 주체와 금리 구조가 특징입니다."
BBB등급신주인수권부지방채,"신용등급 BBB의 신주인수권부 지방채로, 발행 주체와 금리 구조가 특징입니다."
BB등급신주인수권부지방채,"신용등급 BB의 신주인수권부 지방채로, 발행 주체와 금리 구조가 특징입니다."
B등급신주인수권부지방채,"신용등급 B의 신주인수권부 지방채로, 발행 주체와 금리 구조가 특징입니다."
CCC등급신주인수권부지방채,"신용등급 CCC의 신주인수권부 지방채로, 발행 주체와 금리 구조가 특징입니다."
투자등급등급신주인수권부지방채,"신용등급 투자등급의 신주인수권부 지방채로, 발행 주체와 금리 구조가 특징입니다."
투기등급등급신주인수권부지방채,"신용등급 투기등급의 신주인수권부 지방채로, 발행 주체와 금리 구조가 특징입니다."
AAA등급고정금리특수채,"신용등급 AAA의 고정금리 특수채로, 발행 주체와 금리 구조가 특징입니다."
AA등급고정금리특수채,"신용등급 AA의 고정금리 특수채로, 발행 주체와 금리 구조가 특징입니다."
A등급고정금리특수채,"신용등급 A의 고정금리 특수채로, 발행 주체와 금리 구조가 특징입니다."
BBB등급고정금리특수채,"신용등급 BBB의 고정금리 특수채로, 발행 주체와 금리 구조가 특징입니다."
BB등급고정금리특수채,"신용등급 BB의 고정금리 특수채로, 발행 주체와 금리 구조가 특징입니다."
B등급고정금리특수채,"신용등급 B의 고정금리 특수채로, 발행 주체와 금리 구조가 특징입니다."
CCC등급고정금리특수채,"신용등급 CCC의 고정금리 특수채로, 발행 주체와 금리 구조가 특징입니다."
투자등급등급고정금리특수채,"신용등급 투자등급의 고정금리 특수채로, 발행 주체와 금리 구조가 특징입니다."
투기등급등급고정금리특수채,"신용등급 투기등급의 고정금리 특수채로, 발행 주체와 금리 구조가 특징입니다."
AAA등급변동금리특수채,"신용등급 AAA의 변동금리 특수채로, 발행 주체와 금리 구조가 특징입니다."
AA등급변동금리특수채,"신용등급 AA의 변동금리 특수채로, 발행 주체와 금리 구조가 특징입니다."
A등급변동금리특수채,"신용등급 A의 변동금리 특수채로, 발행 주체와 금리 구조가 특징입니다."
BBB등급변동금리특수채,"신용등급 BBB의 변동금리 특수채로, 발행 주체와 금리 구조가 특징입니다."
BB등급변동금리특수채,"신용등급 BB의 변동금리 특수채로, 발행 주체와 금리 구조가 특징입니다."
B등급변동금리특수채,"신용등급 B의 변동금리 특수채로, 발행 주체와 금리 구조가 특징입니다."
CCC등급변동금리특수채,"신용등급 CCC의 변동금리 특수채로, 발행 주체와 금리 구조가 특징입니다."
투자등급등급변동금리특수채,"신용등급 투자등급의 변동금리 특수채로, 발행 주체와 금리 구조가 특징입니다."
투기등급등급변동금리특수채,"신용등급 투기등급의 변동금리 특수채로, 발행 주체와 금리 구조가 특징입니다."
AAA등급복합금리특수채,"신용등급 AAA의 복합금리 특수채로, 발행 주체와 금리 구조가 특징입니다."
AA등급복합금리특수채,"신용등급 AA의 복합금리 특수채로, 발행 주체와 금리 구조가 특징입니다."
A등급복합금리특수채,"신용등급 A의 복합금리 특수채로, 발행 주체와 금리 구조가 특징입니다."
BBB등급복합금리특수채,"신용등급 BBB의 복합금리 특수채로, 발행 주체와 금리 구조가 특징입니다."
BB등급복합금리특수채,"신용등급 BB의 복합금리 특수채로, 발행 주체와 금리 구조가 특징입니다."
B등급복합금리특수채,"신용등급 B의 복합금리 특수채로, 발행 주체와 금리 구조가 특징입니다."
CCC등급복합금리특수채,"신용등급 CCC의 복합금리 특수채로, 발행 주체와 금리 구조가 특징입니다."
투자등급등급복합금리특수채,"신용등급 투자등급의 복합금리 특수채로, 발행 주체와 금리 구조가 특징입니다."
투기등급등급복합금리특수채,"신용등급 투기등급의 복합금리 특수채로, 발행 주체와 금리 구조가 특징입니다."
AAA등급이표채특수채,"신용등급 AAA의 이표채 특수채로, 발행 주체와 금리 구조가 특징입니다."
AA등급이표채특수채,"신용등급 AA의 이표채 특수채로, 발행 주체와 금리 구조가 특징입니다."
A등급이표채특수채,"신용등급 A의 이표채 특수채로, 발행 주체와 금리 구조가 특징입니다."
BBB등급이표채특수채,"신용등급 BBB의 이표채 특수채로, 발행 주체와 금리 구조가 특징입니다."
BB등급이표채특수채,"신용등급 BB의 이표채 특수채로, 발행 주체와 금리 구조가 특징입니다."
B등급이표채특수채,"신용등급 B의 이표채 특수채로, 발행 주체와 금리 구조가 특징입니다."
CCC등급이표채특수채,"신용등급 CCC의 이표채 특수채로, 발행 주체와 금리 구조가 특징입니다."
투자등급등급이표채특수채,"신용등급 투자등급의 이표채 특수채로, 발행 주체와 금리 구조가 특징입니다."
투기등급등급이표채특수채,"신용등급 투기등급의 이표채 특수채로, 발행 주체와 금리 구조가 특징입니다."
AAA등급할인채특수채,"신용등급 AAA의 할인채 특수채로, 발행 주체와 금리 구조가 특징입니다."
AA등급할인채특수채,"신용등급 AA의 할인채 특수채로, 발행 주체와 금리 구조가 특징입니다."
A등급할인채특수채,"신용등급 A의 할인채 특수채로, 발행 주체와 금리 구조가 특징입니다."
BBB등급할인채특수채,"신용등급 BBB의 할인채 특수채로, 발행 주체와 금리 구조가 특징입니다."
BB등급할인채특수채,"신용등급 BB의 할인채 특수채로, 발행 주체와 금리 구조가 특징입니다."
B등급할인채특수채,"신용등급 B의 할인채 특수채로, 발행 주체와 금리 구조가 특징입니다."
CCC등급할인채특수채,"신용등급 CCC의 할인채 특수채로, 발행 주체와 금리 구조가 특징입니다."
투자등급등급할인채특수채,"신용등급 투자등급의 할인채 특수채로, 발행 주체와 금리 구조가 특징입니다."
투기등급등급할인채특수채,"신용등급 투기등급의 할인채 특수채로, 발행 주체와 금리 구조가 특징입니다."
AAA등급무이표채특수채,"신용등급 AAA의 무이표채 특수채로, 발행 주체와 금리 구조가 특징입니다."
AA등급무이표채특수채,"신용등급 AA의 무이표채 특수채로, 발행 주체와 금리 구조가 특징입니다."
A등급무이표채특수채,"신용등급 A의 무이표채 특수채로, 발행 주체와 금리 구조가 특징입니다."
BBB등급무이표채특수채,"신용등급 BBB의 무이표채 특수채로, 발행 주체와 금리 구조가 특징입니다."
BB등급무이표채특수채,"신용등급 BB의 무이표채 특수채로, 발행 주체와 금리 구조가 특징입니다."
B등급무이표채특수채,"신용등급 B의 무이표채 특수채로, 발행 주체와 금리 구조가 특징입니다."
CCC등급무이표채특수채,"신용등급 CCC의 무이표채 특수채로, 발행 주체와 금리 구조가 특징입니다."
투자등급등급무이표채특수채,"신용등급 투자등급의 무이표채 특수채로, 발행 주체와 금리 구조가 특징입니다."
투기등급등급무이표채특수채,"신용등급 투기등급의 무이표채 특수채로, 발행 주체와 금리 구조가 특징입니다."
AAA등급전환특수채,"신용등급 AAA의 전환 특수채로, 발행 주체와 금리 구조가 특징입니다."
AA등급전환특수채,"신용등급 AA의 전환 특수채로, 발행 주체와 금리 구조가 특징입니다."
A등급전환특수채,"신용등급 A의 전환 특수채로, 발행 주체와 금리 구조가 특징입니다."
BBB등급전환특수채,"신용등급 BBB의 전환 특수채로, 발행 주체와 금리 구조가 특징입니다."
BB등급전환특수채,"신용등급 BB의 전환 특수채로, 발행 주체와 금리 구조가 특징입니다."
B등급전환특수채,"신용등급 B의 전환 특수채로, 발행 주체와 금리 구조가 특징입니다."
CCC등급전환특수채,"신용등급 CCC의 전환 특수채로, 발행 주체와 금리 구조가 특징입니다."
투자등급등급전환특수채,"신용등급 투자등급의 전환 특수채로, 발행 주체와 금리 구조가 특징입니다."
투기등급등급전환특수채,"신용등급 투기등급의 전환 특수채로, 발행 주체와 금리 구조가 특징입니다."
AAA등급신주인수권부특수채,"신용등급 AAA의 신주인수권부 특수채로, 발행 주체와 금리 구조가 특징입니다."
AA등급신주인수권부특수채,"신용등급 AA의 신주인수권부 특수채로, 발행 주체와 금리 구조가 특징입니다."
A등급신주인수권부특수채,"신용등급 A의 신주인수권부 특수채로, 발행 주체와 금리 구조가 특징입니다."
BBB등급신주인수권부특수채,"신용등급 BBB의 신주인수권부 특수채로, 발행 주체와 금리 구조가 특징입니다."
BB등급신주인수권부특수채,"신용등급 BB의 신주인수권부 특수채로, 발행 주체와 금리 구조가 특징입니다."
B등급신주인수권부특수채,"신용등급 B의 신주인수권부 특수채로, 발행 주체와 금리 구조가 특징입니다."
CCC등급신주인수권부특수채,"신용등급 CCC의 신주인수권부 특수채로, 발행 주체와 금리 구조가 특징입니다."
투자등급등급신주인수권부특수채,"신용등급 투자등급의 신주인수권부 특수채로, 발행 주체와 금리 구조가 특징입니다."
투기등급등급신주인수권부특수채,"신용등급 투기등급의 신주인수권부 특수채로, 발행 주체와 금리 구조가 특징입니다."
AAA등급고정금리외국채,"신용등급 AAA의 고정금리 외국채로, 발행 주체와 금리 구조가 특징입니다."
AA등급고정금리외국채,"신용등급 AA의 고정금리 외국채로, 발행 주체와 금리 구조가 특징입니다."
A등급고정금리외국채,"신용등급 A의 고정금리 외국채로, 발행 주체와 금리 구조가 특징입니다."
BBB등급고정금리외국채,"신용등급 BBB의 고정금리 외국채로, 발행 주체와 금리 구조가 특징입니다."
BB등급고정금리외국채,"신용등급 BB의 고정금리 외국채로, 발행 주체와 금리 구조가 특징입니다."
B등급고정금리외국채,"신용등급 B의 고정금리 외국채로, 발행 주체와 금리 구조가 특징입니다."
CCC등급고정금리외국채,"신용등급 CCC의 고정금리 외국채로, 발행 주체와 금리 구조가 특징입니다."
투자등급등급고정금리외국채,"신용등급 투자등급의 고정금리 외국채로, 발행 주체와 금리 구조가 특징입니다."
투기등급등급고정금리외국채,"신용등급 투기등급의 고정금리 외국채로, 발행 주체와 금리 구조가 특징입니다."
AAA등급변동금리외국채,"신용등급 AAA의 변동금리 외국채로, 발행 주체와 금리 구조가 특징입니다."
AA등급변동금리외국채,"신용등급 AA의 변동금리 외국채로, 발행 주체와 금리 구조가 특징입니다."
A등급변동금리외국채,"신용등급 A의 변동금리 외국채로, 발행 주체와 금리 구조가 특징입니다."
BBB등급변동금리외국채,"신용등급 BBB의 변동금리 외국채로, 발행 주체와 금리 구조가 특징입니다."
BB등급변동금리외국채,"신용등급 BB의 변동금리 외국채로, 발행 주체와 금리 구조가 특징입니다."
B등급변동금리외국채,"신용등급 B의 변동금리 외국채로, 발행 주체와 금리 구조가 특징입니다."
CCC등급변동금리외국채,"신용등급 CCC의 변동금리 외국채로, 발행 주체와 금리 구조가 특징입니다."
투자등급등급변동금리외국채,"신용등급 투자등급의 변동금리 외국채로, 발행 주체와 금리 구조가 특징입니다."
투기등급등급변동금리외국채,"신용등급 투기등급의 변동금리 외국채로, 발행 주체와 금리 구조가 특징입니다."
AAA등급복합금리외국채,"신용등급 AAA의 복합금리 외국채로, 발행 주체와 금리 구조가 특징입니다."
AA등급복합금리외국채,"신용등급 AA의 복합금리 외국채로, 발행 주체와 금리 구조가 특징입니다."
A등급복합금리외국채,"신용등급 A의 복합금리 외국채로, 발행 주체와 금리 구조가 특징입니다."
BBB등급복합금리외국채,"신용등급 BBB의 복합금리 외국채로, 발행 주체와 금리 구조가 특징입니다."
BB등급복합금리외국채,"신용등급 BB의 복합금리 외국채로, 발행 주체와 금리 구조가 특징입니다."
B등급복합금리외국채,"신용등급 B의 복합금리 외국채로, 발행 주체와 금리 구조가 특징입니다."
CCC등급복합금리외국채,"신용등급 CCC의 복합금리 외국채로, 발행 주체와 금리 구조가 특징입니다."
투자등급등급복합금리외국채,"신용등급 투자등급의 복합금리 외국채로, 발행 주체와 금리 구조가 특징입니다."
투기등급등급복합금리외국채,"신용등급 투기등급의 복합금리 외국채로, 발행 주체와 금리 구조가 특징입니다."
AAA등급이표채외국채,"신용등급 AAA의 이표채 외국채로, 발행 주체와 금리 구조가 특징입니다."
AA등급이표채외국채,"신용등급 AA의 이표채 외국채로, 발행 주체와 금리 구조가 특징입니다."
A등급이표채외국채,"신용등급 A의 이표채 외국채로, 발행 주체와 금리 구조가 특징입니다."
BBB등급이표채외국채,"신용등급 BBB의 이표채 외국채로, 발행 주체와 금리 구조가 특징입니다."
BB등급이표채외국채,"신용등급 BB의 이표채 외국채로, 발행 주체와 금리 구조가 특징입니다."
B등급이표채외국채,"신용등급 B의 이표채 외국채로, 발행 주체와 금리 구조가 특징입니다."
CCC등급이표채외국채,"신용등급 CCC의 이표채 외국채로, 발행 주체와 금리 구조가 특징입니다."
투자등급등급이표채외국채,"신용등급 투자등급의 이표채 외국채로, 발행 주체와 금리 구조가 특징입니다."
투기등급등급이표채외국채,"신용등급 투기등급의 이표채 외국채로, 발행 주체와 금리 구조가 특징입니다."
AAA등급할인채외국채,"신용등급 AAA의 할인채 외국채로, 발행 주체와 금리 구조가 특징입니다."
AA등급할인채외국채,"신용등급 AA의 할인채 외국채로, 발행 주체와 금리 구조가 특징입니다."
A등급할인채외국채,"신용등급 A의 할인채 외국채로, 발행 주체와 금리 구조가 특징입니다."
BBB등급할인채외국채,"신용등급 BBB의 할인채 외국채로, 발행 주체와 금리 구조가 특징입니다."
BB등급할인채외국채,"신용등급 BB의 할인채 외국채로, 발행 주체와 금리 구조가 특징입니다."
B등급할인채외국채,"신용등급 B의 할인채 외국채로, 발행 주체와 금리 구조가 특징입니다."
CCC등급할인채외국채,"신용등급 CCC의 할인채 외국채로, 발행 주체와 금리 구조가 특징입니다."
투자등급등급할인채외국채,"신용등급 투자등급의 할인채 외국채로, 발행 주체와 금리 구조가 특징입니다."
투기등급등급할인채외국채,"신용등급 투기등급의 할인채 외국채로, 발행 주체와 금리 구조가 특징입니다."
AAA등급무이표채외국채,"신용등급 AAA의 무이표채 외국채로, 발행 주체와 금리 구조가 특징입니다."
AA등급무이표채외국채,"신용등급 AA의 무이표채 외국채로, 발행 주체와 금리 구조가 특징입니다."
A등급무이표채외국채,"신용등급 A의 무이표채 외국채로, 발행 주체와 금리 구조가 특징입니다."
BBB등급무이표채외국채,"신용등급 BBB의 무이표채 외국채로, 발행 주체와 금리 구조가 특징입니다."
BB등급무이표채외국채,"신용등급 BB의 무이표채 외국채로, 발행 주체와 금리 구조가 특징입니다."
B등급무이표채외국채,"신용등급 B의 무이표채 외국채로, 발행 주체와 금리 구조가 특징입니다."
CCC등급무이표채외국채,"신용등급 CCC의 무이표채 외국채로, 발행 주체와 금리 구조가 특징입니다."
투자등급등급무이표채외국채,"신용등급 투자등급의 무이표채 외국채로, 발행 주체와 금리 구조가 특징입니다."
투기등급등급무이표채외국채,"신용등급 투기등급의 무이표채 외국채로, 발행 주체와 금리 구조가 특징입니다."
AAA등급전환외국채,"신용등급 AAA의 전환 외국채로, 발행 주체와 금리 구조가 특징입니다."
AA등급전환외국채,"신용등급 AA의 전환 외국채로, 발행 주체와 금리 구조가 특징입니다."
A등급전환외국채,"신용등급 A의 전환 외국채로, 발행 주체와 금리 구조가 특징입니다."
BBB등급전환외국채,"신용등급 BBB의 전환 외국채로, 발행 주체와 금리 구조가 특징입니다."
BB등급전환외국채,"신용등급 BB의 전환 외국채로, 발행 주체와 금리 구조가 특징입니다."
B등급전환외국채,"신용등급 B의 전환 외국채로, 발행 주체와 금리 구조가 특징입니다."
CCC등급전환외국채,"신용등급 CCC의 전환 외국채로, 발행 주체와 금리 구조가 특징입니다."
투자등급등급전환외국채,"신용등급 투자등급의 전환 외국채로, 발행 주체와 금리 구조가 특징입니다."
투기등급등급전환외국채,"신용등급 투기등급의 전환 외국채로, 발행 주체와 금리 구조가 특징입니다."
AAA등급신주인수권부외국채,"신용등급 AAA의 신주인수권부 외국채로, 발행 주체와 금리 구조가 특징입니다."
AA등급신주인수권부외국채,"신용등급 AA의 신주인수권부 외국채로, 발행 주체와 금리 구조가 특징입니다."
A등급신주인수권부외국채,"신용등급 A의 신주인수권부 외국채로, 발행 주체와 금리 구조가 특징입니다."
BBB등급신주인수권부외국채,"신용등급 BBB의 신주인수권부 외국채로, 발행 주체와 금리 구조가 특징입니다."
BB등급신주인수권부외국채,"신용등급 BB의 신주인수권부 외국채로, 발행 주체와 금리 구조가 특징입니다."
B등급신주인수권부외국채,"신용등급 B의 신주인수권부 외국채로, 발행 주체와 금리 구조가 특징입니다."
CCC등급신주인수권부외국채,"신용등급 CCC의 신주인수권부 외국채로, 발행 주체와 금리 구조가 특징입니다."
투자등급등급신주인수권부외국채,"신용등급 투자등급의 신주인수권부 외국채로, 발행 주체와 금리 구조가 특징입니다."
투기등급등급신주인수권부외국채,"신용등급 투기등급의 신주인수권부 외국채로, 발행 주체와 금리 구조가 특징입니다."
AAA등급고정금리국제채,"신용등급 AAA의 고정금리 국제채로, 발행 주체와 금리 구조가 특징입니다."
AA등급고정금리국제채,"신용등급 AA의 고정금리 국제채로, 발행 주체와 금리 구조가 특징입니다."
A등급고정금리국제채,"신용등급 A의 고정금리 국제채로, 발행 주체와 금리 구조가 특징입니다."
BBB등급고정금리국제채,"신용등급 BBB의 고정금리 국제채로, 발행 주체와 금리 구조가 특징입니다."
BB등급고정금리국제채,"신용등급 BB의 고정금리 국제채로, 발행 주체와 금리 구조가 특징입니다."
B등급고정금리국제채,"신용등급 B의 고정금리 국제채로, 발행 주체와 금리 구조가 특징입니다."
CCC등급고정금리국제채,"신용등급 CCC의 고정금리 국제채로, 발행 주체와 금리 구조가 특징입니다."
투자등급등급고정금리국제채,"신용등급 투자등급의 고정금리 국제채로, 발행 주체와 금리 구조가 특징입니다."
투기등급등급고정금리국제채,"신용등급 투기등급의 고정금리 국제채로, 발행 주체와 금리 구조가 특징입니다."
AAA등급변동금리국제채,"신용등급 AAA의 변동금리 국제채로, 발행 주체와 금리 구조가 특징입니다."
AA등급변동금리국제채,"신용등급 AA의 변동금리 국제채로, 발행 주체와 금리 구조가 특징입니다."
A등급변동금리국제채,"신용등급 A의 변동금리 국제채로, 발행 주체와 금리 구조가 특징입니다."
BBB등급변동금리국제채,"신용등급 BBB의 변동금리 국제채로, 발행 주체와 금리 구조가 특징입니다."
BB등급변동금리국제채,"신용등급 BB의 변동금리 국제채로, 발행 주체와 금리 구조가 특징입니다."
B등급변동금리국제채,"신용등급 B의 변동금리 국제채로, 발행 주체와 금리 구조가 특징입니다."
CCC등급변동금리국제채,"신용등급 CCC의 변동금리 국제채로, 발행 주체와 금리 구조가 특징입니다."
투자등급등급변동금리국제채,"신용등급 투자등급의 변동금리 국제채로, 발행 주체와 금리 구조가 특징입니다."
투기등급등급변동금리국제채,"신용등급 투기등급의 변동금리 국제채로, 발행 주체와 금리 구조가 특징입니다."
AAA등급복합금리국제채,"신용등급 AAA의 복합금리 국제채로, 발행 주체와 금리 구조가 특징입니다."
AA등급복합금리국제채,"신용등급 AA의 복합금리 국제채로, 발행 주체와 금리 구조가 특징입니다."
A등급복합금리국제채,"신용등급 A의 복합금리 국제채로, 발행 주체와 금리 구조가 특징입니다."
BBB등급복합금리국제채,"신용등급 BBB의 복합금리 국제채로, 발행 주체와 금리 구조가 특징입니다."
BB등급복합금리국제채,"신용등급 BB의 복합금리 국제채로, 발행 주체와 금리 구조가 특징입니다."
B등급복합금리국제채,"신용등급 B의 복합금리 국제채로, 발행 주체와 금리 구조가 특징입니다."
CCC등급복합금리국제채,"신용등급 CCC의 복합금리 국제채로, 발행 주체와 금리 구조가 특징입니다."
투자등급등급복합금리국제채,"신용등급 투자등급의 복합금리 국제채로, 발행 주체와 금리 구조가 특징입니다."
투기등급등급복합금리국제채,"신용등급 투기등급의 복합금리 국제채로, 발행 주체와 금리 구조가 특징입니다."
AAA등급이표채국제채,"신용등급 AAA의 이표채 국제채로, 발행 주체와 금리 구조가 특징입니다."
AA등급이표채국제채,"신용등급 AA의 이표채 국제채로, 발행 주체와 금리 구조가 특징입니다."
A등급이표채국제채,"신용등급 A의 이표채 국제채로, 발행 주체와 금리 구조가 특징입니다."
BBB등급이표채국제채,"신용등급 BBB의 이표채 국제채로, 발행 주체와 금리 구조가 특징입니다."
BB등급이표채국제채,"신용등급 BB의 이표채 국제채로, 발행 주체와 금리 구조가 특징입니다."
B등급이표채국제채,"신용등급 B의 이표채 국제채로, 발행 주체와 금리 구조가 특징입니다."
CCC등급이표채국제채,"신용등급 CCC의 이표채 국제채로, 발행 주체와 금리 구조가 특징입니다."
투자등급등급이표채국제채,"신용등급 투자등급의 이표채 국제채로, 발행 주체와 금리 구조가 특징입니다."
투기등급등급이표채국제채,"신용등급 투기등급의 이표채 국제채로, 발행 주체와 금리 구조가 특징입니다."
AAA등급할인채국제채,"신용등급 AAA의 할인채 국제채로, 발행 주체와 금리 구조가 특징입니다."
AA등급할인채국제채,"신용등급 AA의 할인채 국제채로, 발행 주체와 금리 구조가 특징입니다."
A등급할인채국제채,"신용등급 A의 할인채 국제채로, 발행 주체와 금리 구조가 특징입니다."
BBB등급할인채국제채,"신용등급 BBB의 할인채 국제채로, 발행 주체와 금리 구조가 특징입니다."
BB등급할인채국제채,"신용등급 BB의 할인채 국제채로, 발행 주체와 금리 구조가 특징입니다."
B등급할인채국제채,"신용등급 B의 할인채 국제채로, 발행 주체와 금리 구조가 특징입니다."
CCC등급할인채국제채,"신용등급 CCC의 할인채 국제채로, 발행 주체와 금리 구조가 특징입니다."
투자등급등급할인채국제채,"신용등급 투자등급의 할인채 국제채로, 발행 주체와 금리 구조가 특징입니다."
투기등급등급할인채국제채,"신용등급 투기등급의 할인채 국제채로, 발행 주체와 금리 구조가 특징입니다."
AAA등급무이표채국제채,"신용등급 AAA의 무이표채 국제채로, 발행 주체와 금리 구조가 특징입니다."
AA등급무이표채국제채,"신용등급 AA의 무이표채 국제채로, 발행 주체와 금리 구조가 특징입니다."
A등급무이표채국제채,"신용등급 A의 무이표채 국제채로, 발행 주체와 금리 구조가 특징입니다."
BBB등급무이표채국제채,"신용등급 BBB의 무이표채 국제채로, 발행 주체와 금리 구조가 특징입니다."
BB등급무이표채국제채,"신용등급 BB의 무이표채 국제채로, 발행 주체와 금리 구조가 특징입니다."
B등급무이표채국제채,"신용등급 B의 무이표채 국제채로, 발행 주체와 금리 구조가 특징입니다."
CCC등급무이표채국제채,"신용등급 CCC의 무이표채 국제채로, 발행 주체와 금리 구조가 특징입니다."
투자등급등급무이표채국제채,"신용등급 투자등급의 무이표채 국제채로, 발행 주체와 금리 구조가 특징입니다."
투기등급등급무이표채국제채,"신용등급 투기등급의 무이표채 국제채로, 발행 주체와 금리 구조가 특징입니다."
AAA등급전환국제채,"신용등급 AAA의 전환 국제채로, 발행 주체와 금리 구조가 특징입니다."
AA등급전환국제채,"신용등급 AA의 전환 국제채로, 발행 주체와 금리 구조가 특징입니다."
A등급전환국제채,"신용등급 A의 전환 국제채로, 발행 주체와 금리 구조가 특징입니다."
BBB등급전환국제채,"신용등급 BBB의 전환 국제채로, 발행 주체와 금리 구조가 특징입니다."
BB등급전환국제채,"신용등급 BB의 전환 국제채로, 발행 주체와 금리 구조가 특징입니다."
B등급전환국제채,"신용등급 B의 전환 국제채로, 발행 주체와 금리 구조가 특징입니다."
CCC등급전환국제채,"신용등급 CCC의 전환 국제채로, 발행 주체와 금리 구조가 특징입니다."
투자등급등급전환국제채,"신용등급 투자등급의 전환 국제채로, 발행 주체와 금리 구조가 특징입니다."
투기등급등급전환국제채,"신용등급 투기등급의 전환 국제채로, 발행 주체와 금리 구조가 특징입니다."
AAA등급신주인수권부국제채,"신용등급 AAA의 신주인수권부 국제채로, 발행 주체와 금리 구조가 특징입니다."
AA등급신주인수권부국제채,"신용등급 AA의 신주인수권부 국제채로, 발행 주체와 금리 구조가 특징입니다."
A등급신주인수권부국제채,"신용등급 A의 신주인수권부 국제채로, 발행 주체와 금리 구조가 특징입니다."
BBB등급신주인수권부국제채,"신용등급 BBB의 신주인수권부 국제채로, 발행 주체와 금리 구조가 특징입니다."
BB등급신주인수권부국제채,"신용등급 BB의 신주인수권부 국제채로, 발행 주체와 금리 구조가 특징입니다."
B등급신주인수권부국제채,"신용등급 B의 신주인수권부 국제채로, 발행 주체와 금리 구조가 특징입니다."
CCC등급신주인수권부국제채,"신용등급 CCC의 신주인수권부 국제채로, 발행 주체와 금리 구조가 특징입니다."
투자등급등급신주인수권부국제채,"신용등급 투자등급의 신주인수권부 국제채로, 발행 주체와 금리 구조가 특징입니다."
투기등급등급신주인수권부국제채,"신용등급 투기등급의 신주인수권부 국제채로, 발행 주체와 금리 구조가 특징입니다."
AAA등급고정금리통안채,"신용등급 AAA의 고정금리 통안채로, 발행 주체와 금리 구조가 특징입니다."
AA등급고정금리통안채,"신용등급 AA의 고정금리 통안채로, 발행 주체와 금리 구조가 특징입니다."
A등급고정금리통안채,"신용등급 A의 고정금리 통안채로, 발행 주체와 금리 구조가 특징입니다."
BBB등급고정금리통안채,"신용등급 BBB의 고정금리 통안채로, 발행 주체와 금리 구조가 특징입니다."
BB등급고정금리통안채,"신용등급 BB의 고정금리 통안채로, 발행 주체와 금리 구조가 특징입니다."
B등급고정금리통안채,"신용등급 B의 고정금리 통안채로, 발행 주체와 금리 구조가 특징입니다."
CCC등급고정금리통안채,"신용등급 CCC의 고정금리 통안채로, 발행 주체와 금리 구조가 특징입니다."
투자등급등급고정금리통안채,"신용등급 투자등급의 고정금리 통안채로, 발행 주체와 금리 구조가 특징입니다."
투기등급등급고정금리통안채,"신용등급 투기등급의 고정금리 통안채로, 발행 주체와 금리 구조가 특징입니다."
AAA등급변동금리통안채,"신용등급 AAA의 변동금리 통안채로, 발행 주체와 금리 구조가 특징입니다."
AA등급변동금리통안채,"신용등급 AA의 변동금리 통안채로, 발행 주체와 금리 구조가 특징입니다."
A등급변동금리통안채,"신용등급 A의 변동금리 통안채로, 발행 주체와 금리 구조가 특징입니다."
BBB등급변동금리통안채,"신용등급 BBB의 변동금리 통안채로, 발행 주체와 금리 구조가 특징입니다."
BB등급변동금리통안채,"신용등급 BB의 변동금리 통안채로, 발행 주체와 금리 구조가 특징입니다."
B등급변동금리통안채,"신용등급 B의 변동금리 통안채로, 발행 주체와 금리 구조가 특징입니다."
CCC등급변동금리통안채,"신용등급 CCC의 변동금리 통안채로, 발행 주체와 금리 구조가 특징입니다."
투자등급등급변동금리통안채,"신용등급 투자등급의 변동금리 통안채로, 발행 주체와 금리 구조가 특징입니다."
투기등급등급변동금리통안채,"신용등급 투기등급의 변동금리 통안채로, 발행 주체와 금리 구조가 특징입니다."
AAA등급복합금리통안채,"신용등급 AAA의 복합금리 통안채로, 발행 주체와 금리 구조가 특징입니다."
AA등급복합금리통안채,"신용등급 AA의 복합금리 통안채로, 발행 주체와 금리 구조가 특징입니다."
A등급복합금리통안채,"신용등급 A의 복합금리 통안채로, 발행 주체와 금리 구조가 특징입니다."
BBB등급복합금리통안채,"신용등급 BBB의 복합금리 통안채로, 발행 주체와 금리 구조가 특징입니다."
BB등급복합금리통안채,"신용등급 BB의 복합금리 통안채로, 발행 주체와 금리 구조가 특징입니다."
B등급복합금리통안채,"신용등급 B의 복합금리 통안채로, 발행 주체와 금리 구조가 특징입니다."
CCC등급복합금리통안채,"신용등급 CCC의 복합금리 통안채로, 발행 주체와 금리 구조가 특징입니다."
투자등급등급복합금리통안채,"신용등급 투자등급의 복합금리 통안채로, 발행 주체와 금리 구조가 특징입니다."
투기등급등급복합금리통안채,"신용등급 투기등급의 복합금리 통안채로, 발행 주체와 금리 구조가 특징입니다."
AAA등급이표채통안채,"신용등급 AAA의 이표채 통안채로, 발행 주체와 금리 구조가 특징입니다."
AA등급이표채통안채,"신용등급 AA의 이표채 통안채로, 발행 주체와 금리 구조가 특징입니다."
A등급이표채통안채,"신용등급 A의 이표채 통안채로, 발행 주체와 금리 구조가 특징입니다."
BBB등급이표채통안채,"신용등급 BBB의 이표채 통안채로, 발행 주체와 금리 구조가 특징입니다."
BB등급이표채통안채,"신용등급 BB의 이표채 통안채로, 발행 주체와 금리 구조가 특징입니다."
B등급이표채통안채,"신용등급 B의 이표채 통안채로, 발행 주체와 금리 구조가 특징입니다."
CCC등급이표채통안채,"신용등급 CCC의 이표채 통안채로, 발행 주체와 금리 구조가 특징입니다."
투자등급등급이표채통안채,"신용등급 투자등급의 이표채 통안채로, 발행 주체와 금리 구조가 특징입니다."
투기등급등급이표채통안채,"신용등급 투기등급의 이표채 통안채로, 발행 주체와 금리 구조가 특징입니다."
AAA등급할인채통안채,"신용등급 AAA의 할인채 통안채로, 발행 주체와 금리 구조가 특징입니다."
AA등급할인채통안채,"신용등급 AA의 할인채 통안채로, 발행 주체와 금리 구조가 특징입니다."
A등급할인채통안채,"신용등급 A의 할인채 통안채로, 발행 주체와 금리 구조가 특징입니다."
BBB등급할인채통안채,"신용등급 BBB의 할인채 통안채로, 발행 주체와 금리 구조가 특징입니다."
BB등급할인채통안채,"신용등급 BB의 할인채 통안채로, 발행 주체와 금리 구조가 특징입니다."
B등급할인채통안채,"신용등급 B의 할인채 통안채로, 발행 주체와 금리 구조가 특징입니다."
CCC등급할인채통안채,"신용등급 CCC의 할인채 통안채로, 발행 주체와 금리 구조가 특징입니다."
투자등급등급할인채통안채,"신용등급 투자등급의 할인채 통안채로, 발행 주체와 금리 구조가 특징입니다."
투기등급등급할인채통안채,"신용등급 투기등급의 할인채 통안채로, 발행 주체와 금리 구조가 특징입니다."
AAA등급무이표채통안채,"신용등급 AAA의 무이표채 통안채로, 발행 주체와 금리 구조가 특징입니다."
AA등급무이표채통안채,"신용등급 AA의 무이표채 통안채로, 발행 주체와 금리 구조가 특징입니다."
A등급무이표채통안채,"신용등급 A의 무이표채 통안채로, 발행 주체와 금리 구조가 특징입니다."
BBB등급무이표채통안채,"신용등급 BBB의 무이표채 통안채로, 발행 주체와 금리 구조가 특징입니다."
BB등급무이표채통안채,"신용등급 BB의 무이표채 통안채로, 발행 주체와 금리 구조가 특징입니다."
B등급무이표채통안채,"신용등급 B의 무이표채 통안채로, 발행 주체와 금리 구조가 특징입니다."
CCC등급무이표채통안채,"신용등급 CCC의 무이표채 통안채로, 발행 주체와 금리 구조가 특징입니다."
투자등급등급무이표채통안채,"신용등급 투자등급의 무이표채 통안채로, 발행 주체와 금리 구조가 특징입니다."
투기등급등급무이표채통안채,"신용등급 투기등급의 무이표채 통안채로, 발행 주체와 금리 구조가 특징입니다."
AAA등급전환통안채,"신용등급 AAA의 전환 통안채로, 발행 주체와 금리 구조가 특징입니다."
AA등급전환통안채,"신용등급 AA의 전환 통안채로, 발행 주체와 금리 구조가 특징입니다."
A등급전환통안채,"신용등급 A의 전환 통안채로, 발행 주체와 금리 구조가 특징입니다."
BBB등급전환통안채,"신용등급 BBB의 전환 통안채로, 발행 주체와 금리 구조가 특징입니다."
BB등급전환통안채,"신용등급 BB의 전환 통안채로, 발행 주체와 금리 구조가 특징입니다."
B등급전환통안채,"신용등급 B의 전환 통안채로, 발행 주체와 금리 구조가 특징입니다."
CCC등급전환통안채,"신용등급 CCC의 전환 통안채로, 발행 주체와 금리 구조가 특징입니다."
투자등급등급전환통안채,"신용등급 투자등급의 전환 통안채로, 발행 주체와 금리 구조가 특징입니다."
투기등급등급전환통안채,"신용등급 투기등급의 전환 통안채로, 발행 주체와 금리 구조가 특징입니다."
AAA등급신주인수권부통안채,"신용등급 AAA의 신주인수권부 통안채로, 발행 주체와 금리 구조가 특징입니다."
AA등급신주인수권부통안채,"신용등급 AA의 신주인수권부 통안채로, 발행 주체와 금리 구조가 특징입니다."
A등급신주인수권부통안채,"신용등급 A의 신주인수권부 통안채로, 발행 주체와 금리 구조가 특징입니다."
BBB등급신주인수권부통안채,"신용등급 BBB의 신주인수권부 통안채로, 발행 주체와 금리 구조가 특징입니다."
BB등급신주인수권부통안채,"신용등급 BB의 신주인수권부 통안채로, 발행 주체와 금리 구조가 특징입니다."
B등급신주인수권부통안채,"신용등급 B의 신주인수권부 통안채로, 발행 주체와 금리 구조가 특징입니다."
CCC등급신주인수권부통안채,"신용등급 CCC의 신주인수권부 통안채로, 발행 주체와 금리 구조가 특징입니다."
투자등급등급신주인수권부통안채,"신용등급 투자등급의 신주인수권부 통안채로, 발행 주체와 금리 구조가 특징입니다."
투기등급등급신주인수권부통안채,"신용등급 투기등급의 신주인수권부 통안채로, 발행 주체와 금리 구조가 특징입니다."
국내대형주주식형펀드,"국내 시장의 대형주에 투자하는 주식형 펀드로, 분산 투자 효과를 제공합니다."
국내중형주주식형펀드,"국내 시장의 중형주에 투자하는 주식형 펀드로, 분산 투자 효과를 제공합니다."
국내소형주주식형펀드,"국내 시장의 소형주에 투자하는 주식형 펀드로, 분산 투자 효과를 제공합니다."
국내전체주식형펀드,"국내 시장의 전체에 투자하는 주식형 펀드로, 분산 투자 효과를 제공합니다."
국내성장주주식형펀드,"국내 시장의 성장주에 투자하는 주식형 펀드로, 분산 투자 효과를 제공합니다."
국내가치주주식형펀드,"국내 시장의 가치주에 투자하는 주식형 펀드로, 분산 투자 효과를 제공합니다."
해외선진국대형주주식형펀드,"해외선진국 시장의 대형주에 투자하는 주식형 펀드로, 분산 투자 효과를 제공합니다."
해외선진국중형주주식형펀드,"해외선진국 시장의 중형주에 투자하는 주식형 펀드로, 분산 투자 효과를 제공합니다."
해외선진국소형주주식형펀드,"해외선진국 시장의 소형주에 투자하는 주식형 펀드로, 분산 투자 효과를 제공합니다."
해외선진국전체주식형펀드,"해외선진국 시장의 전체에 투자하는 주식형 펀드로, 분산 투자 효과를 제공합니다."
해외선진국성장주주식형펀드,"해외선진국 시장의 성장주에 투자하는 주식형 펀드로, 분산 투자 효과를 제공합니다."
해외선진국가치주주식형펀드,"해외선진국 시장의 가치주에 투자하는 주식형 펀드로, 분산 투자 효과를 제공합니다."
신흥국대형주주식형펀드,"신흥국 시장의 대형주에 투자하는 주식형 펀드로, 분산 투자 효과를 제공합니다."
신흥국중형주주식형펀드,"신흥국 시장의 중형주에 투자하는 주식형 펀드로, 분산 투자 효과를 제공합니다."
신흥국소형주주식형펀드,"신흥국 시장의 소형주에 투자하는 주식형 펀드로, 분산 투자 효과를 제공합니다."
신흥국전체주식형펀드,"신흥국 시장의 전체에 투자하는 주식형 펀드로, 분산 투자 효과를 제공합니다."
신흥국성장주주식형펀드,"신흥국 시장의 성장주에 투자하는 주식형 펀드로, 분산 투자 효과를 제공합니다."
신흥국가치주주식형펀드,"신흥국 시장의 가치주에 투자하는 주식형 펀드로, 분산 투자 효과를 제공합니다."
글로벌대형주주식형펀드,"글로벌 시장의 대형주에 투자하는 주식형 펀드로, 분산 투자 효과를 제공합니다."
글로벌중형주주식형펀드,"글로벌 시장의 중형주에 투자하는 주식형 펀드로, 분산 투자 효과를 제공합니다."
글로벌소형주주식형펀드,"글로벌 시장의 소형주에 투자하는 주식형 펀드로, 분산 투자 효과를 제공합니다."
글로벌전체주식형펀드,"글로벌 시장의 전체에 투자하는 주식형 펀드로, 분산 투자 효과를 제공합니다."
글로벌성장주주식형펀드,"글로벌 시장의 성장주에 투자하는 주식형 펀드로, 분산 투자 효과를 제공합니다."
글로벌가치주주식형펀드,"글로벌 시장의 가치주에 투자하는 주식형 펀드로, 분산 투자 효과를 제공합니다."
아시아대형주주식형펀드,"아시아 시장의 대형주에 투자하는 주식형 펀드로, 분산 투자 효과를 제공합니다."
아시아중형주주식형펀드,"아시아 시장의 중형주에 투자하는 주식형 펀드로, 분산 투자 효과를 제공합니다."
아시아소형주주식형펀드,"아시아 시장의 소형주에 투자하는 주식형 펀드로, 분산 투자 효과를 제공합니다."
아시아전체주식형펀드,"아시아 시장의 전체에 투자하는 주식형 펀드로, 분산 투자 효과를 제공합니다."
아시아성장주주식형펀드,"아시아 시장의 성장주에 투자하는 주식형 펀드로, 분산 투자 효과를 제공합니다."
아시아가치주주식형펀드,"아시아 시장의 가치주에 투자하는 주식형 펀드로, 분산 투자 효과를 제공합니다."
미국대형주주식형펀드,"미국 시장의 대형주에 투자하는 주식형 펀드로, 분산 투자 효과를 제공합니다."
미국중형주주식형펀드,"미국 시장의 중형주에 투자하는 주식형 펀드로, 분산 투자 효과를 제공합니다."
미국소형주주식형펀드,"미국 시장의 소형주에 투자하는 주식형 펀드로, 분산 투자 효과를 제공합니다."
미국전체주식형펀드,"미국 시장의 전체에 투자하는 주식형 펀드로, 분산 투자 효과를 제공합니다."
미국성장주주식형펀드,"미국 시장의 성장주에 투자하는 주식형 펀드로, 분산 투자 효과를 제공합니다."
미국가치주주식형펀드,"미국 시장의 가치주에 투자하는 주식형 펀드로, 분산 투자 효과를 제공합니다."
유럽대형주주식형펀드,"유럽 시장의 대형주에 투자하는 주식형 펀드로, 분산 투자 효과를 제공합니다."
유럽중형주주식형펀드,"유럽 시장의 중형주에 투자하는 주식형 펀드로, 분산 투자 효과를 제공합니다."
유럽소형주주식형펀드,"유럽 시장의 소형주에 투자하는 주식형 펀드로, 분산 투자 효과를 제공합니다."
유럽전체주식형펀드,"유럽 시장의 전체에 투자하는 주식형 펀드로, 분산 투자 효과를 제공합니다."
유럽성장주주식형펀드,"유럽 시장의 성장주에 투자하는 주식형 펀드로, 분산 투자 효과를 제공합니다."
유럽가치주주식형펀드,"유럽 시장의 가치주에 투자하는 주식형 펀드로, 분산 투자 효과를 제공합니다."
중국대형주주식형펀드,"중국 시장의 대형주에 투자하는 주식형 펀드로, 분산 투자 효과를 제공합니다."
중국중형주주식형펀드,"중국 시장의 중형주에 투자하는 주식형 펀드로, 분산 투자 효과를 제공합니다."
중국소형주주식형펀드,"중국 시장의 소형주에 투자하는 주식형 펀드로, 분산 투자 효과를 제공합니다."
중국전체주식형펀드,"중국 시장의 전체에 투자하는 주식형 펀드로, 분산 투자 효과를 제공합니다."
중국성장주주식형펀드,"중국 시장의 성장주에 투자하는 주식형 펀드로, 분산 투자 효과를 제공합니다."
중국가치주주식형펀드,"중국 시장의 가치주에 투자하는 주식형 펀드로, 분산 투자 효과를 제공합니다."
일본대형주주식형펀드,"일본 시장의 대형주에 투자하는 주식형 펀드로, 분산 투자 효과를 제공합니다."
일본중형주주식형펀드,"일본 시장의 중형주에 투자하는 주식형 펀드로, 분산 투자 효과를 제공합니다."
일본소형주주식형펀드,"일본 시장의 소형주에 투자하는 주식형 펀드로, 분산 투자 효과를 제공합니다."
일본전체주식형펀드,"일본 시장의 전체에 투자하는 주식형 펀드로, 분산 투자 효과를 제공합니다."
일본성장주주식형펀드,"일본 시장의 성장주에 투자하는 주식형 펀드로, 분산 투자 효과를 제공합니다."
일본가치주주식형펀드,"일본 시장의 가치주에 투자하는 주식형 펀드로, 분산 투자 효과를 제공합니다."
국내대형주채권형펀드,"국내 시장의 대형주에 투자하는 채권형 펀드로, 분산 투자 효과를 제공합니다."
국내중형주채권형펀드,"국내 시장의 중형주에 투자하는 채권형 펀드로, 분산 투자 효과를 제공합니다."
국내소형주채권형펀드,"국내 시장의 소형주에 투자하는 채권형 펀드로, 분산 투자 효과를 제공합니다."
국내전체채권형펀드,"국내 시장의 전체에 투자하는 채권형 펀드로, 분산 투자 효과를 제공합니다."
국내성장주채권형펀드,"국내 시장의 성장주에 투자하는 채권형 펀드로, 분산 투자 효과를 제공합니다."
국내가치주채권형펀드,"국내 시장의 가치주에 투자하는 채권형 펀드로, 분산 투자 효과를 제공합니다."
해외선진국대형주채권형펀드,"해외선진국 시장의 대형주에 투자하는 채권형 펀드로, 분산 투자 효과를 제공합니다."
해외선진국중형주채권형펀드,"해외선진국 시장의 중형주에 투자하는 채권형 펀드로, 분산 투자 효과를 제공합니다."
해외선진국소형주채권형펀드,"해외선진국 시장의 소형주에 투자하는 채권형 펀드로, 분산 투자 효과를 제공합니다."
해외선진국전체채권형펀드,"해외선진국 시장의 전체에 투자하는 채권형 펀드로, 분산 투자 효과를 제공합니다."
해외선진국성장주채권형펀드,"해외선진국 시장의 성장주에 투자하는 채권형 펀드로, 분산 투자 효과를 제공합니다."
해외선진국가치주채권형펀드,"해외선진국 시장의 가치주에 투자하는 채권형 펀드로, 분산 투자 효과를 제공합니다."
신흥국대형주채권형펀드,"신흥국 시장의 대형주에 투자하는 채권형 펀드로, 분산 투자 효과를 제공합니다."
신흥국중형주채권형펀드,"신흥국 시장의 중형주에 투자하는 채권형 펀드로, 분산 투자 효과를 제공합니다."
신흥국소형주채권형펀드,"신흥국 시장의 소형주에 투자하는 채권형 펀드로, 분산 투자 효과를 제공합니다."
신흥국전체채권형펀드,"신흥국 시장의 전체에 투자하는 채권형 펀드로, 분산 투자 효과를 제공합니다."
신흥국성장주채권형펀드,"신흥국 시장의 성장주에 투자하는 채권형 펀드로, 분산 투자 효과를 제공합니다."
신흥국가치주채권형펀드,"신흥국 시장의 가치주에 투자하는 채권형 펀드로, 분산 투자 효과를 제공합니다."
글로벌대형주채권형펀드,"글로벌 시장의 대형주에 투자하는 채권형 펀드로, 분산 투자 효과를 제공합니다."
글로벌중형주채권형펀드,"글로벌 시장의 중형주에 투자하는 채권형 펀드로, 분산 투자 효과를 제공합니다."
글로벌소형주채권형펀드,"글로벌 시장의 소형주에 투자하는 채권형 펀드로, 분산 투자 효과를 제공합니다."
글로벌전체채권형펀드,"글로벌 시장의 전체에 투자하는 채권형 펀드로, 분산 투자 효과를 제공합니다."
글로벌성장주채권형펀드,"글로벌 시장의 성장주에 투자하는 채권형 펀드로, 분산 투자 효과를 제공합니다."
글로벌가치주채권형펀드,"글로벌 시장의 가치주에 투자하는 채권형 펀드로, 분산 투자 효과를 제공합니다."
아시아대형주채권형펀드,"아시아 시장의 대형주에 투자하는 채권형 펀드로, 분산 투자 효과를 제공합니다."
아시아중형주채권형펀드,"아시아 시장의 중형주에 투자하는 채권형 펀드로, 분산 투자 효과를 제공합니다."
아시아소형주채권형펀드,"아시아 시장의 소형주에 투자하는 채권형 펀드로, 분산 투자 효과를 제공합니다."
아시아전체채권형펀드,"아시아 시장의 전체에 투자하는 채권형 펀드로, 분산 투자 효과를 제공합니다."
아시아성장주채권형펀드,"아시아 시장의 성장주에 투자하는 채권형 펀드로, 분산 투자 효과를 제공합니다."
아시아가치주채권형펀드,"아시아 시장의 가치주에 투자하는 채권형 펀드로, 분산 투자 효과를 제공합니다."
미국대형주채권형펀드,"미국 시장의 대형주에 투자하는 채권형 펀드로, 분산 투자 효과를 제공합니다."
미국중형주채권형펀드,"미국 시장의 중형주에 투자하는 채권형 펀드로, 분산 투자 효과를 제공합니다."
미국소형주채권형펀드,"미국 시장의 소형주에 투자하는 채권형 펀드로, 분산 투자 효과를 제공합니다."
미국전체채권형펀드,"미국 시장의 전체에 투자하는 채권형 펀드로, 분산 투자 효과를 제공합니다."
미국성장주채권형펀드,"미국 시장의 성장주에 투자하는 채권형 펀드로, 분산 투자 효과를 제공합니다."
미국가치주채권형펀드,"미국 시장의 가치주에 투자하는 채권형 펀드로, 분산 투자 효과를 제공합니다."
유럽대형주채권형펀드,"유럽 시장의 대형주에 투자하는 채권형 펀드로, 분산 투자 효과를 제공합니다."
유럽중형주채권형펀드,"유럽 시장의 중형주에 투자하는 채권형 펀드로, 분산 투자 효과를 제공합니다."
유럽소형주채권형펀드,"유럽 시장의 소형주에 투자하는 채권형 펀드로, 분산 투자 효과를 제공합니다."
유럽전체채권형펀드,"유럽 시장의 전체에 투자하는 채권형 펀드로, 분산 투자 효과를 제공합니다."
유럽성장주채권형펀드,"유럽 시장의 성장주에 투자하는 채권형 펀드로, 분산 투자 효과를 제공합니다."
유럽가치주채권형펀드,"유럽 시장의 가치주에 투자하는 채권형 펀드로, 분산 투자 효과를 제공합니다."
중국대형주채권형펀드,"중국 시장의 대형주에 투자하는 채권형 펀드로, 분산 투자 효과를 제공합니다."
중국중형주채권형펀드,"중국 시장의 중형주에 투자하는 채권형 펀드로, 분산 투자 효과를 제공합니다."
중국소형주채권형펀드,"중국 시장의 소형주에 투자하는 채권형 펀드로, 분산 투자 효과를 제공합니다."
중국전체채권형펀드,"중국 시장의 전체에 투자하는 채권형 펀드로, 분산 투자 효과를 제공합니다."
중국성장주채권형펀드,"중국 시장의 성장주에 투자하는 채권형 펀드로, 분산 투자 효과를 제공합니다."
중국가치주채권형펀드,"중국 시장의 가치주에 투자하는 채권형 펀드로, 분산 투자 효과를 제공합니다."
일본대형주채권형펀드,"일본 시장의 대형주에 투자하는 채권형 펀드로, 분산 투자 효과를 제공합니다."
일본중형주채권형펀드,"일본 시장의 중형주에 투자하는 채권형 펀드로, 분산 투자 효과를 제공합니다."
일본소형주채권형펀드,"일본 시장의 소형주에 투자하는 채권형 펀드로, 분산 투자 효과를 제공합니다."
일본전체채권형펀드,"일본 시장의 전체에 투자하는 채권형 펀드로, 분산 투자 효과를 제공합니다."
일본성장주채권형펀드,"일본 시장의 성장주에 투자하는 채권형 펀드로, 분산 투자 효과를 제공합니다."
일본가치주채권형펀드,"일본 시장의 가치주에 투자하는 채권형 펀드로, 분산 투자 효과를 제공합니다."
국내대형주혼합형펀드,"국내 시장의 대형주에 투자하는 혼합형 펀드로, 분산 투자 효과를 제공합니다."
국내중형주혼합형펀드,"국내 시장의 중형주에 투자하는 혼합형 펀드로, 분산 투자 효과를 제공합니다."
국내소형주혼합형펀드,"국내 시장의 소형주에 투자하는 혼합형 펀드로, 분산 투자 효과를 제공합니다."
국내전체혼합형펀드,"국내 시장의 전체에 투자하는 혼합형 펀드로, 분산 투자 효과를 제공합니다."
국내성장주혼합형펀드,"국내 시장의 성장주에 투자하는 혼합형 펀드로, 분산 투자 효과를 제공합니다."
국내가치주혼합형펀드,"국내 시장의 가치주에 투자하는 혼합형 펀드로, 분산 투자 효과를 제공합니다."
해외선진국대형주혼합형펀드,"해외선진국 시장의 대형주에 투자하는 혼합형 펀드로, 분산 투자 효과를 제공합니다."
해외선진국중형주혼합형펀드,"해외선진국 시장의 중형주에 투자하는 혼합형 펀드로, 분산 투자 효과를 제공합니다."
해외선진국소형주혼합형펀드,"해외선진국 시장의 소형주에 투자하는 혼합형 펀드로, 분산 투자 효과를 제공합니다."
해외선진국전체혼합형펀드,"해외선진국 시장의 전체에 투자하는 혼합형 펀드로, 분산 투자 효과를 제공합니다."
해외선진국성장주혼합형펀드,"해외선진국 시장의 성장주에 투자하는 혼합형 펀드로, 분산 투자 효과를 제공합니다."
해외선진국가치주혼합형펀드,"해외선진국 시장의 가치주에 투자하는 혼합형 펀드로, 분산 투자 효과를 제공합니다."
신흥국대형주혼합형펀드,"신흥국 시장의 대형주에 투자하는 혼합형 펀드로, 분산 투자 효과를 제공합니다."
신흥국중형주혼합형펀드,"신흥국 시장의 중형주에 투자하는 혼합형 펀드로, 분산 투자 효과를 제공합니다."
신흥국소형주혼합형펀드,"신흥국 시장의 소형주에 투자하는 혼합형 펀드로, 분산 투자 효과를 제공합니다."
신흥국전체혼합형펀드,"신흥국 시장의 전체에 투자하는 혼합형 펀드로, 분산 투자 효과를 제공합니다."
신흥국성장주혼합형펀드,"신흥국 시장의 성장주에 투자하는 혼합형 펀드로, 분산 투자 효과를 제공합니다."
신흥국가치주혼합형펀드,"신흥국 시장의 가치주에 투자하는 혼합형 펀드로, 분산 투자 효과를 제공합니다."
글로벌대형주혼합형펀드,"글로벌 시장의 대형주에 투자하는 혼합형 펀드로, 분산 투자 효과를 제공합니다."
글로벌중형주혼합형펀드,"글로벌 시장의 중형주에 투자하는 혼합형 펀드로, 분산 투자 효과를 제공합니다."
글로벌소형주혼합형펀드,"글로벌 시장의 소형주에 투자하는 혼합형 펀드로, 분산 투자 효과를 제공합니다."
글로벌전체혼합형펀드,"글로벌 시장의 전체에 투자하는 혼합형 펀드로, 분산 투자 효과를 제공합니다."
글로벌성장주혼합형펀드,"글로벌 시장의 성장주에 투자하는 혼합형 펀드로, 분산 투자 효과를 제공합니다."
글로벌가치주혼합형펀드,"글로벌 시장의 가치주에 투자하는 혼합형 펀드로, 분산 투자 효과를 제공합니다."
아시아대형주혼합형펀드,"아시아 시장의 대형주에 투자하는 혼합형 펀드로, 분산 투자 효과를 제공합니다."
아시아중형주혼합형펀드,"아시아 시장의 중형주에 투자하는 혼합형 펀드로, 분산 투자 효과를 제공합니다."
아시아소형주혼합형펀드,"아시아 시장의 소형주에 투자하는 혼합형 펀드로, 분산 투자 효과를 제공합니다."
아시아전체혼합형펀드,"아시아 시장의 전체에 투자하는 혼합형 펀드로, 분산 투자 효과를 제공합니다."
아시아성장주혼합형펀드,"아시아 시장의 성장주에 투자하는 혼합형 펀드로, 분산 투자 효과를 제공합니다."
아시아가치주혼합형펀드,"아시아 시장의 가치주에 투자하는 혼합형 펀드로, 분산 투자 효과를 제공합니다."
미국대형주혼합형펀드,"미국 시장의 대형주에 투자하는 혼합형 펀드로, 분산 투자 효과를 제공합니다."
미국중형주혼합형펀드,"미국 시장의 중형주에 투자하는 혼합형 펀드로, 분산 투자 효과를 제공합니다."
미국소형주혼합형펀드,"미국 시장의 소형주에 투자하는 혼합형 펀드로, 분산 투자 효과를 제공합니다."
미국전체혼합형펀드,"미국 시장의 전체에 투자하는 혼합형 펀드로, 분산 투자 효과를 제공합니다."
미국성장주혼합형펀드,"미국 시장의 성장주에 투자하는 혼합형 펀드로, 분산 투자 효과를 제공합니다."
미국가치주혼합형펀드,"미국 시장의 가치주에 투자하는 혼합형 펀드로, 분산 투자 효과를 제공합니다."
유럽대형주혼합형펀드,"유럽 시장의 대형주에 투자하는 혼합형 펀드로, 분산 투자 효과를 제공합니다."
유럽중형주혼합형펀드,"유럽 시장의 중형주에 투자하는 혼합형 펀드로, 분산 투자 효과를 제공합니다."
유럽소형주혼합형펀드,"유럽 시장의 소형주에 투자하는 혼합형 펀드로, 분산 투자 효과를 제공합니다."
유럽전체혼합형펀드,"유럽 시장의 전체에 투자하는 혼합형 펀드로, 분산 투자 효과를 제공합니다."
유럽성장주혼합형펀드,"유럽 시장의 성장주에 투자하는 혼합형 펀드로, 분산 투자 효과를 제공합니다."
유럽가치주혼합형펀드,"유럽 시장의 가치주에 투자하는 혼합형 펀드로, 분산 투자 효과를 제공합니다."
중국대형주혼합형펀드,"중국 시장의 대형주에 투자하는 혼합형 펀드로, 분산 투자 효과를 제공합니다."
중국중형주혼합형펀드,"중국 시장의 중형주에 투자하는 혼합형 펀드로, 분산 투자 효과를 제공합니다."
중국소형주혼합형펀드,"중국 시장의 소형주에 투자하는 혼합형 펀드로, 분산 투자 효과를 제공합니다."
중국전체혼합형펀드,"중국 시장의 전체에 투자하는 혼합형 펀드로, 분산 투자 효과를 제공합니다."
중국성장주혼합형펀드,"중국 시장의 성장주에 투자하는 혼합형 펀드로, 분산 투자 효과를 제공합니다."
중국가치주혼합형펀드,"중국 시장의 가치주에 투자하는 혼합형 펀드로, 분산 투자 효과를 제공합니다."
일본대형주혼합형펀드,"일본 시장의 대형주에 투자하는 혼합형 펀드로, 분산 투자 효과를 제공합니다."
일본중형주혼합형펀드,"일본 시장의 중형주에 투자하는 혼합형 펀드로, 분산 투자 효과를 제공합니다."
일본소형주혼합형펀드,"일본 시장의 소형주에 투자하는 혼합형 펀드로, 분산 투자 효과를 제공합니다."
일본전체혼합형펀드,"일본 시장의 전체에 투자하는 혼합형 펀드로, 분산 투자 효과를 제공합니다."
일본성장주혼합형펀드,"일본 시장의 성장주에 투자하는 혼합형 펀드로, 분산 투자 효과를 제공합니다."
일본가치주혼합형펀드,"일본 시장의 가치주에 투자하는 혼합형 펀드로, 분산 투자 효과를 제공합니다."
국내대형주부동산펀드,"국내 시장의 대형주에 투자하는 부동산 펀드로, 분산 투자 효과를 제공합니다."
국내중형주부동산펀드,"국내 시장의 중형주에 투자하는 부동산 펀드로, 분산 투자 효과를 제공합니다."
국내소형주부동산펀드,"국내 시장의 소형주에 투자하는 부동산 펀드로, 분산 투자 효과를 제공합니다."
국내전체부동산펀드,"국내 시장의 전체에 투자하는 부동산 펀드로, 분산 투자 효과를 제공합니다."
국내성장주부동산펀드,"국내 시장의 성장주에 투자하는 부동산 펀드로, 분산 투자 효과를 제공합니다."
국내가치주부동산펀드,"국내 시장의 가치주에 투자하는 부동산 펀드로, 분산 투자 효과를 제공합니다."
해외선진국대형주부동산펀드,"해외선진국 시장의 대형주에 투자하는 부동산 펀드로, 분산 투자 효과를 제공합니다."
해외선진국중형주부동산펀드,"해외선진국 시장의 중형주에 투자하는 부동산 펀드로, 분산 투자 효과를 제공합니다."
해외선진국소형주부동산펀드,"해외선진국 시장의 소형주에 투자하는 부동산 펀드로, 분산 투자 효과를 제공합니다."
해외선진국전체부동산펀드,"해외선진국 시장의 전체에 투자하는 부동산 펀드로, 분산 투자 효과를 제공합니다."
해외선진국성장주부동산펀드,"해외선진국 시장의 성장주에 투자하는 부동산 펀드로, 분산 투자 효과를 제공합니다."
해외선진국가치주부동산펀드,"해외선진국 시장의 가치주에 투자하는 부동산 펀드로, 분산 투자 효과를 제공합니다."
신흥국대형주부동산펀드,"신흥국 시장의 대형주에 투자하는 부동산 펀드로, 분산 투자 효과를 제공합니다."
신흥국중형주부동산펀드,"신흥국 시장의 중형주에 투자하는 부동산 펀드로, 분산 투자 효과를 제공합니다."
신흥국소형주부동산펀드,"신흥국 시장의 소형주에 투자하는 부동산 펀드로, 분산 투자 효과를 제공합니다."
신흥국전체부동산펀드,"신흥국 시장의 전체에 투자하는 부동산 펀드로, 분산 투자 효과를 제공합니다."
신흥국성장주부동산펀드,"신흥국 시장의 성장주에 투자하는 부동산 펀드로, 분산 투자 효과를 제공합니다."
신흥국가치주부동산펀드,"신흥국 시장의 가치주에 투자하는 부동산 펀드로, 분산 투자 효과를 제공합니다."
글로벌대형주부동산펀드,"글로벌 시장의 대형주에 투자하는 부동산 펀드로, 분산 투자 효과를 제공합니다."
글로벌중형주부동산펀드,"글로벌 시장의 중형주에 투자하는 부동산 펀드로, 분산 투자 효과를 제공합니다."
글로벌소형주부동산펀드,"글로벌 시장의 소형주에 투자하는 부동산 펀드로, 분산 투자 효과를 제공합니다."
글로벌전체부동산펀드,"글로벌 시장의 전체에 투자하는 부동산 펀드로, 분산 투자 효과를 제공합니다."
글로벌성장주부동산펀드,"글로벌 시장의 성장주에 투자하는 부동산 펀드로, 분산 투자 효과를 제공합니다."
글로벌가치주부동산펀드,"글로벌 시장의 가치주에 투자하는 부동산 펀드로, 분산 투자 효과를 제공합니다."
아시아대형주부동산펀드,"아시아 시장의 대형주에 투자하는 부동산 펀드로, 분산 투자 효과를 제공합니다."
아시아중형주부동산펀드,"아시아 시장의 중형주에 투자하는 부동산 펀드로, 분산 투자 효과를 제공합니다."
아시아소형주부동산펀드,"아시아 시장의 소형주에 투자하는 부동산 펀드로, 분산 투자 효과를 제공합니다."
아시아전체부동산펀드,"아시아 시장의 전체에 투자하는 부동산 펀드로, 분산 투자 효과를 제공합니다."
아시아성장주부동산펀드,"아시아 시장의 성장주에 투자하는 부동산 펀드로, 분산 투자 효과를 제공합니다."
아시아가치주부동산펀드,"아시아 시장의 가치주에 투자하는 부동산 펀드로, 분산 투자 효과를 제공합니다."
미국대형주부동산펀드,"미국 시장의 대형주에 투자하는 부동산 펀드로, 분산 투자 효과를 제공합니다."
미국중형주부동산펀드,"미국 시장의 중형주에 투자하는 부동산 펀드로, 분산 투자 효과를 제공합니다."
미국소형주부동산펀드,"미국 시장의 소형주에 투자하는 부동산 펀드로, 분산 투자 효과를 제공합니다."
미국전체부동산펀드,"미국 시장의 전체에 투자하는 부동산 펀드로, 분산 투자 효과를 제공합니다."
미국성장주부동산펀드,"미국 시장의 성장주에 투자하는 부동산 펀드로, 분산 투자 효과를 제공합니다."
미국가치주부동산펀드,"미국 시장의 가치주에 투자하는 부동산 펀드로, 분산 투자 효과를 제공합니다."
유럽대형주부동산펀드,"유럽 시장의 대형주에 투자하는 부동산 펀드로, 분산 투자 효과를 제공합니다."
유럽중형주부동산펀드,"유럽 시장의 중형주에 투자하는 부동산 펀드로, 분산 투자 효과를 제공합니다."
유럽소형주부동산펀드,"유럽 시장의 소형주에 투자하는 부동산 펀드로, 분산 투자 효과를 제공합니다."
유럽전체부동산펀드,"유럽 시장의 전체에 투자하는 부동산 펀드로, 분산 투자 효과를 제공합니다."
유럽성장주부동산펀드,"유럽 시장의 성장주에 투자하는 부동산 펀드로, 분산 투자 효과를 제공합니다."
유럽가치주부동산펀드,"유럽 시장의 가치주에 투자하는 부동산 펀드로, 분산 투자 효과를 제공합니다."
중국대형주부동산펀드,"중국 시장의 대형주에 투자하는 부동산 펀드로, 분산 투자 효과를 제공합니다."
중국중형주부동산펀드,"중국 시장의 중형주에 투자하는 부동산 펀드로, 분산 투자 효과를 제공합니다."
중국소형주부동산펀드,"중국 시장의 소형주에 투자하는 부동산 펀드로, 분산 투자 효과를 제공합니다."
중국전체부동산펀드,"중국 시장의 전체에 투자하는 부동산 펀드로, 분산 투자 효과를 제공합니다."
중국성장주부동산펀드,"중국 시장의 성장주에 투자하는 부동산 펀드로, 분산 투자 효과를 제공합니다."
중국가치주부동산펀드,"중국 시장의 가치주에 투자하는 부동산 펀드로, 분산 투자 효과를 제공합니다."
일본대형주부동산펀드,"일본 시장의 대형주에 투자하는 부동산 펀드로, 분산 투자 효과를 제공합니다."
일본중형주부동산펀드,"일본 시장의 중형주에 투자하는 부동산 펀드로, 분산 투자 효과를 제공합니다."
일본소형주부동산펀드,"일본 시장의 소형주에 투자하는 부동산 펀드로, 분산 투자 효과를 제공합니다."
일본전체부동산펀드,"일본 시장의 전체에 투자하는 부동산 펀드로, 분산 투자 효과를 제공합니다."
일본성장주부동산펀드,"일본 시장의 성장주에 투자하는 부동산 펀드로, 분산 투자 효과를 제공합니다."
일본가치주부동산펀드,"일본 시장의 가치주에 투자하는 부동산 펀드로, 분산 투자 효과를 제공합니다."
국내대형주원자재펀드,"국내 시장의 대형주에 투자하는 원자재 펀드로, 분산 투자 효과를 제공합니다."
국내중형주원자재펀드,"국내 시장의 중형주에 투자하는 원자재 펀드로, 분산 투자 효과를 제공합니다."
국내소형주원자재펀드,"국내 시장의 소형주에 투자하는 원자재 펀드로, 분산 투자 효과를 제공합니다."
국내전체원자재펀드,"국내 시장의 전체에 투자하는 원자재 펀드로, 분산 투자 효과를 제공합니다."
국내성장주원자재펀드,"국내 시장의 성장주에 투자하는 원자재 펀드로, 분산 투자 효과를 제공합니다."
국내가치주원자재펀드,"국내 시장의 가치주에 투자하는 원자재 펀드로, 분산 투자 효과를 제공합니다."
해외선진국대형주원자재펀드,"해외선진국 시장의 대형주에 투자하는 원자재 펀드로, 분산 투자 효과를 제공합니다."
해외선진국중형주원자재펀드,"해외선진국 시장의 중형주에 투자하는 원자재 펀드로, 분산 투자 효과를 제공합니다."
해외선진국소형주원자재펀드,"해외선진국 시장의 소형주에 투자하는 원자재 펀드로, 분산 투자 효과를 제공합니다."
해외선진국전체원자재펀드,"해외선진국 시장의 전체에 투자하는 원자재 펀드로, 분산 투자 효과를 제공합니다."
해외선진국성장주원자재펀드,"해외선진국 시장의 성장주에 투자하는 원자재 펀드로, 분산 투자 효과를 제공합니다."
해외선진국가치주원자재펀드,"해외선진국 시장의 가치주에 투자하는 원자재 펀드로, 분산 투자 효과를 제공합니다."
신흥국대형주원자재펀드,"신흥국 시장의 대형주에 투자하는 원자재 펀드로, 분산 투자 효과를 제공합니다."
신흥국중형주원자재펀드,"신흥국 시장의 중형주에 투자하는 원자재 펀드로, 분산 투자 효과를 제공합니다."
신흥국소형주원자재펀드,"신흥국 시장의 소형주에 투자하는 원자재 펀드로, 분산 투자 효과를 제공합니다."
신흥국전체원자재펀드,"신흥국 시장의 전체에 투자하는 원자재 펀드로, 분산 투자 효과를 제공합니다."
신흥국성장주원자재펀드,"신흥국 시장의 성장주에 투자하는 원자재 펀드로, 분산 투자 효과를 제공합니다."
신흥국가치주원자재펀드,"신흥국 시장의 가치주에 투자하는 원자재 펀드로, 분산 투자 효과를 제공합니다."
글로벌대형주원자재펀드,"글로벌 시장의 대형주에 투자하는 원자재 펀드로, 분산 투자 효과를 제공합니다."
글로벌중형주원자재펀드,"글로벌 시장의 중형주에 투자하는 원자재 펀드로, 분산 투자 효과를 제공합니다."
글로벌소형주원자재펀드,"글로벌 시장의 소형주에 투자하는 원자재 펀드로, 분산 투자 효과를 제공합니다."
글로벌전체원자재펀드,"글로벌 시장의 전체에 투자하는 원자재 펀드로, 분산 투자 효과를 제공합니다."
글로벌성장주원자재펀드,"글로벌 시장의 성장주에 투자하는 원자재 펀드로, 분산 투자 효과를 제공합니다."
글로벌가치주원자재펀드,"글로벌 시장의 가치주에 투자하는 원자재 펀드로, 분산 투자 효과를 제공합니다."
아시아대형주원자재펀드,"아시아 시장의 대형주에 투자하는 원자재 펀드로, 분산 투자 효과를 제공합니다."
아시아중형주원자재펀드,"아시아 시장의 중형주에 투자하는 원자재 펀드로, 분산 투자 효과를 제공합니다."
아시아소형주원자재펀드,"아시아 시장의 소형주에 투자하는 원자재 펀드로, 분산 투자 효과를 제공합니다."
아시아전체원자재펀드,"아시아 시장의 전체에 투자하는 원자재 펀드로, 분산 투자 효과를 제공합니다."
아시아성장주원자재펀드,"아시아 시장의 성장주에 투자하는 원자재 펀드로, 분산 투자 효과를 제공합니다."
아시아가치주원자재펀드,"아시아 시장의 가치주에 투자하는 원자재 펀드로, 분산 투자 효과를 제공합니다."
미국대형주원자재펀드,"미국 시장의 대형주에 투자하는 원자재 펀드로, 분산 투자 효과를 제공합니다."
미국중형주원자재펀드,"미국 시장의 중형주에 투자하는 원자재 펀드로, 분산 투자 효과를 제공합니다."
미국소형주원자재펀드,"미국 시장의 소형주에 투자하는 원자재 펀드로, 분산 투자 효과를 제공합니다."
미국전체원자재펀드,"미국 시장의 전체에 투자하는 원자재 펀드로, 분산 투자 효과를 제공합니다."
미국성장주원자재펀드,"미국 시장의 성장주에 투자하는 원자재 펀드로, 분산 투자 효과를 제공합니다."
미국가치주원자재펀드,"미국 시장의 가치주에 투자하는 원자재 펀드로, 분산 투자 효과를 제공합니다."
유럽대형주원자재펀드,"유럽 시장의 대형주에 투자하는 원자재 펀드로, 분산 투자 효과를 제공합니다."
유럽중형주원자재펀드,"유럽 시장의 중형주에 투자하는 원자재 펀드로, 분산 투자 효과를 제공합니다."
유럽소형주원자재펀드,"유럽 시장의 소형주에 투자하는 원자재 펀드로, 분산 투자 효과를 제공합니다."
유럽전체원자재펀드,"유럽 시장의 전체에 투자하는 원자재 펀드로, 분산 투자 효과를 제공합니다."
유럽성장주원자재펀드,"유럽 시장의 성장주에 투자하는 원자재 펀드로, 분산 투자 효과를 제공합니다."
유럽가치주원자재펀드,"유럽 시장의 가치주에 투자하는 원자재 펀드로, 분산 투자 효과를 제공합니다."
중국대형주원자재펀드,"중국 시장의 대형주에 투자하는 원자재 펀드로, 분산 투자 효과를 제공합니다."
중국중형주원자재펀드,"중국 시장의 중형주에 투자하는 원자재 펀드로, 분산 투자 효과를 제공합니다."
중국소형주원자재펀드,"중국 시장의 소형주에 투자하는 원자재 펀드로, 분산 투자 효과를 제공합니다."
중국전체원자재펀드,"중국 시장의 전체에 투자하는 원자재 펀드로, 분산 투자 효과를 제공합니다."
중국성장주원자재펀드,"중국 시장의 성장주에 투자하는 원자재 펀드로, 분산 투자 효과를 제공합니다."
중국가치주원자재펀드,"중국 시장의 가치주에 투자하는 원자재 펀드로, 분산 투자 효과를 제공합니다."
일본대형주원자재펀드,"일본 시장의 대형주에 투자하는 원자재 펀드로, 분산 투자 효과를 제공합니다."
일본중형주원자재펀드,"일본 시장의 중형주에 투자하는 원자재 펀드로, 분산 투자 효과를 제공합니다."
일본소형주원자재펀드,"일본 시장의 소형주에 투자하는 원자재 펀드로, 분산 투자 효과를 제공합니다."
일본전체원자재펀드,"일본 시장의 전체에 투자하는 원자재 펀드로, 분산 투자 효과를 제공합니다."
일본성장주원자재펀드,"일본 시장의 성장주에 투자하는 원자재 펀드로, 분산 투자 효과를 제공합니다."
일본가치주원자재펀드,"일본 시장의 가치주에 투자하는 원자재 펀드로, 분산 투자 효과를 제공합니다."
국내대형주헤지펀드,"국내 시장의 대형주에 투자하는 헤지 펀드로, 분산 투자 효과를 제공합니다."
국내중형주헤지펀드,"국내 시장의 중형주에 투자하는 헤지 펀드로, 분산 투자 효과를 제공합니다."
국내소형주헤지펀드,"국내 시장의 소형주에 투자하는 헤지 펀드로, 분산 투자 효과를 제공합니다."
국내전체헤지펀드,"국내 시장의 전체에 투자하는 헤지 펀드로, 분산 투자 효과를 제공합니다."
국내성장주헤지펀드,"국내 시장의 성장주에 투자하는 헤지 펀드로, 분산 투자 효과를 제공합니다."
국내가치주헤지펀드,"국내 시장의 가치주에 투자하는 헤지 펀드로, 분산 투자 효과를 제공합니다."
해외선진국대형주헤지펀드,"해외선진국 시장의 대형주에 투자하는 헤지 펀드로, 분산 투자 효과를 제공합니다."
해외선진국중형주헤지펀드,"해외선진국 시장의 중형주에 투자하는 헤지 펀드로, 분산 투자 효과를 제공합니다."
해외선진국소형주헤지펀드,"해외선진국 시장의 소형주에 투자하는 헤지 펀드로, 분산 투자 효과를 제공합니다."
해외선진국전체헤지펀드,"해외선진국 시장의 전체에 투자하는 헤지 펀드로, 분산 투자 효과를 제공합니다."
해외선진국성장주헤지펀드,"해외선진국 시장의 성장주에 투자하는 헤지 펀드로, 분산 투자 효과를 제공합니다."
해외선진국가치주헤지펀드,"해외선진국 시장의 가치주에 투자하는 헤지 펀드로, 분산 투자 효과를 제공합니다."
신흥국대형주헤지펀드,"신흥국 시장의 대형주에 투자하는 헤지 펀드로, 분산 투자 효과를 제공합니다."
신흥국중형주헤지펀드,"신흥국 시장의 중형주에 투자하는 헤지 펀드로, 분산 투자 효과를 제공합니다."
신흥국소형주헤지펀드,"신흥국 시장의 소형주에 투자하는 헤지 펀드로, 분산 투자 효과를 제공합니다."
신흥국전체헤지펀드,"신흥국 시장의 전체에 투자하는 헤지 펀드로, 분산 투자 효과를 제공합니다."
신흥국성장주헤지펀드,"신흥국 시장의 성장주에 투자하는 헤지 펀드로, 분산 투자 효과를 제공합니다."
신흥국가치주헤지펀드,"신흥국 시장의 가치주에 투자하는 헤지 펀드로, 분산 투자 효과를 제공합니다."
글로벌대형주헤지펀드,"글로벌 시장의 대형주에 투자하는 헤지 펀드로, 분산 투자 효과를 제공합니다."
글로벌중형주헤지펀드,"글로벌 시장의 중형주에 투자하는 헤지 펀드로, 분산 투자 효과를 제공합니다."
글로벌소형주헤지펀드,"글로벌 시장의 소형주에 투자하는 헤지 펀드로, 분산 투자 효과를 제공합니다."
글로벌전체헤지펀드,"글로벌 시장의 전체에 투자하는 헤지 펀드로, 분산 투자 효과를 제공합니다."
글로벌성장주헤지펀드,"글로벌 시장의 성장주에 투자하는 헤지 펀드로, 분산 투자 효과를 제공합니다."
글로벌가치주헤지펀드,"글로벌 시장의 가치주에 투자하는 헤지 펀드로, 분산 투자 효과를 제공합니다."
아시아대형주헤지펀드,"아시아 시장의 대형주에 투자하는 헤지 펀드로, 분산 투자 효과를 제공합니다."
아시아중형주헤지펀드,"아시아 시장의 중형주에 투자하는 헤지 펀드로, 분산 투자 효과를 제공합니다."
아시아소형주헤지펀드,"아시아 시장의 소형주에 투자하는 헤지 펀드로, 분산 투자 효과를 제공합니다."
아시아전체헤지펀드,"아시아 시장의 전체에 투자하는 헤지 펀드로, 분산 투자 효과를 제공합니다."
아시아성장주헤지펀드,"아시아 시장의 성장주에 투자하는 헤지 펀드로, 분산 투자 효과를 제공합니다."
아시아가치주헤지펀드,"아시아 시장의 가치주에 투자하는 헤지 펀드로, 분산 투자 효과를 제공합니다."
미국대형주헤지펀드,"미국 시장의 대형주에 투자하는 헤지 펀드로, 분산 투자 효과를 제공합니다."
미국중형주헤지펀드,"미국 시장의 중형주에 투자하는 헤지 펀드로, 분산 투자 효과를 제공합니다."
미국소형주헤지펀드,"미국 시장의 소형주에 투자하는 헤지 펀드로, 분산 투자 효과를 제공합니다."
미국전체헤지펀드,"미국 시장의 전체에 투자하는 헤지 펀드로, 분산 투자 효과를 제공합니다."
미국성장주헤지펀드,"미국 시장의 성장주에 투자하는 헤지 펀드로, 분산 투자 효과를 제공합니다."
미국가치주헤지펀드,"미국 시장의 가치주에 투자하는 헤지 펀드로, 분산 투자 효과를 제공합니다."
유럽대형주헤지펀드,"유럽 시장의 대형주에 투자하는 헤지 펀드로, 분산 투자 효과를 제공합니다."
유럽중형주헤지펀드,"유럽 시장의 중형주에 투자하는 헤지 펀드로, 분산 투자 효과를 제공합니다."
유럽소형주헤지펀드,"유럽 시장의 소형주에 투자하는 헤지 펀드로, 분산 투자 효과를 제공합니다."
유럽전체헤지펀드,"유럽 시장의 전체에 투자하는 헤지 펀드로, 분산 투자 효과를 제공합니다."
유럽성장주헤지펀드,"유럽 시장의 성장주에 투자하는 헤지 펀드로, 분산 투자 효과를 제공합니다."
유럽가치주헤지펀드,"유럽 시장의 가치주에 투자하는 헤지 펀드로, 분산 투자 효과를 제공합니다."
중국대형주헤지펀드,"중국 시장의 대형주에 투자하는 헤지 펀드로, 분산 투자 효과를 제공합니다."
중국중형주헤지펀드,"중국 시장의 중형주에 투자하는 헤지 펀드로, 분산 투자 효과를 제공합니다."
중국소형주헤지펀드,"중국 시장의 소형주에 투자하는 헤지 펀드로, 분산 투자 효과를 제공합니다."
중국전체헤지펀드,"중국 시장의 전체에 투자하는 헤지 펀드로, 분산 투자 효과를 제공합니다."
중국성장주헤지펀드,"중국 시장의 성장주에 투자하는 헤지 펀드로, 분산 투자 효과를 제공합니다."
중국가치주헤지펀드,"중국 시장의 가치주에 투자하는 헤지 펀드로, 분산 투자 효과를 제공합니다."
일본대형주헤지펀드,"일본 시장의 대형주에 투자하는 헤지 펀드로, 분산 투자 효과를 제공합니다."
일본중형주헤지펀드,"일본 시장의 중형주에 투자하는 헤지 펀드로, 분산 투자 효과를 제공합니다."
일본소형주헤지펀드,"일본 시장의 소형주에 투자하는 헤지 펀드로, 분산 투자 효과를 제공합니다."
일본전체헤지펀드,"일본 시장의 전체에 투자하는 헤지 펀드로, 분산 투자 효과를 제공합니다."
일본성장주헤지펀드,"일본 시장의 성장주에 투자하는 헤지 펀드로, 분산 투자 효과를 제공합니다."
일본가치주헤지펀드,"일본 시장의 가치주에 투자하는 헤지 펀드로, 분산 투자 효과를 제공합니다."
국내대형주인덱스펀드,"국내 시장의 대형주에 투자하는 인덱스 펀드로, 분산 투자 효과를 제공합니다."
국내중형주인덱스펀드,"국내 시장의 중형주에 투자하는 인덱스 펀드로, 분산 투자 효과를 제공합니다."
국내소형주인덱스펀드,"국내 시장의 소형주에 투자하는 인덱스 펀드로, 분산 투자 효과를 제공합니다."
국내전체인덱스펀드,"국내 시장의 전체에 투자하는 인덱스 펀드로, 분산 투자 효과를 제공합니다."
국내성장주인덱스펀드,"국내 시장의 성장주에 투자하는 인덱스 펀드로, 분산 투자 효과를 제공합니다."
국내가치주인덱스펀드,"국내 시장의 가치주에 투자하는 인덱스 펀드로, 분산 투자 효과를 제공합니다."
해외선진국대형주인덱스펀드,"해외선진국 시장의 대형주에 투자하는 인덱스 펀드로, 분산 투자 효과를 제공합니다."
해외선진국중형주인덱스펀드,"해외선진국 시장의 중형주에 투자하는 인덱스 펀드로, 분산 투자 효과를 제공합니다."
해외선진국소형주인덱스펀드,"해외선진국 시장의 소형주에 투자하는 인덱스 펀드로, 분산 투자 효과를 제공합니다."
해외선진국전체인덱스펀드,"해외선진국 시장의 전체에 투자하는 인덱스 펀드로, 분산 투자 효과를 제공합니다."
해외선진국성장주인덱스펀드,"해외선진국 시장의 성장주에 투자하는 인덱스 펀드로, 분산 투자 효과를 제공합니다."
해외선진국가치주인덱스펀드,"해외선진국 시장의 가치주에 투자하는 인덱스 펀드로, 분산 투자 효과를 제공합니다."
신흥국대형주인덱스펀드,"신흥국 시장의 대형주에 투자하는 인덱스 펀드로, 분산 투자 효과를 제공합니다."
신흥국중형주인덱스펀드,"신흥국 시장의 중형주에 투자하는 인덱스 펀드로, 분산 투자 효과를 제공합니다."
신흥국소형주인덱스펀드,"신흥국 시장의 소형주에 투자하는 인덱스 펀드로, 분산 투자 효과를 제공합니다."
신흥국전체인덱스펀드,"신흥국 시장의 전체에 투자하는 인덱스 펀드로, 분산 투자 효과를 제공합니다."
신흥국성장주인덱스펀드,"신흥국 시장의 성장주에 투자하는 인덱스 펀드로, 분산 투자 효과를 제공합니다."
신흥국가치주인덱스펀드,"신흥국 시장의 가치주에 투자하는 인덱스 펀드로, 분산 투자 효과를 제공합니다."
글로벌대형주인덱스펀드,"글로벌 시장의 대형주에 투자하는 인덱스 펀드로, 분산 투자 효과를 제공합니다."
글로벌중형주인덱스펀드,"글로벌 시장의 중형주에 투자하는 인덱스 펀드로, 분산 투자 효과를 제공합니다."
글로벌소형주인덱스펀드,"글로벌 시장의 소형주에 투자하는 인덱스 펀드로, 분산 투자 효과를 제공합니다."
글로벌전체인덱스펀드,"글로벌 시장의 전체에 투자하는 인덱스 펀드로, 분산 투자 효과를 제공합니다."
글로벌성장주인덱스펀드,"글로벌 시장의 성장주에 투자하는 인덱스 펀드로, 분산 투자 효과를 제공합니다."
글로벌가치주인덱스펀드,"글로벌 시장의 가치주에 투자하는 인덱스 펀드로, 분산 투자 효과를 제공합니다."
아시아대형주인덱스펀드,"아시아 시장의 대형주에 투자하는 인덱스 펀드로, 분산 투자 효과를 제공합니다."
아시아중형주인덱스펀드,"아시아 시장의 중형주에 투자하는 인덱스 펀드로, 분산 투자 효과를 제공합니다."
아시아소형주인덱스펀드,"아시아 시장의 소형주에 투자하는 인덱스 펀드로, 분산 투자 효과를 제공합니다."
아시아전체인덱스펀드,"아시아 시장의 전체에 투자하는 인덱스 펀드로, 분산 투자 효과를 제공합니다."
아시아성장주인덱스펀드,"아시아 시장의 성장주에 투자하는 인덱스 펀드로, 분산 투자 효과를 제공합니다."
아시아가치주인덱스펀드,"아시아 시장의 가치주에 투자하는 인덱스 펀드로, 분산 투자 효과를 제공합니다."
미국대형주인덱스펀드,"미국 시장의 대형주에 투자하는 인덱스 펀드로, 분산 투자 효과를 제공합니다."
미국중형주인덱스펀드,"미국 시장의 중형주에 투자하는 인덱스 펀드로, 분산 투자 효과를 제공합니다."
미국소형주인덱스펀드,"미국 시장의 소형주에 투자하는 인덱스 펀드로, 분산 투자 효과를 제공합니다."
미국전체인덱스펀드,"미국 시장의 전체에 투자하는 인덱스 펀드로, 분산 투자 효과를 제공합니다."
미국성장주인덱스펀드,"미국 시장의 성장주에 투자하는 인덱스 펀드로, 분산 투자 효과를 제공합니다."
미국가치주인덱스펀드,"미국 시장의 가치주에 투자하는 인덱스 펀드로, 분산 투자 효과를 제공합니다."
유럽대형주인덱스펀드,"유럽 시장의 대형주에 투자하는 인덱스 펀드로, 분산 투자 효과를 제공합니다."
유럽중형주인덱스펀드,"유럽 시장의 중형주에 투자하는 인덱스 펀드로, 분산 투자 효과를 제공합니다."
유럽소형주인덱스펀드,"유럽 시장의 소형주에 투자하는 인덱스 펀드로, 분산 투자 효과를 제공합니다."
유럽전체인덱스펀드,"유럽 시장의 전체에 투자하는 인덱스 펀드로, 분산 투자 효과를 제공합니다."
유럽성장주인덱스펀드,"유럽 시장의 성장주에 투자하는 인덱스 펀드로, 분산 투자 효과를 제공합니다."
유럽가치주인덱스펀드,"유럽 시장의 가치주에 투자하는 인덱스 펀드로, 분산 투자 효과를 제공합니다."
중국대형주인덱스펀드,"중국 시장의 대형주에 투자하는 인덱스 펀드로, 분산 투자 효과를 제공합니다."
중국중형주인덱스펀드,"중국 시장의 중형주에 투자하는 인덱스 펀드로, 분산 투자 효과를 제공합니다."
중국소형주인덱스펀드,"중국 시장의 소형주에 투자하는 인덱스 펀드로, 분산 투자 효과를 제공합니다."
중국전체인덱스펀드,"중국 시장의 전체에 투자하는 인덱스 펀드로, 분산 투자 효과를 제공합니다."
중국성장주인덱스펀드,"중국 시장의 성장주에 투자하는 인덱스 펀드로, 분산 투자 효과를 제공합니다."
중국가치주인덱스펀드,"중국 시장의 가치주에 투자하는 인덱스 펀드로, 분산 투자 효과를 제공합니다."
일본대형주인덱스펀드,"일본 시장의 대형주에 투자하는 인덱스 펀드로, 분산 투자 효과를 제공합니다."
일본중형주인덱스펀드,"일본 시장의 중형주에 투자하는 인덱스 펀드로, 분산 투자 효과를 제공합니다."
일본소형주인덱스펀드,"일본 시장의 소형주에 투자하는 인덱스 펀드로, 분산 투자 효과를 제공합니다."
일본전체인덱스펀드,"일본 시장의 전체에 투자하는 인덱스 펀드로, 분산 투자 효과를 제공합니다."
일본성장주인덱스펀드,"일본 시장의 성장주에 투자하는 인덱스 펀드로, 분산 투자 효과를 제공합니다."
일본가치주인덱스펀드,"일본 시장의 가치주에 투자하는 인덱스 펀드로, 분산 투자 효과를 제공합니다."
국내대형주액티브펀드,"국내 시장의 대형주에 투자하는 액티브 펀드로, 분산 투자 효과를 제공합니다."
국내중형주액티브펀드,"국내 시장의 중형주에 투자하는 액티브 펀드로, 분산 투자 효과를 제공합니다."
국내소형주액티브펀드,"국내 시장의 소형주에 투자하는 액티브 펀드로, 분산 투자 효과를 제공합니다."
국내전체액티브펀드,"국내 시장의 전체에 투자하는 액티브 펀드로, 분산 투자 효과를 제공합니다."
국내성장주액티브펀드,"국내 시장의 성장주에 투자하는 액티브 펀드로, 분산 투자 효과를 제공합니다."
국내가치주액티브펀드,"국내 시장의 가치주에 투자하는 액티브 펀드로, 분산 투자 효과를 제공합니다."
해외선진국대형주액티브펀드,"해외선진국 시장의 대형주에 투자하는 액티브 펀드로, 분산 투자 효과를 제공합니다."
해외선진국중형주액티브펀드,"해외선진국 시장의 중형주에 투자하는 액티브 펀드로, 분산 투자 효과를 제공합니다."
해외선진국소형주액티브펀드,"해외선진국 시장의 소형주에 투자하는 액티브 펀드로, 분산 투자 효과를 제공합니다."
해외선진국전체액티브펀드,"해외선진국 시장의 전체에 투자하는 액티브 펀드로, 분산 투자 효과를 제공합니다."
해외선진국성장주액티브펀드,"해외선진국 시장의 성장주에 투자하는 액티브 펀드로, 분산 투자 효과를 제공합니다."
해외선진국가치주액티브펀드,"해외선진국 시장의 가치주에 투자하는 액티브 펀드로, 분산 투자 효과를 제공합니다."
신흥국대형주액티브펀드,"신흥국 시장의 대형주에 투자하는 액티브 펀드로, 분산 투자 효과를 제공합니다."
신흥국중형주액티브펀드,"신흥국 시장의 중형주에 투자하는 액티브 펀드로, 분산 투자 효과를 제공합니다."
신흥국소형주액티브펀드,"신흥국 시장의 소형주에 투자하는 액티브 펀드로, 분산 투자 효과를 제공합니다."
신흥국전체액티브펀드,"신흥국 시장의 전체에 투자하는 액티브 펀드로, 분산 투자 효과를 제공합니다."
신흥국성장주액티브펀드,"신흥국 시장의 성장주에 투자하는 액티브 펀드로, 분산 투자 효과를 제공합니다."
신흥국가치주액티브펀드,"신흥국 시장의 가치주에 투자하는 액티브 펀드로, 분산 투자 효과를 제공합니다."
글로벌대형주액티브펀드,"글로벌 시장의 대형주에 투자하는 액티브 펀드로, 분산 투자 효과를 제공합니다."
글로벌중형주액티브펀드,"글로벌 시장의 중형주에 투자하는 액티브 펀드로, 분산 투자 효과를 제공합니다."
글로벌소형주액티브펀드,"글로벌 시장의 소형주에 투자하는 액티브 펀드로, 분산 투자 효과를 제공합니다."
글로벌전체액티브펀드,"글로벌 시장의 전체에 투자하는 액티브 펀드로, 분산 투자 효과를 제공합니다."
글로벌성장주액티브펀드,"글로벌 시장의 성장주에 투자하는 액티브 펀드로, 분산 투자 효과를 제공합니다."
글로벌가치주액티브펀드,"글로벌 시장의 가치주에 투자하는 액티브 펀드로, 분산 투자 효과를 제공합니다."
아시아대형주액티브펀드,"아시아 시장의 대형주에 투자하는 액티브 펀드로, 분산 투자 효과를 제공합니다."
아시아중형주액티브펀드,"아시아 시장의 중형주에 투자하는 액티브 펀드로, 분산 투자 효과를 제공합니다."
아시아소형주액티브펀드,"아시아 시장의 소형주에 투자하는 액티브 펀드로, 분산 투자 효과를 제공합니다."
아시아전체액티브펀드,"아시아 시장의 전체에 투자하는 액티브 펀드로, 분산 투자 효과를 제공합니다."
아시아성장주액티브펀드,"아시아 시장의 성장주에 투자하는 액티브 펀드로, 분산 투자 효과를 제공합니다."
아시아가치주액티브펀드,"아시아 시장의 가치주에 투자하는 액티브 펀드로, 분산 투자 효과를 제공합니다."
미국대형주액티브펀드,"미국 시장의 대형주에 투자하는 액티브 펀드로, 분산 투자 효과를 제공합니다."
미국중형주액티브펀드,"미국 시장의 중형주에 투자하는 액티브 펀드로, 분산 투자 효과를 제공합니다."
미국소형주액티브펀드,"미국 시장의 소형주에 투자하는 액티브 펀드로, 분산 투자 효과를 제공합니다."
미국전체액티브펀드,"미국 시장의 전체에 투자하는 액티브 펀드로, 분산 투자 효과를 제공합니다."
미국성장주액티브펀드,"미국 시장의 성장주에 투자하는 액티브 펀드로, 분산 투자 효과를 제공합니다."
미국가치주액티브펀드,"미국 시장의 가치주에 투자하는 액티브 펀드로, 분산 투자 효과를 제공합니다."
유럽대형주액티브펀드,"유럽 시장의 대형주에 투자하는 액티브 펀드로, 분산 투자 효과를 제공합니다."
유럽중형주액티브펀드,"유럽 시장의 중형주에 투자하는 액티브 펀드로, 분산 투자 효과를 제공합니다."
유럽소형주액티브펀드,"유럽 시장의 소형주에 투자하는 액티브 펀드로, 분산 투자 효과를 제공합니다."
유럽전체액티브펀드,"유럽 시장의 전체에 투자하는 액티브 펀드로, 분산 투자 효과를 제공합니다."
유럽성장주액티브펀드,"유럽 시장의 성장주에 투자하는 액티브 펀드로, 분산 투자 효과를 제공합니다."
유럽가치주액티브펀드,"유럽 시장의 가치주에 투자하는 액티브 펀드로, 분산 투자 효과를 제공합니다."
중국대형주액티브펀드,"중국 시장의 대형주에 투자하는 액티브 펀드로, 분산 투자 효과를 제공합니다."
중국중형주액티브펀드,"중국 시장의 중형주에 투자하는 액티브 펀드로, 분산 투자 효과를 제공합니다."
중국소형주액티브펀드,"중국 시장의 소형주에 투자하는 액티브 펀드로, 분산 투자 효과를 제공합니다."
중국전체액티브펀드,"중국 시장의 전체에 투자하는 액티브 펀드로, 분산 투자 효과를 제공합니다."
중국성장주액티브펀드,"중국 시장의 성장주에 투자하는 액티브 펀드로, 분산 투자 효과를 제공합니다."
중국가치주액티브펀드,"중국 시장의 가치주에 투자하는 액티브 펀드로, 분산 투자 효과를 제공합니다."
일본대형주액티브펀드,"일본 시장의 대형주에 투자하는 액티브 펀드로, 분산 투자 효과를 제공합니다."
일본중형주액티브펀드,"일본 시장의 중형주에 투자하는 액티브 펀드로, 분산 투자 효과를 제공합니다."
일본소형주액티브펀드,"일본 시장의 소형주에 투자하는 액티브 펀드로, 분산 투자 효과를 제공합니다."
일본전체액티브펀드,"일본 시장의 전체에 투자하는 액티브 펀드로, 분산 투자 효과를 제공합니다."
일본성장주액티브펀드,"일본 시장의 성장주에 투자하는 액티브 펀드로, 분산 투자 효과를 제공합니다."
일본가치주액티브펀드,"일본 시장의 가치주에 투자하는 액티브 펀드로, 분산 투자 효과를 제공합니다."
국내대형주퀀트펀드,"국내 시장의 대형주에 투자하는 퀀트 펀드로, 분산 투자 효과를 제공합니다."
국내중형주퀀트펀드,"국내 시장의 중형주에 투자하는 퀀트 펀드로, 분산 투자 효과를 제공합니다."
국내소형주퀀트펀드,"국내 시장의 소형주에 투자하는 퀀트 펀드로, 분산 투자 효과를 제공합니다."
국내전체퀀트펀드,"국내 시장의 전체에 투자하는 퀀트 펀드로, 분산 투자 효과를 제공합니다."
국내성장주퀀트펀드,"국내 시장의 성장주에 투자하는 퀀트 펀드로, 분산 투자 효과를 제공합니다."
국내가치주퀀트펀드,"국내 시장의 가치주에 투자하는 퀀트 펀드로, 분산 투자 효과를 제공합니다."
해외선진국대형주퀀트펀드,"해외선진국 시장의 대형주에 투자하는 퀀트 펀드로, 분산 투자 효과를 제공합니다."
해외선진국중형주퀀트펀드,"해외선진국 시장의 중형주에 투자하는 퀀트 펀드로, 분산 투자 효과를 제공합니다."
해외선진국소형주퀀트펀드,"해외선진국 시장의 소형주에 투자하는 퀀트 펀드로, 분산 투자 효과를 제공합니다."
해외선진국전체퀀트펀드,"해외선진국 시장의 전체에 투자하는 퀀트 펀드로, 분산 투자 효과를 제공합니다."
해외선진국성장주퀀트펀드,"해외선진국 시장의 성장주에 투자하는 퀀트 펀드로, 분산 투자 효과를 제공합니다."
해외선진국가치주퀀트펀드,"해외선진국 시장의 가치주에 투자하는 퀀트 펀드로, 분산 투자 효과를 제공합니다."
신흥국대형주퀀트펀드,"신흥국 시장의 대형주에 투자하는 퀀트 펀드로, 분산 투자 효과를 제공합니다."
신흥국중형주퀀트펀드,"신흥국 시장의 중형주에 투자하는 퀀트 펀드로, 분산 투자 효과를 제공합니다."
신흥국소형주퀀트펀드,"신흥국 시장의 소형주에 투자하는 퀀트 펀드로, 분산 투자 효과를 제공합니다."
신흥국전체퀀트펀드,"신흥국 시장의 전체에 투자하는 퀀트 펀드로, 분산 투자 효과를 제공합니다."
신흥국성장주퀀트펀드,"신흥국 시장의 성장주에 투자하는 퀀트 펀드로, 분산 투자 효과를 제공합니다."
신흥국가치주퀀트펀드,"신흥국 시장의 가치주에 투자하는 퀀트 펀드로, 분산 투자 효과를 제공합니다."
글로벌대형주퀀트펀드,"글로벌 시장의 대형주에 투자하는 퀀트 펀드로, 분산 투자 효과를 제공합니다."
글로벌중형주퀀트펀드,"글로벌 시장의 중형주에 투자하는 퀀트 펀드로, 분산 투자 효과를 제공합니다."
글로벌소형주퀀트펀드,"글로벌 시장의 소형주에 투자하는 퀀트 펀드로, 분산 투자 효과를 제공합니다."
글로벌전체퀀트펀드,"글로벌 시장의 전체에 투자하는 퀀트 펀드로, 분산 투자 효과를 제공합니다."
글로벌성장주퀀트펀드,"글로벌 시장의 성장주에 투자하는 퀀트 펀드로, 분산 투자 효과를 제공합니다."
글로벌가치주퀀트펀드,"글로벌 시장의 가치주에 투자하는 퀀트 펀드로, 분산 투자 효과를 제공합니다."
아시아대형주퀀트펀드,"아시아 시장의 대형주에 투자하는 퀀트 펀드로, 분산 투자 효과를 제공합니다."
아시아중형주퀀트펀드,"아시아 시장의 중형주에 투자하는 퀀트 펀드로, 분산 투자 효과를 제공합니다."
아시아소형주퀀트펀드,"아시아 시장의 소형주에 투자하는 퀀트 펀드로, 분산 투자 효과를 제공합니다."
아시아전체퀀트펀드,"아시아 시장의 전체에 투자하는 퀀트 펀드로, 분산 투자 효과를 제공합니다."
아시아성장주퀀트펀드,"아시아 시장의 성장주에 투자하는 퀀트 펀드로, 분산 투자 효과를 제공합니다."
아시아가치주퀀트펀드,"아시아 시장의 가치주에 투자하는 퀀트 펀드로, 분산 투자 효과를 제공합니다."
미국대형주퀀트펀드,"미국 시장의 대형주에 투자하는 퀀트 펀드로, 분산 투자 효과를 제공합니다."
미국중형주퀀트펀드,"미국 시장의 중형주에 투자하는 퀀트 펀드로, 분산 투자 효과를 제공합니다."
미국소형주퀀트펀드,"미국 시장의 소형주에 투자하는 퀀트 펀드로, 분산 투자 효과를 제공합니다."
미국전체퀀트펀드,"미국 시장의 전체에 투자하는 퀀트 펀드로, 분산 투자 효과를 제공합니다."
미국성장주퀀트펀드,"미국 시장의 성장주에 투자하는 퀀트 펀드로, 분산 투자 효과를 제공합니다."
미국가치주퀀트펀드,"미국 시장의 가치주에 투자하는 퀀트 펀드로, 분산 투자 효과를 제공합니다."
유럽대형주퀀트펀드,"유럽 시장의 대형주에 투자하는 퀀트 펀드로, 분산 투자 효과를 제공합니다."
유럽중형주퀀트펀드,"유럽 시장의 중형주에 투자하는 퀀트 펀드로, 분산 투자 효과를 제공합니다."
유럽소형주퀀트펀드,"유럽 시장의 소형주에 투자하는 퀀트 펀드로, 분산 투자 효과를 제공합니다."
유럽전체퀀트펀드,"유럽 시장의 전체에 투자하는 퀀트 펀드로, 분산 투자 효과를 제공합니다."
유럽성장주퀀트펀드,"유럽 시장의 성장주에 투자하는 퀀트 펀드로, 분산 투자 효과를 제공합니다."
유럽가치주퀀트펀드,"유럽 시장의 가치주에 투자하는 퀀트 펀드로, 분산 투자 효과를 제공합니다."
중국대형주퀀트펀드,"중국 시장의 대형주에 투자하는 퀀트 펀드로, 분산 투자 효과를 제공합니다."
중국중형주퀀트펀드,"중국 시장의 중형주에 투자하는 퀀트 펀드로, 분산 투자 효과를 제공합니다."
중국소형주퀀트펀드,"중국 시장의 소형주에 투자하는 퀀트 펀드로, 분산 투자 효과를 제공합니다."
중국전체퀀트펀드,"중국 시장의 전체에 투자하는 퀀트 펀드로, 분산 투자 효과를 제공합니다."
중국성장주퀀트펀드,"중국 시장의 성장주에 투자하는 퀀트 펀드로, 분산 투자 효과를 제공합니다."
중국가치주퀀트펀드,"중국 시장의 가치주에 투자하는 퀀트 펀드로, 분산 투자 효과를 제공합니다."
일본대형주퀀트펀드,"일본 시장의 대형주에 투자하는 퀀트 펀드로, 분산 투자 효과를 제공합니다."
일본중형주퀀트펀드,"일본 시장의 중형주에 투자하는 퀀트 펀드로, 분산 투자 효과를 제공합니다."
일본소형주퀀트펀드,"일본 시장의 소형주에 투자하는 퀀트 펀드로, 분산 투자 효과를 제공합니다."
일본전체퀀트펀드,"일본 시장의 전체에 투자하는 퀀트 펀드로, 분산 투자 효과를 제공합니다."
일본성장주퀀트펀드,"일본 시장의 성장주에 투자하는 퀀트 펀드로, 분산 투자 효과를 제공합니다."
일본가치주퀀트펀드,"일본 시장의 가치주에 투자하는 퀀트 펀드로, 분산 투자 효과를 제공합니다."
주가지수유러피언형선물,"주가지수를 기초자산으로 하는 유러피언형 선물으로, 특정 조건에서 거래됩니다."
주가지수아메리칸형선물,"주가지수를 기초자산으로 하는 아메리칸형 선물으로, 특정 조건에서 거래됩니다."
주가지수버뮤다형선물,"주가지수를 기초자산으로 하는 버뮤다형 선물으로, 특정 조건에서 거래됩니다."
주가지수아시안형선물,"주가지수를 기초자산으로 하는 아시안형 선물으로, 특정 조건에서 거래됩니다."
주가지수배리어형선물,"주가지수를 기초자산으로 하는 배리어형 선물으로, 특정 조건에서 거래됩니다."
주가지수룩백형선물,"주가지수를 기초자산으로 하는 룩백형 선물으로, 특정 조건에서 거래됩니다."
주가지수바이너리형선물,"주가지수를 기초자산으로 하는 바이너리형 선물으로, 특정 조건에서 거래됩니다."
주가지수디지털형선물,"주가지수를 기초자산으로 하는 디지털형 선물으로, 특정 조건에서 거래됩니다."
주가지수유러피언형옵션,"주가지수를 기초자산으로 하는 유러피언형 옵션으로, 특정 조건에서 거래됩니다."
주가지수아메리칸형옵션,"주가지수를 기초자산으로 하는 아메리칸형 옵션으로, 특정 조건에서 거래됩니다."
주가지수버뮤다형옵션,"주가지수를 기초자산으로 하는 버뮤다형 옵션으로, 특정 조건에서 거래됩니다."
주가지수아시안형옵션,"주가지수를 기초자산으로 하는 아시안형 옵션으로, 특정 조건에서 거래됩니다."
주가지수배리어형옵션,"주가지수를 기초자산으로 하는 배리어형 옵션으로, 특정 조건에서 거래됩니다."
주가지수룩백형옵션,"주가지수를 기초자산으로 하는 룩백형 옵션으로, 특정 조건에서 거래됩니다."
주가지수바이너리형옵션,"주가지수를 기초자산으로 하는 바이너리형 옵션으로, 특정 조건에서 거래됩니다."
주가지수디지털형옵션,"주가지수를 기초자산으로 하는 디지털형 옵션으로, 특정 조건에서 거래됩니다."
주가지수유러피언형스왑,"주가지수를 기초자산으로 하는 유러피언형 스왑으로, 특정 조건에서 거래됩니다."
주가지수아메리칸형스왑,"주가지수를 기초자산으로 하는 아메리칸형 스왑으로, 특정 조건에서 거래됩니다."
주가지수버뮤다형스왑,"주가지수를 기초자산으로 하는 버뮤다형 스왑으로, 특정 조건에서 거래됩니다."
주가지수아시안형스왑,"주가지수를 기초자산으로 하는 아시안형 스왑으로, 특정 조건에서 거래됩니다."
주가지수배리어형스왑,"주가지수를 기초자산으로 하는 배리어형 스왑으로, 특정 조건에서 거래됩니다."
주가지수룩백형스왑,"주가지수를 기초자산으로 하는 룩백형 스왑으로, 특정 조건에서 거래됩니다."
주가지수바이너리형스왑,"주가지수를 기초자산으로 하는 바이너리형 스왑으로, 특정 조건에서 거래됩니다."
주가지수디지털형스왑,"주가지수를 기초자산으로 하는 디지털형 스왑으로, 특정 조건에서 거래됩니다."
주가지수유러피언형선도,"주가지수를 기초자산으로 하는 유러피언형 선도으로, 특정 조건에서 거래됩니다."
주가지수아메리칸형선도,"주가지수를 기초자산으로 하는 아메리칸형 선도으로, 특정 조건에서 거래됩니다."
주가지수버뮤다형선도,"주가지수를 기초자산으로 하는 버뮤다형 선도으로, 특정 조건에서 거래됩니다."
주가지수아시안형선도,"주가지수를 기초자산으로 하는 아시안형 선도으로, 특정 조건에서 거래됩니다."
주가지수배리어형선도,"주가지수를 기초자산으로 하는 배리어형 선도으로, 특정 조건에서 거래됩니다."
주가지수룩백형선도,"주가지수를 기초자산으로 하는 룩백형 선도으로, 특정 조건에서 거래됩니다."
주가지수바이너리형선도,"주가지수를 기초자산으로 하는 바이너리형 선도으로, 특정 조건에서 거래됩니다."
주가지수디지털형선도,"주가지수를 기초자산으로 하는 디지털형 선도으로, 특정 조건에서 거래됩니다."
주가지수유러피언형워런트,"주가지수를 기초자산으로 하는 유러피언형 워런트으로, 특정 조건에서 거래됩니다."
주가지수아메리칸형워런트,"주가지수를 기초자산으로 하는 아메리칸형 워런트으로, 특정 조건에서 거래됩니다."
주가지수버뮤다형워런트,"주가지수를 기초자산으로 하는 버뮤다형 워런트으로, 특정 조건에서 거래됩니다."
주가지수아시안형워런트,"주가지수를 기초자산으로 하는 아시안형 워런트으로, 특정 조건에서 거래됩니다."
주가지수배리어형워런트,"주가지수를 기초자산으로 하는 배리어형 워런트으로, 특정 조건에서 거래됩니다."
주가지수룩백형워런트,"주가지수를 기초자산으로 하는 룩백형 워런트으로, 특정 조건에서 거래됩니다."
주가지수바이너리형워런트,"주가지수를 기초자산으로 하는 바이너리형 워런트으로, 특정 조건에서 거래됩니다."
주가지수디지털형워런트,"주가지수를 기초자산으로 하는 디지털형 워런트으로, 특정 조건에서 거래됩니다."
주가지수유러피언형ELW,"주가지수를 기초자산으로 하는 유러피언형 ELW으로, 특정 조건에서 거래됩니다."
주가지수아메리칸형ELW,"주가지수를 기초자산으로 하는 아메리칸형 ELW으로, 특정 조건에서 거래됩니다."
주가지수버뮤다형ELW,"주가지수를 기초자산으로 하는 버뮤다형 ELW으로, 특정 조건에서 거래됩니다."
주가지수아시안형ELW,"주가지수를 기초자산으로 하는 아시안형 ELW으로, 특정 조건에서 거래됩니다."
주가지수배리어형ELW,"주가지수를 기초자산으로 하는 배리어형 ELW으로, 특정 조건에서 거래됩니다."
주가지수룩백형ELW,"주가지수를 기초자산으로 하는 룩백형 ELW으로, 특정 조건에서 거래됩니다."
주가지수바이너리형ELW,"주가지수를 기초자산으로 하는 바이너리형 ELW으로, 특정 조건에서 거래됩니다."
주가지수디지털형ELW,"주가지수를 기초자산으로 하는 디지털형 ELW으로, 특정 조건에서 거래됩니다."
개별주식유러피언형선물,"개별주식를 기초자산으로 하는 유러피언형 선물으로, 특정 조건에서 거래됩니다."
개별주식아메리칸형선물,"개별주식를 기초자산으로 하는 아메리칸형 선물으로, 특정 조건에서 거래됩니다."
개별주식버뮤다형선물,"개별주식를 기초자산으로 하는 버뮤다형 선물으로, 특정 조건에서 거래됩니다."
개별주식아시안형선물,"개별주식를 기초자산으로 하는 아시안형 선물으로, 특정 조건에서 거래됩니다."
개별주식배리어형선물,"개별주식를 기초자산으로 하는 배리어형 선물으로, 특정 조건에서 거래됩니다."
개별주식룩백형선물,"개별주식를 기초자산으로 하는 룩백형 선물으로, 특정 조건에서 거래됩니다."
개별주식바이너리형선물,"개별주식를 기초자산으로 하는 바이너리형 선물으로, 특정 조건에서 거래됩니다."
개별주식디지털형선물,"개별주식를 기초자산으로 하는 디지털형 선물으로, 특정 조건에서 거래됩니다."
개별주식유러피언형옵션,"개별주식를 기초자산으로 하는 유러피언형 옵션으로, 특정 조건에서 거래됩니다."
개별주식아메리칸형옵션,"개별주식를 기초자산으로 하는 아메리칸형 옵션으로, 특정 조건에서 거래됩니다."
개별주식버뮤다형옵션,"개별주식를 기초자산으로 하는 버뮤다형 옵션으로, 특정 조건에서 거래됩니다."
개별주식아시안형옵션,"개별주식를 기초자산으로 하는 아시안형 옵션으로, 특정 조건에서 거래됩니다."
개별주식배리어형옵션,"개별주식를 기초자산으로 하는 배리어형 옵션으로, 특정 조건에서 거래됩니다."
개별주식룩백형옵션,"개별주식를 기초자산으로 하는 룩백형 옵션으로, 특정 조건에서 거래됩니다."
개별주식바이너리형옵션,"개별주식를 기초자산으로 하는 바이너리형 옵션으로, 특정 조건에서 거래됩니다."
개별주식디지털형옵션,"개별주식를 기초자산으로 하는 디지털형 옵션으로, 특정 조건에서 거래됩니다."
개별주식유러피언형스왑,"개별주식를 기초자산으로 하는 유러피언형 스왑으로, 특정 조건에서 거래됩니다."
개별주식아메리칸형스왑,"개별주식를 기초자산으로 하는 아메리칸형 스왑으로, 특정 조건에서 거래됩니다."
개별주식버뮤다형스왑,"개별주식를 기초자산으로 하는 버뮤다형 스왑으로, 특정 조건에서 거래됩니다."
개별주식아시안형스왑,"개별주식를 기초자산으로 하는 아시안형 스왑으로, 특정 조건에서 거래됩니다."
개별주식배리어형스왑,"개별주식를 기초자산으로 하는 배리어형 스왑으로, 특정 조건에서 거래됩니다."
개별주식룩백형스왑,"개별주식를 기초자산으로 하는 룩백형 스왑으로, 특정 조건에서 거래됩니다."
개별주식바이너리형스왑,"개별주식를 기초자산으로 하는 바이너리형 스왑으로, 특정 조건에서 거래됩니다."
개별주식디지털형스왑,"개별주식를 기초자산으로 하는 디지털형 스왑으로, 특정 조건에서 거래됩니다."
개별주식유러피언형선도,"개별주식를 기초자산으로 하는 유러피언형 선도으로, 특정 조건에서 거래됩니다."
개별주식아메리칸형선도,"개별주식를 기초자산으로 하는 아메리칸형 선도으로, 특정 조건에서 거래됩니다."
개별주식버뮤다형선도,"개별주식를 기초자산으로 하는 버뮤다형 선도으로, 특정 조건에서 거래됩니다."
개별주식아시안형선도,"개별주식를 기초자산으로 하는 아시안형 선도으로, 특정 조건에서 거래됩니다."
개별주식배리어형선도,"개별주식를 기초자산으로 하는 배리어형 선도으로, 특정 조건에서 거래됩니다."
개별주식룩백형선도,"개별주식를 기초자산으로 하는 룩백형 선도으로, 특정 조건에서 거래됩니다."
개별주식바이너리형선도,"개별주식를 기초자산으로 하는 바이너리형 선도으로, 특정 조건에서 거래됩니다."
개별주식디지털형선도,"개별주식를 기초자산으로 하는 디지털형 선도으로, 특정 조건에서 거래됩니다."
개별주식유러피언형워런트,"개별주식를 기초자산으로 하는 유러피언형 워런트으로, 특정 조건에서 거래됩니다."
개별주식아메리칸형워런트,"개별주식를 기초자산으로 하는 아메리칸형 워런트으로, 특정 조건에서 거래됩니다."
개별주식버뮤다형워런트,"개별주식를 기초자산으로 하는 버뮤다형 워런트으로, 특정 조건에서 거래됩니다."
개별주식아시안형워런트,"개별주식를 기초자산으로 하는 아시안형 워런트으로, 특정 조건에서 거래됩니다."
개별주식배리어형워런트,"개별주식를 기초자산으로 하는 배리어형 워런트으로, 특정 조건에서 거래됩니다."
개별주식룩백형워런트,"개별주식를 기초자산으로 하는 룩백형 워런트으로, 특정 조건에서 거래됩니다."
개별주식바이너리형워런트,"개별주식를 기초자산으로 하는 바이너리형 워런트으로, 특정 조건에서 거래됩니다."
개별주식디지털형워런트,"개별주식를 기초자산으로 하는 디지털형 워런트으로, 특정 조건에서 거래됩니다."
개별주식유러피언형ELW,"개별주식를 기초자산으로 하는 유러피언형 ELW으로, 특정 조건에서 거래됩니다."
개별주식아메리칸형ELW,"개별주식를 기초자산으로 하는 아메리칸형 ELW으로, 특정 조건에서 거래됩니다."
개별주식버뮤다형ELW,"개별주식를 기초자산으로 하는 버뮤다형 ELW으로, 특정 조건에서 거래됩니다."
개별주식아시안형ELW,"개별주식를 기초자산으로 하는 아시안형 ELW으로, 특정 조건에서 거래됩니다."
개별주식배리어형ELW,"개별주식를 기초자산으로 하는 배리어형 ELW으로, 특정 조건에서 거래됩니다."
개별주식룩백형ELW,"개별주식를 기초자산으로 하는 룩백형 ELW으로, 특정 조건에서 거래됩니다."
개별주식바이너리형ELW,"개별주식를 기초자산으로 하는 바이너리형 ELW으로, 특정 조건에서 거래됩니다."
개별주식디지털형ELW,"개별주식를 기초자산으로 하는 디지털형 ELW으로, 특정 조건에서 거래됩니다."
금리유러피언형선물,"금리를 기초자산으로 하는 유러피언형 선물으로, 특정 조건에서 거래됩니다."
금리아메리칸형선물,"금리를 기초자산으로 하는 아메리칸형 선물으로, 특정 조건에서 거래됩니다."
금리버뮤다형선물,"금리를 기초자산으로 하는 버뮤다형 선물으로, 특정 조건에서 거래됩니다."
금리아시안형선물,"금리를 기초자산으로 하는 아시안형 선물으로, 특정 조건에서 거래됩니다."
금리배리어형선물,"금리를 기초자산으로 하는 배리어형 선물으로, 특정 조건에서 거래됩니다."
금리룩백형선물,"금리를 기초자산으로 하는 룩백형 선물으로, 특정 조건에서 거래됩니다."
금리바이너리형선물,"금리를 기초자산으로 하는 바이너리형 선물으로, 특정 조건에서 거래됩니다."
금리디지털형선물,"금리를 기초자산으로 하는 디지털형 선물으로, 특정 조건에서 거래됩니다."
금리유러피언형옵션,"금리를 기초자산으로 하는 유러피언형 옵션으로, 특정 조건에서 거래됩니다."
금리아메리칸형옵션,"금리를 기초자산으로 하는 아메리칸형 옵션으로, 특정 조건에서 거래됩니다."
금리버뮤다형옵션,"금리를 기초자산으로 하는 버뮤다형 옵션으로, 특정 조건에서 거래됩니다."
금리아시안형옵션,"금리를 기초자산으로 하는 아시안형 옵션으로, 특정 조건에서 거래됩니다."
금리배리어형옵션,"금리를 기초자산으로 하는 배리어형 옵션으로, 특정 조건에서 거래됩니다."
금리룩백형옵션,"금리를 기초자산으로 하는 룩백형 옵션으로, 특정 조건에서 거래됩니다."
금리바이너리형옵션,"금리를 기초자산으로 하는 바이너리형 옵션으로, 특정 조건에서 거래됩니다."
금리디지털형옵션,"금리를 기초자산으로 하는 디지털형 옵션으로, 특정 조건에서 거래됩니다."
금리유러피언형스왑,"금리를 기초자산으로 하는 유러피언형 스왑으로, 특정 조건에서 거래됩니다."
금리아메리칸형스왑,"금리를 기초자산으로 하는 아메리칸형 스왑으로, 특정 조건에서 거래됩니다."
금리버뮤다형스왑,"금리를 기초자산으로 하는 버뮤다형 스왑으로, 특정 조건에서 거래됩니다."
금리아시안형스왑,"금리를 기초자산으로 하는 아시안형 스왑으로, 특정 조건에서 거래됩니다."
금리배리어형스왑,"금리를 기초자산으로 하는 배리어형 스왑으로, 특정 조건에서 거래됩니다."
금리룩백형스왑,"금리를 기초자산으로 하는 룩백형 스왑으로, 특정 조건에서 거래됩니다."
금리바이너리형스왑,"금리를 기초자산으로 하는 바이너리형 스왑으로, 특정 조건에서 거래됩니다."
금리디지털형스왑,"금리를 기초자산으로 하는 디지털형 스왑으로, 특정 조건에서 거래됩니다."
금리유러피언형선도,"금리를 기초자산으로 하는 유러피언형 선도으로, 특정 조건에서 거래됩니다."
금리아메리칸형선도,"금리를 기초자산으로 하는 아메리칸형 선도으로, 특정 조건에서 거래됩니다."
금리버뮤다형선도,"금리를 기초자산으로 하는 버뮤다형 선도으로, 특정 조건에서 거래됩니다."
금리아시안형선도,"금리를 기초자산으로 하는 아시안형 선도으로, 특정 조건에서 거래됩니다."
금리배리어형선도,"금리를 기초자산으로 하는 배리어형 선도으로, 특정 조건에서 거래됩니다."
금리룩백형선도,"금리를 기초자산으로 하는 룩백형 선도으로, 특정 조건에서 거래됩니다."
금리바이너리형선도,"금리를 기초자산으로 하는 바이너리형 선도으로, 특정 조건에서 거래됩니다."
금리디지털형선도,"금리를 기초자산으로 하는 디지털형 선도으로, 특정 조건에서 거래됩니다."
금리유러피언형워런트,"금리를 기초자산으로 하는 유러피언형 워런트으로, 특정 조건에서 거래됩니다."
금리아메리칸형워런트,"금리를 기초자산으로 하는 아메리칸형 워런트으로, 특정 조건에서 거래됩니다."
금리버뮤다형워런트,"금리를 기초자산으로 하는 버뮤다형 워런트으로, 특정 조건에서 거래됩니다."
금리아시안형워런트,"금리를 기초자산으로 하는 아시안형 워런트으로, 특정 조건에서 거래됩니다."
금리배리어형워런트,"금리를 기초자산으로 하는 배리어형 워런트으로, 특정 조건에서 거래됩니다."
금리룩백형워런트,"금리를 기초자산으로 하는 룩백형 워런트으로, 특정 조건에서 거래됩니다."
금리바이너리형워런트,"금리를 기초자산으로 하는 바이너리형 워런트으로, 특정 조건에서 거래됩니다."
금리디지털형워런트,"금리를 기초자산으로 하는 디지털형 워런트으로, 특정 조건에서 거래됩니다."
금리유러피언형ELW,"금리를 기초자산으로 하는 유러피언형 ELW으로, 특정 조건에서 거래됩니다."
금리아메리칸형ELW,"금리를 기초자산으로 하는 아메리칸형 ELW으로, 특정 조건에서 거래됩니다."
금리버뮤다형ELW,"금리를 기초자산으로 하는 버뮤다형 ELW으로, 특정 조건에서 거래됩니다."
금리아시안형ELW,"금리를 기초자산으로 하는 아시안형 ELW으로, 특정 조건에서 거래됩니다."
금리배리어형ELW,"금리를 기초자산으로 하는 배리어형 ELW으로, 특정 조건에서 거래됩니다."
금리룩백형ELW,"금리를 기초자산으로 하는 룩백형 ELW으로, 특정 조건에서 거래됩니다."
금리바이너리형ELW,"금리를 기초자산으로 하는 바이너리형 ELW으로, 특정 조건에서 거래됩니다."
금리디지털형ELW,"금리를 기초자산으로 하는 디지털형 ELW으로, 특정 조건에서 거래됩니다."
통화유러피언형선물,"통화를 기초자산으로 하는 유러피언형 선물으로, 특정 조건에서 거래됩니다."
통화아메리칸형선물,"통화를 기초자산으로 하는 아메리칸형 선물으로, 특정 조건에서 거래됩니다."
통화버뮤다형선물,"통화를 기초자산으로 하는 버뮤다형 선물으로, 특정 조건에서 거래됩니다."
통화아시안형선물,"통화를 기초자산으로 하는 아시안형 선물으로, 특정 조건에서 거래됩니다."
통화배리어형선물,"통화를 기초자산으로 하는 배리어형 선물으로, 특정 조건에서 거래됩니다."
통화룩백형선물,"통화를 기초자산으로 하는 룩백형 선물으로, 특정 조건에서 거래됩니다."
통화바이너리형선물,"통화를 기초자산으로 하는 바이너리형 선물으로, 특정 조건에서 거래됩니다."
통화디지털형선물,"통화를 기초자산으로 하는 디지털형 선물으로, 특정 조건에서 거래됩니다."
통화유러피언형옵션,"통화를 기초자산으로 하는 유러피언형 옵션으로, 특정 조건에서 거래됩니다."
통화아메리칸형옵션,"통화를 기초자산으로 하는 아메리칸형 옵션으로, 특정 조건에서 거래됩니다."
통화버뮤다형옵션,"통화를 기초자산으로 하는 버뮤다형 옵션으로, 특정 조건에서 거래됩니다."
통화아시안형옵션,"통화를 기초자산으로 하는 아시안형 옵션으로, 특정 조건에서 거래됩니다."
통화배리어형옵션,"통화를 기초자산으로 하는 배리어형 옵션으로, 특정 조건에서 거래됩니다."
통화룩백형옵션,"통화를 기초자산으로 하는 룩백형 옵션으로, 특정 조건에서 거래됩니다."
통화바이너리형옵션,"통화를 기초자산으로 하는 바이너리형 옵션으로, 특정 조건에서 거래됩니다."
통화디지털형옵션,"통화를 기초자산으로 하는 디지털형 옵션으로, 특정 조건에서 거래됩니다."
통화유러피언형스왑,"통화를 기초자산으로 하는 유러피언형 스왑으로, 특정 조건에서 거래됩니다."
통화아메리칸형스왑,"통화를 기초자산으로 하는 아메리칸형 스왑으로, 특정 조건에서 거래됩니다."
통화버뮤다형스왑,"통화를 기초자산으로 하는 버뮤다형 스왑으로, 특정 조건에서 거래됩니다."
통화아시안형스왑,"통화를 기초자산으로 하는 아시안형 스왑으로, 특정 조건에서 거래됩니다."
통화배리어형스왑,"통화를 기초자산으로 하는 배리어형 스왑으로, 특정 조건에서 거래됩니다."
통화룩백형스왑,"통화를 기초자산으로 하는 룩백형 스왑으로, 특정 조건에서 거래됩니다."
통화바이너리형스왑,"통화를 기초자산으로 하는 바이너리형 스왑으로, 특정 조건에서 거래됩니다."
통화디지털형스왑,"통화를 기초자산으로 하는 디지털형 스왑으로, 특정 조건에서 거래됩니다."
통화유러피언형선도,"통화를 기초자산으로 하는 유러피언형 선도으로, 특정 조건에서 거래됩니다."
통화아메리칸형선도,"통화를 기초자산으로 하는 아메리칸형 선도으로, 특정 조건에서 거래됩니다."
통화버뮤다형선도,"통화를 기초자산으로 하는 버뮤다형 선도으로, 특정 조건에서 거래됩니다."
통화아시안형선도,"통화를 기초자산으로 하는 아시안형 선도으로, 특정 조건에서 거래됩니다."
통화배리어형선도,"통화를 기초자산으로 하는 배리어형 선도으로, 특정 조건에서 거래됩니다."
통화룩백형선도,"통화를 기초자산으로 하는 룩백형 선도으로, 특정 조건에서 거래됩니다."
통화바이너리형선도,"통화를 기초자산으로 하는 바이너리형 선도으로, 특정 조건에서 거래됩니다."
통화디지털형선도,"통화를 기초자산으로 하는 디지털형 선도으로, 특정 조건에서 거래됩니다."
통화유러피언형워런트,"통화를 기초자산으로 하는 유러피언형 워런트으로, 특정 조건에서 거래됩니다."
통화아메리칸형워런트,"통화를 기초자산으로 하는 아메리칸형 워런트으로, 특정 조건에서 거래됩니다."
통화버뮤다형워런트,"통화를 기초자산으로 하는 버뮤다형 워런트으로, 특정 조건에서 거래됩니다."
통화아시안형워런트,"통화를 기초자산으로 하는 아시안형 워런트으로, 특정 조건에서 거래됩니다."
통화배리어형워런트,"통화를 기초자산으로 하는 배리어형 워런트으로, 특정 조건에서 거래됩니다."
통화룩백형워런트,"통화를 기초자산으로 하는 룩백형 워런트으로, 특정 조건에서 거래됩니다."
통화바이너리형워런트,"통화를 기초자산으로 하는 바이너리형 워런트으로, 특정 조건에서 거래됩니다."
통화디지털형워런트,"통화를 기초자산으로 하는 디지털형 워런트으로, 특정 조건에서 거래됩니다."
통화유러피언형ELW,"통화를 기초자산으로 하는 유러피언형 ELW으로, 특정 조건에서 거래됩니다."
통화아메리칸형ELW,"통화를 기초자산으로 하는 아메리칸형 ELW으로, 특정 조건에서 거래됩니다."
통화버뮤다형ELW,"통화를 기초자산으로 하는 버뮤다형 ELW으로, 특정 조건에서 거래됩니다."
통화아시안형ELW,"통화를 기초자산으로 하는 아시안형 ELW으로, 특정 조건에서 거래됩니다."
통화배리어형ELW,"통화를 기초자산으로 하는 배리어형 ELW으로, 특정 조건에서 거래됩니다."
통화룩백형ELW,"통화를 기초자산으로 하는 룩백형 ELW으로, 특정 조건에서 거래됩니다."
통화바이너리형ELW,"통화를 기초자산으로 하는 바이너리형 ELW으로, 특정 조건에서 거래됩니다."
통화디지털형ELW,"통화를 기초자산으로 하는 디지털형 ELW으로, 특정 조건에서 거래됩니다."
원자재유러피언형선물,"원자재를 기초자산으로 하는 유러피언형 선물으로, 특정 조건에서 거래됩니다."
원자재아메리칸형선물,"원자재를 기초자산으로 하는 아메리칸형 선물으로, 특정 조건에서 거래됩니다."
원자재버뮤다형선물,"원자재를 기초자산으로 하는 버뮤다형 선물으로, 특정 조건에서 거래됩니다."
원자재아시안형선물,"원자재를 기초자산으로 하는 아시안형 선물으로, 특정 조건에서 거래됩니다."
원자재배리어형선물,"원자재를 기초자산으로 하는 배리어형 선물으로, 특정 조건에서 거래됩니다."
원자재룩백형선물,"원자재를 기초자산으로 하는 룩백형 선물으로, 특정 조건에서 거래됩니다."
원자재바이너리형선물,"원자재를 기초자산으로 하는 바이너리형 선물으로, 특정 조건에서 거래됩니다."
원자재디지털형선물,"원자재를 기초자산으로 하는 디지털형 선물으로, 특정 조건에서 거래됩니다."
원자재유러피언형옵션,"원자재를 기초자산으로 하는 유러피언형 옵션으로, 특정 조건에서 거래됩니다."
원자재아메리칸형옵션,"원자재를 기초자산으로 하는 아메리칸형 옵션으로, 특정 조건에서 거래됩니다."
원자재버뮤다형옵션,"원자재를 기초자산으로 하는 버뮤다형 옵션으로, 특정 조건에서 거래됩니다."
원자재아시안형옵션,"원자재를 기초자산으로 하는 아시안형 옵션으로, 특정 조건에서 거래됩니다."
원자재배리어형옵션,"원자재를 기초자산으로 하는 배리어형 옵션으로, 특정 조건에서 거래됩니다."
원자재룩백형옵션,"원자재를 기초자산으로 하는 룩백형 옵션으로, 특정 조건에서 거래됩니다."
원자재바이너리형옵션,"원자재를 기초자산으로 하는 바이너리형 옵션으로, 특정 조건에서 거래됩니다."
원자재디지털형옵션,"원자재를 기초자산으로 하는 디지털형 옵션으로, 특정 조건에서 거래됩니다."
원자재유러피언형스왑,"원자재를 기초자산으로 하는 유러피언형 스왑으로, 특정 조건에서 거래됩니다."
원자재아메리칸형스왑,"원자재를 기초자산으로 하는 아메리칸형 스왑으로, 특정 조건에서 거래됩니다."
원자재버뮤다형스왑,"원자재를 기초자산으로 하는 버뮤다형 스왑으로, 특정 조건에서 거래됩니다."
원자재아시안형스왑,"원자재를 기초자산으로 하는 아시안형 스왑으로, 특정 조건에서 거래됩니다."
원자재배리어형스왑,"원자재를 기초자산으로 하는 배리어형 스왑으로, 특정 조건에서 거래됩니다."
원자재룩백형스왑,"원자재를 기초자산으로 하는 룩백형 스왑으로, 특정 조건에서 거래됩니다."
원자재바이너리형스왑,"원자재를 기초자산으로 하는 바이너리형 스왑으로, 특정 조건에서 거래됩니다."
원자재디지털형스왑,"원자재를 기초자산으로 하는 디지털형 스왑으로, 특정 조건에서 거래됩니다."
원자재유러피언형선도,"원자재를 기초자산으로 하는 유러피언형 선도으로, 특정 조건에서 거래됩니다."
원자재아메리칸형선도,"원자재를 기초자산으로 하는 아메리칸형 선도으로, 특정 조건에서 거래됩니다."
원자재버뮤다형선도,"원자재를 기초자산으로 하는 버뮤다형 선도으로, 특정 조건에서 거래됩니다."
원자재아시안형선도,"원자재를 기초자산으로 하는 아시안형 선도으로, 특정 조건에서 거래됩니다."
원자재배리어형선도,"원자재를 기초자산으로 하는 배리어형 선도으로, 특정 조건에서 거래됩니다."
원자재룩백형선도,"원자재를 기초자산으로 하는 룩백형 선도으로, 특정 조건에서 거래됩니다."
원자재바이너리형선도,"원자재를 기초자산으로 하는 바이너리형 선도으로, 특정 조건에서 거래됩니다."
원자재디지털형선도,"원자재를 기초자산으로 하는 디지털형 선도으로, 특정 조건에서 거래됩니다."
원자재유러피언형워런트,"원자재를 기초자산으로 하는 유러피언형 워런트으로, 특정 조건에서 거래됩니다."
원자재아메리칸형워런트,"원자재를 기초자산으로 하는 아메리칸형 워런트으로, 특정 조건에서 거래됩니다."
원자재버뮤다형워런트,"원자재를 기초자산으로 하는 버뮤다형 워런트으로, 특정 조건에서 거래됩니다."
원자재아시안형워런트,"원자재를 기초자산으로 하는 아시안형 워런트으로, 특정 조건에서 거래됩니다."
원자재배리어형워런트,"원자재를 기초자산으로 하는 배리어형 워런트으로, 특정 조건에서 거래됩니다."
원자재룩백형워런트,"원자재를 기초자산으로 하는 룩백형 워런트으로, 특정 조건에서 거래됩니다."
원자재바이너리형워런트,"원자재를 기초자산으로 하는 바이너리형 워런트으로, 특정 조건에서 거래됩니다."
원자재디지털형워런트,"원자재를 기초자산으로 하는 디지털형 워런트으로, 특정 조건에서 거래됩니다."
원자재유러피언형ELW,"원자재를 기초자산으로 하는 유러피언형 ELW으로, 특정 조건에서 거래됩니다."
원자재아메리칸형ELW,"원자재를 기초자산으로 하는 아메리칸형 ELW으로, 특정 조건에서 거래됩니다."
원자재버뮤다형ELW,"원자재를 기초자산으로 하는 버뮤다형 ELW으로, 특정 조건에서 거래됩니다."
원자재아시안형ELW,"원자재를 기초자산으로 하는 아시안형 ELW으로, 특정 조건에서 거래됩니다."
원자재배리어형ELW,"원자재를 기초자산으로 하는 배리어형 ELW으로, 특정 조건에서 거래됩니다."
원자재룩백형ELW,"원자재를 기초자산으로 하는 룩백형 ELW으로, 특정 조건에서 거래됩니다."
원자재바이너리형ELW,"원자재를 기초자산으로 하는 바이너리형 ELW으로, 특정 조건에서 거래됩니다."
원자재디지털형ELW,"원자재를 기초자산으로 하는 디지털형 ELW으로, 특정 조건에서 거래됩니다."
신용유러피언형선물,"신용를 기초자산으로 하는 유러피언형 선물으로, 특정 조건에서 거래됩니다."
신용아메리칸형선물,"신용를 기초자산으로 하는 아메리칸형 선물으로, 특정 조건에서 거래됩니다."
신용버뮤다형선물,"신용를 기초자산으로 하는 버뮤다형 선물으로, 특정 조건에서 거래됩니다."
신용아시안형선물,"신용를 기초자산으로 하는 아시안형 선물으로, 특정 조건에서 거래됩니다."
신용배리어형선물,"신용를 기초자산으로 하는 배리어형 선물으로, 특정 조건에서 거래됩니다."
신용룩백형선물,"신용를 기초자산으로 하는 룩백형 선물으로, 특정 조건에서 거래됩니다."
신용바이너리형선물,"신용를 기초자산으로 하는 바이너리형 선물으로, 특정 조건에서 거래됩니다."
신용디지털형선물,"신용를 기초자산으로 하는 디지털형 선물으로, 특정 조건에서 거래됩니다."
신용유러피언형옵션,"신용를 기초자산으로 하는 유러피언형 옵션으로, 특정 조건에서 거래됩니다."
신용아메리칸형옵션,"신용를 기초자산으로 하는 아메리칸형 옵션으로, 특정 조건에서 거래됩니다."
신용버뮤다형옵션,"신용를 기초자산으로 하는 버뮤다형 옵션으로, 특정 조건에서 거래됩니다."
신용아시안형옵션,"신용를 기초자산으로 하는 아시안형 옵션으로, 특정 조건에서 거래됩니다."
신용배리어형옵션,"신용를 기초자산으로 하는 배리어형 옵션으로, 특정 조건에서 거래됩니다."
신용룩백형옵션,"신용를 기초자산으로 하는 룩백형 옵션으로, 특정 조건에서 거래됩니다."
신용바이너리형옵션,"신용를 기초자산으로 하는 바이너리형 옵션으로, 특정 조건에서 거래됩니다."
신용디지털형옵션,"신용를 기초자산으로 하는 디지털형 옵션으로, 특정 조건에서 거래됩니다."
신용유러피언형스왑,"신용를 기초자산으로 하는 유러피언형 스왑으로, 특정 조건에서 거래됩니다."
신용아메리칸형스왑,"신용를 기초자산으로 하는 아메리칸형 스왑으로, 특정 조건에서 거래됩니다."
신용버뮤다형스왑,"신용를 기초자산으로 하는 버뮤다형 스왑으로, 특정 조건에서 거래됩니다."
신용아시안형스왑,"신용를 기초자산으로 하는 아시안형 스왑으로, 특정 조건에서 거래됩니다."
신용배리어형스왑,"신용를 기초자산으로 하는 배리어형 스왑으로, 특정 조건에서 거래됩니다."
신용룩백형스왑,"신용를 기초자산으로 하는 룩백형 스왑으로, 특정 조건에서 거래됩니다."
신용바이너리형스왑,"신용를 기초자산으로 하는 바이너리형 스왑으로, 특정 조건에서 거래됩니다."
신용디지털형스왑,"신용를 기초자산으로 하는 디지털형 스왑으로, 특정 조건에서 거래됩니다."
신용유러피언형선도,"신용를 기초자산으로 하는 유러피언형 선도으로, 특정 조건에서 거래됩니다."
신용아메리칸형선도,"신용를 기초자산으로 하는 아메리칸형 선도으로, 특정 조건에서 거래됩니다."
신용버뮤다형선도,"신용를 기초자산으로 하는 버뮤다형 선도으로, 특정 조건에서 거래됩니다."
신용아시안형선도,"신용를 기초자산으로 하는 아시안형 선도으로, 특정 조건에서 거래됩니다."
신용배리어형선도,"신용를 기초자산으로 하는 배리어형 선도으로, 특정 조건에서 거래됩니다."
신용룩백형선도,"신용를 기초자산으로 하는 룩백형 선도으로, 특정 조건에서 거래됩니다."
신용바이너리형선도,"신용를 기초자산으로 하는 바이너리형 선도으로, 특정 조건에서 거래됩니다."
신용디지털형선도,"신용를 기초자산으로 하는 디지털형 선도으로, 특정 조건에서 거래됩니다."
신용유러피언형워런트,"신용를 기초자산으로 하는 유러피언형 워런트으로, 특정 조건에서 거래됩니다."
신용아메리칸형워런트,"신용를 기초자산으로 하는 아메리칸형 워런트으로, 특정 조건에서 거래됩니다."
신용버뮤다형워런트,"신용를 기초자산으로 하는 버뮤다형 워런트으로, 특정 조건에서 거래됩니다."
신용아시안형워런트,"신용를 기초자산으로 하는 아시안형 워런트으로, 특정 조건에서 거래됩니다."
신용배리어형워런트,"신용를 기초자산으로 하는 배리어형 워런트으로, 특정 조건에서 거래됩니다."
신용룩백형워런트,"신용를 기초자산으로 하는 룩백형 워런트으로, 특정 조건에서 거래됩니다."
신용바이너리형워런트,"신용를 기초자산으로 하는 바이너리형 워런트으로, 특정 조건에서 거래됩니다."
신용디지털형워런트,"신용를 기초자산으로 하는 디지털형 워런트으로, 특정 조건에서 거래됩니다."
신용유러피언형ELW,"신용를 기초자산으로 하는 유러피언형 ELW으로, 특정 조건에서 거래됩니다."
신용아메리칸형ELW,"신용를 기초자산으로 하는 아메리칸형 ELW으로, 특정 조건에서 거래됩니다."
신용버뮤다형ELW,"신용를 기초자산으로 하는 버뮤다형 ELW으로, 특정 조건에서 거래됩니다."
신용아시안형ELW,"신용를 기초자산으로 하는 아시안형 ELW으로, 특정 조건에서 거래됩니다."
신용배리어형ELW,"신용를 기초자산으로 하는 배리어형 ELW으로, 특정 조건에서 거래됩니다."
신용룩백형ELW,"신용를 기초자산으로 하는 룩백형 ELW으로, 특정 조건에서 거래됩니다."
신용바이너리형ELW,"신용를 기초자산으로 하는 바이너리형 ELW으로, 특정 조건에서 거래됩니다."
신용디지털형ELW,"신용를 기초자산으로 하는 디지털형 ELW으로, 특정 조건에서 거래됩니다."
변동성유러피언형선물,"변동성를 기초자산으로 하는 유러피언형 선물으로, 특정 조건에서 거래됩니다."
변동성아메리칸형선물,"변동성를 기초자산으로 하는 아메리칸형 선물으로, 특정 조건에서 거래됩니다."
변동성버뮤다형선물,"변동성를 기초자산으로 하는 버뮤다형 선물으로, 특정 조건에서 거래됩니다."
변동성아시안형선물,"변동성를 기초자산으로 하는 아시안형 선물으로, 특정 조건에서 거래됩니다."
변동성배리어형선물,"변동성를 기초자산으로 하는 배리어형 선물으로, 특정 조건에서 거래됩니다."
변동성룩백형선물,"변동성를 기초자산으로 하는 룩백형 선물으로, 특정 조건에서 거래됩니다."
변동성바이너리형선물,"변동성를 기초자산으로 하는 바이너리형 선물으로, 특정 조건에서 거래됩니다."
변동성디지털형선물,"변동성를 기초자산으로 하는 디지털형 선물으로, 특정 조건에서 거래됩니다."
변동성유러피언형옵션,"변동성를 기초자산으로 하는 유러피언형 옵션으로, 특정 조건에서 거래됩니다."
변동성아메리칸형옵션,"변동성를 기초자산으로 하는 아메리칸형 옵션으로, 특정 조건에서 거래됩니다."
변동성버뮤다형옵션,"변동성를 기초자산으로 하는 버뮤다형 옵션으로, 특정 조건에서 거래됩니다."
변동성아시안형옵션,"변동성를 기초자산으로 하는 아시안형 옵션으로, 특정 조건에서 거래됩니다."
변동성배리어형옵션,"변동성를 기초자산으로 하는 배리어형 옵션으로, 특정 조건에서 거래됩니다."
변동성룩백형옵션,"변동성를 기초자산으로 하는 룩백형 옵션으로, 특정 조건에서 거래됩니다."
변동성바이너리형옵션,"변동성를 기초자산으로 하는 바이너리형 옵션으로, 특정 조건에서 거래됩니다."
변동성디지털형옵션,"변동성를 기초자산으로 하는 디지털형 옵션으로, 특정 조건에서 거래됩니다."
변동성유러피언형스왑,"변동성를 기초자산으로 하는 유러피언형 스왑으로, 특정 조건에서 거래됩니다."
변동성아메리칸형스왑,"변동성를 기초자산으로 하는 아메리칸형 스왑으로, 특정 조건에서 거래됩니다."
변동성버뮤다형스왑,"변동성를 기초자산으로 하는 버뮤다형 스왑으로, 특정 조건에서 거래됩니다."
변동성아시안형스왑,"변동성를 기초자산으로 하는 아시안형 스왑으로, 특정 조건에서 거래됩니다."
변동성배리어형스왑,"변동성를 기초자산으로 하는 배리어형 스왑으로, 특정 조건에서 거래됩니다."
변동성룩백형스왑,"변동성를 기초자산으로 하는 룩백형 스왑으로, 특정 조건에서 거래됩니다."
변동성바이너리형스왑,"변동성를 기초자산으로 하는 바이너리형 스왑으로, 특정 조건에서 거래됩니다."
변동성디지털형스왑,"변동성를 기초자산으로 하는 디지털형 스왑으로, 특정 조건에서 거래됩니다."
변동성유러피언형선도,"변동성를 기초자산으로 하는 유러피언형 선도으로, 특정 조건에서 거래됩니다."
변동성아메리칸형선도,"변동성를 기초자산으로 하는 아메리칸형 선도으로, 특정 조건에서 거래됩니다."
변동성버뮤다형선도,"변동성를 기초자산으로 하는 버뮤다형 선도으로, 특정 조건에서 거래됩니다."
변동성아시안형선도,"변동성를 기초자산으로 하는 아시안형 선도으로, 특정 조건에서 거래됩니다."
변동성배리어형선도,"변동성를 기초자산으로 하는 배리어형 선도으로, 특정 조건에서 거래됩니다."
변동성룩백형선도,"변동성를 기초자산으로 하는 룩백형 선도으로, 특정 조건에서 거래됩니다."
변동성바이너리형선도,"변동성를 기초자산으로 하는 바이너리형 선도으로, 특정 조건에서 거래됩니다."
변동성디지털형선도,"변동성를 기초자산으로 하는 디지털형 선도으로, 특정 조건에서 거래됩니다."
변동성유러피언형워런트,"변동성를 기초자산으로 하는 유러피언형 워런트으로, 특정 조건에서 거래됩니다."
변동성아메리칸형워런트,"변동성를 기초자산으로 하는 아메리칸형 워런트으로, 특정 조건에서 거래됩니다."
변동성버뮤다형워런트,"변동성를 기초자산으로 하는 버뮤다형 워런트으로, 특정 조건에서 거래됩니다."
변동성아시안형워런트,"변동성를 기초자산으로 하는 아시안형 워런트으로, 특정 조건에서 거래됩니다."
변동성배리어형워런트,"변동성를 기초자산으로 하는 배리어형 워런트으로, 특정 조건에서 거래됩니다."
변동성룩백형워런트,"변동성를 기초자산으로 하는 룩백형 워런트으로, 특정 조건에서 거래됩니다."
변동성바이너리형워런트,"변동성를 기초자산으로 하는 바이너리형 워런트으로, 특정 조건에서 거래됩니다."
변동성디지털형워런트,"변동성를 기초자산으로 하는 디지털형 워런트으로, 특정 조건에서 거래됩니다."
변동성유러피언형ELW,"변동성를 기초자산으로 하는 유러피언형 ELW으로, 특정 조건에서 거래됩니다."
변동성아메리칸형ELW,"변동성를 기초자산으로 하는 아메리칸형 ELW으로, 특정 조건에서 거래됩니다."
변동성버뮤다형ELW,"변동성를 기초자산으로 하는 버뮤다형 ELW으로, 특정 조건에서 거래됩니다."
변동성아시안형ELW,"변동성를 기초자산으로 하는 아시안형 ELW으로, 특정 조건에서 거래됩니다."
변동성배리어형ELW,"변동성를 기초자산으로 하는 배리어형 ELW으로, 특정 조건에서 거래됩니다."
변동성룩백형ELW,"변동성를 기초자산으로 하는 룩백형 ELW으로, 특정 조건에서 거래됩니다."
변동성바이너리형ELW,"변동성를 기초자산으로 하는 바이너리형 ELW으로, 특정 조건에서 거래됩니다."
변동성디지털형ELW,"변동성를 기초자산으로 하는 디지털형 ELW으로, 특정 조건에서 거래됩니다."
배당유러피언형선물,"배당를 기초자산으로 하는 유러피언형 선물으로, 특정 조건에서 거래됩니다."
배당아메리칸형선물,"배당를 기초자산으로 하는 아메리칸형 선물으로, 특정 조건에서 거래됩니다."
배당버뮤다형선물,"배당를 기초자산으로 하는 버뮤다형 선물으로, 특정 조건에서 거래됩니다."
배당아시안형선물,"배당를 기초자산으로 하는 아시안형 선물으로, 특정 조건에서 거래됩니다."
배당배리어형선물,"배당를 기초자산으로 하는 배리어형 선물으로, 특정 조건에서 거래됩니다."
배당룩백형선물,"배당를 기초자산으로 하는 룩백형 선물으로, 특정 조건에서 거래됩니다."
배당바이너리형선물,"배당를 기초자산으로 하는 바이너리형 선물으로, 특정 조건에서 거래됩니다."
배당디지털형선물,"배당를 기초자산으로 하는 디지털형 선물으로, 특정 조건에서 거래됩니다."
배당유러피언형옵션,"배당를 기초자산으로 하는 유러피언형 옵션으로, 특정 조건에서 거래됩니다."
배당아메리칸형옵션,"배당를 기초자산으로 하는 아메리칸형 옵션으로, 특정 조건에서 거래됩니다."
배당버뮤다형옵션,"배당를 기초자산으로 하는 버뮤다형 옵션으로, 특정 조건에서 거래됩니다."
배당아시안형옵션,"배당를 기초자산으로 하는 아시안형 옵션으로, 특정 조건에서 거래됩니다."
배당배리어형옵션,"배당를 기초자산으로 하는 배리어형 옵션으로, 특정 조건에서 거래됩니다."
배당룩백형옵션,"배당를 기초자산으로 하는 룩백형 옵션으로, 특정 조건에서 거래됩니다."
배당바이너리형옵션,"배당를 기초자산으로 하는 바이너리형 옵션으로, 특정 조건에서 거래됩니다."
배당디지털형옵션,"배당를 기초자산으로 하는 디지털형 옵션으로, 특정 조건에서 거래됩니다."
배당유러피언형스왑,"배당를 기초자산으로 하는 유러피언형 스왑으로, 특정 조건에서 거래됩니다."
배당아메리칸형스왑,"배당를 기초자산으로 하는 아메리칸형 스왑으로, 특정 조건에서 거래됩니다."
배당버뮤다형스왑,"배당를 기초자산으로 하는 버뮤다형 스왑으로, 특정 조건에서 거래됩니다."
배당아시안형스왑,"배당를 기초자산으로 하는 아시안형 스왑으로, 특정 조건에서 거래됩니다."
배당배리어형스왑,"배당를 기초자산으로 하는 배리어형 스왑으로, 특정 조건에서 거래됩니다."
배당룩백형스왑,"배당를 기초자산으로 하는 룩백형 스왑으로, 특정 조건에서 거래됩니다."
배당바이너리형스왑,"배당를 기초자산으로 하는 바이너리형 스왑으로, 특정 조건에서 거래됩니다."
배당디지털형스왑,"배당를 기초자산으로 하는 디지털형 스왑으로, 특정 조건에서 거래됩니다."
배당유러피언형선도,"배당를 기초자산으로 하는 유러피언형 선도으로, 특정 조건에서 거래됩니다."
배당아메리칸형선도,"배당를 기초자산으로 하는 아메리칸형 선도으로, 특정 조건에서 거래됩니다."
배당버뮤다형선도,"배당를 기초자산으로 하는 버뮤다형 선도으로, 특정 조건에서 거래됩니다."
배당아시안형선도,"배당를 기초자산으로 하는 아시안형 선도으로, 특정 조건에서 거래됩니다."
배당배리어형선도,"배당를 기초자산으로 하는 배리어형 선도으로, 특정 조건에서 거래됩니다."
배당룩백형선도,"배당를 기초자산으로 하는 룩백형 선도으로, 특정 조건에서 거래됩니다."
배당바이너리형선도,"배당를 기초자산으로 하는 바이너리형 선도으로, 특정 조건에서 거래됩니다."
배당디지털형선도,"배당를 기초자산으로 하는 디지털형 선도으로, 특정 조건에서 거래됩니다."
배당유러피언형워런트,"배당를 기초자산으로 하는 유러피언형 워런트으로, 특정 조건에서 거래됩니다."
배당아메리칸형워런트,"배당를 기초자산으로 하는 아메리칸형 워런트으로, 특정 조건에서 거래됩니다."
배당버뮤다형워런트,"배당를 기초자산으로 하는 버뮤다형 워런트으로, 특정 조건에서 거래됩니다."
배당아시안형워런트,"배당를 기초자산으로 하는 아시안형 워런트으로, 특정 조건에서 거래됩니다."
배당배리어형워런트,"배당를 기초자산으로 하는 배리어형 워런트으로, 특정 조건에서 거래됩니다."
배당룩백형워런트,"배당를 기초자산으로 하는 룩백형 워런트으로, 특정 조건에서 거래됩니다."
배당바이너리형워런트,"배당를 기초자산으로 하는 바이너리형 워런트으로, 특정 조건에서 거래됩니다."
배당디지털형워런트,"배당를 기초자산으로 하는 디지털형 워런트으로, 특정 조건에서 거래됩니다."
배당유러피언형ELW,"배당를 기초자산으로 하는 유러피언형 ELW으로, 특정 조건에서 거래됩니다."
배당아메리칸형ELW,"배당를 기초자산으로 하는 아메리칸형 ELW으로, 특정 조건에서 거래됩니다."
배당버뮤다형ELW,"배당를 기초자산으로 하는 버뮤다형 ELW으로, 특정 조건에서 거래됩니다."
배당아시안형ELW,"배당를 기초자산으로 하는 아시안형 ELW으로, 특정 조건에서 거래됩니다."
배당배리어형ELW,"배당를 기초자산으로 하는 배리어형 ELW으로, 특정 조건에서 거래됩니다."
배당룩백형ELW,"배당를 기초자산으로 하는 룩백형 ELW으로, 특정 조건에서 거래됩니다."
배당바이너리형ELW,"배당를 기초자산으로 하는 바이너리형 ELW으로, 특정 조건에서 거래됩니다."
배당디지털형ELW,"배당를 기초자산으로 하는 디지털형 ELW으로, 특정 조건에서 거래됩니다."
부동산유러피언형선물,"부동산를 기초자산으로 하는 유러피언형 선물으로, 특정 조건에서 거래됩니다."
부동산아메리칸형선물,"부동산를 기초자산으로 하는 아메리칸형 선물으로, 특정 조건에서 거래됩니다."
부동산버뮤다형선물,"부동산를 기초자산으로 하는 버뮤다형 선물으로, 특정 조건에서 거래됩니다."
부동산아시안형선물,"부동산를 기초자산으로 하는 아시안형 선물으로, 특정 조건에서 거래됩니다."
부동산배리어형선물,"부동산를 기초자산으로 하는 배리어형 선물으로, 특정 조건에서 거래됩니다."
부동산룩백형선물,"부동산를 기초자산으로 하는 룩백형 선물으로, 특정 조건에서 거래됩니다."
부동산바이너리형선물,"부동산를 기초자산으로 하는 바이너리형 선물으로, 특정 조건에서 거래됩니다."
부동산디지털형선물,"부동산를 기초자산으로 하는 디지털형 선물으로, 특정 조건에서 거래됩니다."
부동산유러피언형옵션,"부동산를 기초자산으로 하는 유러피언형 옵션으로, 특정 조건에서 거래됩니다."
부동산아메리칸형옵션,"부동산를 기초자산으로 하는 아메리칸형 옵션으로, 특정 조건에서 거래됩니다."
부동산버뮤다형옵션,"부동산를 기초자산으로 하는 버뮤다형 옵션으로, 특정 조건에서 거래됩니다."
부동산아시안형옵션,"부동산를 기초자산으로 하는 아시안형 옵션으로, 특정 조건에서 거래됩니다."
부동산배리어형옵션,"부동산를 기초자산으로 하는 배리어형 옵션으로, 특정 조건에서 거래됩니다."
부동산룩백형옵션,"부동산를 기초자산으로 하는 룩백형 옵션으로, 특정 조건에서 거래됩니다."
부동산바이너리형옵션,"부동산를 기초자산으로 하는 바이너리형 옵션으로, 특정 조건에서 거래됩니다."
부동산디지털형옵션,"부동산를 기초자산으로 하는 디지털형 옵션으로, 특정 조건에서 거래됩니다."
부동산유러피언형스왑,"부동산를 기초자산으로 하는 유러피언형 스왑으로, 특정 조건에서 거래됩니다."
부동산아메리칸형스왑,"부동산를 기초자산으로 하는 아메리칸형 스왑으로, 특정 조건에서 거래됩니다."
부동산버뮤다형스왑,"부동산를 기초자산으로 하는 버뮤다형 스왑으로, 특정 조건에서 거래됩니다."
부동산아시안형스왑,"부동산를 기초자산으로 하는 아시안형 스왑으로, 특정 조건에서 거래됩니다."
부동산배리어형스왑,"부동산를 기초자산으로 하는 배리어형 스왑으로, 특정 조건에서 거래됩니다."
부동산룩백형스왑,"부동산를 기초자산으로 하는 룩백형 스왑으로, 특정 조건에서 거래됩니다."
부동산바이너리형스왑,"부동산를 기초자산으로 하는 바이너리형 스왑으로, 특정 조건에서 거래됩니다."
부동산디지털형스왑,"부동산를 기초자산으로 하는 디지털형 스왑으로, 특정 조건에서 거래됩니다."
부동산유러피언형선도,"부동산를 기초자산으로 하는 유러피언형 선도으로, 특정 조건에서 거래됩니다."
부동산아메리칸형선도,"부동산를 기초자산으로 하는 아메리칸형 선도으로, 특정 조건에서 거래됩니다."
부동산버뮤다형선도,"부동산를 기초자산으로 하는 버뮤다형 선도으로, 특정 조건에서 거래됩니다."
부동산아시안형선도,"부동산를 기초자산으로 하는 아시안형 선도으로, 특정 조건에서 거래됩니다."
부동산배리어형선도,"부동산를 기초자산으로 하는 배리어형 선도으로, 특정 조건에서 거래됩니다."
부동산룩백형선도,"부동산를 기초자산으로 하는 룩백형 선도으로, 특정 조건에서 거래됩니다."
부동산바이너리형선도,"부동산를 기초자산으로 하는 바이너리형 선도으로, 특정 조건에서 거래됩니다."
부동산디지털형선도,"부동산를 기초자산으로 하는 디지털형 선도으로, 특정 조건에서 거래됩니다."
부동산유러피언형워런트,"부동산를 기초자산으로 하는 유러피언형 워런트으로, 특정 조건에서 거래됩니다."
부동산아메리칸형워런트,"부동산를 기초자산으로 하는 아메리칸형 워런트으로, 특정 조건에서 거래됩니다."
부동산버뮤다형워런트,"부동산를 기초자산으로 하는 버뮤다형 워런트으로, 특정 조건에서 거래됩니다."
부동산아시안형워런트,"부동산를 기초자산으로 하는 아시안형 워런트으로, 특정 조건에서 거래됩니다."
부동산배리어형워런트,"부동산를 기초자산으로 하는 배리어형 워런트으로, 특정 조건에서 거래됩니다."
부동산룩백형워런트,"부동산를 기초자산으로 하는 룩백형 워런트으로, 특정 조건에서 거래됩니다."
부동산바이너리형워런트,"부동산를 기초자산으로 하는 바이너리형 워런트으로, 특정 조건에서 거래됩니다."
부동산디지털형워런트,"부동산를 기초자산으로 하는 디지털형 워런트으로, 특정 조건에서 거래됩니다."
부동산유러피언형ELW,"부동산를 기초자산으로 하는 유러피언형 ELW으로, 특정 조건에서 거래됩니다."
부동산아메리칸형ELW,"부동산를 기초자산으로 하는 아메리칸형 ELW으로, 특정 조건에서 거래됩니다."
부동산버뮤다형ELW,"부동산를 기초자산으로 하는 버뮤다형 ELW으로, 특정 조건에서 거래됩니다."
부동산아시안형ELW,"부동산를 기초자산으로 하는 아시안형 ELW으로, 특정 조건에서 거래됩니다."
부동산배리어형ELW,"부동산를 기초자산으로 하는 배리어형 ELW으로, 특정 조건에서 거래됩니다."
부동산룩백형ELW,"부동산를 기초자산으로 하는 룩백형 ELW으로, 특정 조건에서 거래됩니다."
부동산바이너리형ELW,"부동산를 기초자산으로 하는 바이너리형 ELW으로, 특정 조건에서 거래됩니다."
부동산디지털형ELW,"부동산를 기초자산으로 하는 디지털형 ELW으로, 특정 조건에서 거래됩니다."
연간수익성비율,"연간 기준 기업의 수익성을 나타내는 비율로, 재무 분석의 핵심 지표입니다."
분기수익성비율,"분기 기준 기업의 수익성을 나타내는 비율로, 재무 분석의 핵심 지표입니다."
월간수익성비율,"월간 기준 기업의 수익성을 나타내는 비율로, 재무 분석의 핵심 지표입니다."
누적수익성비율,"누적 기준 기업의 수익성을 나타내는 비율로, 재무 분석의 핵심 지표입니다."
전년대비수익성비율,"전년대비 기준 기업의 수익성을 나타내는 비율로, 재무 분석의 핵심 지표입니다."
전분기대비수익성비율,"전분기대비 기준 기업의 수익성을 나타내는 비율로, 재무 분석의 핵심 지표입니다."
YoY수익성비율,"YoY 기준 기업의 수익성을 나타내는 비율로, 재무 분석의 핵심 지표입니다."
QoQ수익성비율,"QoQ 기준 기업의 수익성을 나타내는 비율로, 재무 분석의 핵심 지표입니다."
연간수익성배율,"연간 기준 기업의 수익성을 나타내는 배율로, 재무 분석의 핵심 지표입니다."
분기수익성배율,"분기 기준 기업의 수익성을 나타내는 배율로, 재무 분석의 핵심 지표입니다."
월간수익성배율,"월간 기준 기업의 수익성을 나타내는 배율로, 재무 분석의 핵심 지표입니다."
누적수익성배율,"누적 기준 기업의 수익성을 나타내는 배율로, 재무 분석의 핵심 지표입니다."
전년대비수익성배율,"전년대비 기준 기업의 수익성을 나타내는 배율로, 재무 분석의 핵심 지표입니다."
전분기대비수익성배율,"전분기대비 기준 기업의 수익성을 나타내는 배율로, 재무 분석의 핵심 지표입니다."
YoY수익성배율,"YoY 기준 기업의 수익성을 나타내는 배율로, 재무 분석의 핵심 지표입니다."
QoQ수익성배율,"QoQ 기준 기업의 수익성을 나타내는 배율로, 재무 분석의 핵심 지표입니다."
연간수익성회전율,"연간 기준 기업의 수익성을 나타내는 회전율로, 재무 분석의 핵심 지표입니다."
분기수익성회전율,"분기 기준 기업의 수익성을 나타내는 회전율로, 재무 분석의 핵심 지표입니다."
월간수익성회전율,"월간 기준 기업의 수익성을 나타내는 회전율로, 재무 분석의 핵심 지표입니다."
누적수익성회전율,"누적 기준 기업의 수익성을 나타내는 회전율로, 재무 분석의 핵심 지표입니다."
전년대비수익성회전율,"전년대비 기준 기업의 수익성을 나타내는 회전율로, 재무 분석의 핵심 지표입니다."
전분기대비수익성회전율,"전분기대비 기준 기업의 수익성을 나타내는 회전율로, 재무 분석의 핵심 지표입니다."
YoY수익성회전율,"YoY 기준 기업의 수익성을 나타내는 회전율로, 재무 분석의 핵심 지표입니다."
QoQ수익성회전율,"QoQ 기준 기업의 수익성을 나타내는 회전율로, 재무 분석의 핵심 지표입니다."
연간수익성마진율,"연간 기준 기업의 수익성을 나타내는 마진율로, 재무 분석의 핵심 지표입니다."
분기수익성마진율,"분기 기준 기업의 수익성을 나타내는 마진율로, 재무 분석의 핵심 지표입니다."
월간수익성마진율,"월간 기준 기업의 수익성을 나타내는 마진율로, 재무 분석의 핵심 지표입니다."
누적수익성마진율,"누적 기준 기업의 수익성을 나타내는 마진율로, 재무 분석의 핵심 지표입니다."
전년대비수익성마진율,"전년대비 기준 기업의 수익성을 나타내는 마진율로, 재무 분석의 핵심 지표입니다."
전분기대비수익성마진율,"전분기대비 기준 기업의 수익성을 나타내는 마진율로, 재무 분석의 핵심 지표입니다."
YoY수익성마진율,"YoY 기준 기업의 수익성을 나타내는 마진율로, 재무 분석의 핵심 지표입니다."
QoQ수익성마진율,"QoQ 기준 기업의 수익성을 나타내는 마진율로, 재무 분석의 핵심 지표입니다."
연간수익성수익률,"연간 기준 기업의 수익성을 나타내는 수익률로, 재무 분석의 핵심 지표입니다."
분기수익성수익률,"분기 기준 기업의 수익성을 나타내는 수익률로, 재무 분석의 핵심 지표입니다."
월간수익성수익률,"월간 기준 기업의 수익성을 나타내는 수익률로, 재무 분석의 핵심 지표입니다."
누적수익성수익률,"누적 기준 기업의 수익성을 나타내는 수익률로, 재무 분석의 핵심 지표입니다."
전년대비수익성수익률,"전년대비 기준 기업의 수익성을 나타내는 수익률로, 재무 분석의 핵심 지표입니다."
전분기대비수익성수익률,"전분기대비 기준 기업의 수익성을 나타내는 수익률로, 재무 분석의 핵심 지표입니다."
YoY수익성수익률,"YoY 기준 기업의 수익성을 나타내는 수익률로, 재무 분석의 핵심 지표입니다."
QoQ수익성수익률,"QoQ 기준 기업의 수익성을 나타내는 수익률로, 재무 분석의 핵심 지표입니다."
연간수익성증가율,"연간 기준 기업의 수익성을 나타내는 증가율로, 재무 분석의 핵심 지표입니다."
분기수익성증가율,"분기 기준 기업의 수익성을 나타내는 증가율로, 재무 분석의 핵심 지표입니다."
월간수익성증가율,"월간 기준 기업의 수익성을 나타내는 증가율로, 재무 분석의 핵심 지표입니다."
누적수익성증가율,"누적 기준 기업의 수익성을 나타내는 증가율로, 재무 분석의 핵심 지표입니다."
전년대비수익성증가율,"전년대비 기준 기업의 수익성을 나타내는 증가율로, 재무 분석의 핵심 지표입니다."
전분기대비수익성증가율,"전분기대비 기준 기업의 수익성을 나타내는 증가율로, 재무 분석의 핵심 지표입니다."
YoY수익성증가율,"YoY 기준 기업의 수익성을 나타내는 증가율로, 재무 분석의 핵심 지표입니다."
QoQ수익성증가율,"QoQ 기준 기업의 수익성을 나타내는 증가율로, 재무 분석의 핵심 지표입니다."
연간수익성감소율,"연간 기준 기업의 수익성을 나타내는 감소율로, 재무 분석의 핵심 지표입니다."
분기수익성감소율,"분기 기준 기업의 수익성을 나타내는 감소율로, 재무 분석의 핵심 지표입니다."
월간수익성감소율,"월간 기준 기업의 수익성을 나타내는 감소율로, 재무 분석의 핵심 지표입니다."
누적수익성감소율,"누적 기준 기업의 수익성을 나타내는 감소율로, 재무 분석의 핵심 지표입니다."
전년대비수익성감소율,"전년대비 기준 기업의 수익성을 나타내는 감소율로, 재무 분석의 핵심 지표입니다."
전분기대비수익성감소율,"전분기대비 기준 기업의 수익성을 나타내는 감소율로, 재무 분석의 핵심 지표입니다."
YoY수익성감소율,"YoY 기준 기업의 수익성을 나타내는 감소율로, 재무 분석의 핵심 지표입니다."
QoQ수익성감소율,"QoQ 기준 기업의 수익성을 나타내는 감소율로, 재무 분석의 핵심 지표입니다."
연간안정성비율,"연간 기준 기업의 안정성을 나타내는 비율로, 재무 분석의 핵심 지표입니다."
분기안정성비율,"분기 기준 기업의 안정성을 나타내는 비율로, 재무 분석의 핵심 지표입니다."
월간안정성비율,"월간 기준 기업의 안정성을 나타내는 비율로, 재무 분석의 핵심 지표입니다."
누적안정성비율,"누적 기준 기업의 안정성을 나타내는 비율로, 재무 분석의 핵심 지표입니다."
전년대비안정성비율,"전년대비 기준 기업의 안정성을 나타내는 비율로, 재무 분석의 핵심 지표입니다."
전분기대비안정성비율,"전분기대비 기준 기업의 안정성을 나타내는 비율로, 재무 분석의 핵심 지표입니다."
YoY안정성비율,"YoY 기준 기업의 안정성을 나타내는 비율로, 재무 분석의 핵심 지표입니다."
QoQ안정성비율,"QoQ 기준 기업의 안정성을 나타내는 비율로, 재무 분석의 핵심 지표입니다."
연간안정성배율,"연간 기준 기업의 안정성을 나타내는 배율로, 재무 분석의 핵심 지표입니다."
분기안정성배율,"분기 기준 기업의 안정성을 나타내는 배율로, 재무 분석의 핵심 지표입니다."
월간안정성배율,"월간 기준 기업의 안정성을 나타내는 배율로, 재무 분석의 핵심 지표입니다."
누적안정성배율,"누적 기준 기업의 안정성을 나타내는 배율로, 재무 분석의 핵심 지표입니다."
전년대비안정성배율,"전년대비 기준 기업의 안정성을 나타내는 배율로, 재무 분석의 핵심 지표입니다."
전분기대비안정성배율,"전분기대비 기준 기업의 안정성을 나타내는 배율로, 재무 분석의 핵심 지표입니다."
YoY안정성배율,"YoY 기준 기업의 안정성을 나타내는 배율로, 재무 분석의 핵심 지표입니다."
QoQ안정성배율,"QoQ 기준 기업의 안정성을 나타내는 배율로, 재무 분석의 핵심 지표입니다."
연간안정성회전율,"연간 기준 기업의 안정성을 나타내는 회전율로, 재무 분석의 핵심 지표입니다."
분기안정성회전율,"분기 기준 기업의 안정성을 나타내는 회전율로, 재무 분석의 핵심 지표입니다."
월간안정성회전율,"월간 기준 기업의 안정성을 나타내는 회전율로, 재무 분석의 핵심 지표입니다."
누적안정성회전율,"누적 기준 기업의 안정성을 나타내는 회전율로, 재무 분석의 핵심 지표입니다."
전년대비안정성회전율,"전년대비 기준 기업의 안정성을 나타내는 회전율로, 재무 분석의 핵심 지표입니다."
전분기대비안정성회전율,"전분기대비 기준 기업의 안정성을 나타내는 회전율로, 재무 분석의 핵심 지표입니다."
YoY안정성회전율,"YoY 기준 기업의 안정성을 나타내는 회전율로, 재무 분석의 핵심 지표입니다."
QoQ안정성회전율,"QoQ 기준 기업의 안정성을 나타내는 회전율로, 재무 분석의 핵심 지표입니다."
연간안정성마진율,"연간 기준 기업의 안정성을 나타내는 마진율로, 재무 분석의 핵심 지표입니다."
분기안정성마진율,"분기 기준 기업의 안정성을 나타내는 마진율로, 재무 분석의 핵심 지표입니다."
월간안정성마진율,"월간 기준 기업의 안정성을 나타내는 마진율로, 재무 분석의 핵심 지표입니다."
누적안정성마진율,"누적 기준 기업의 안정성을 나타내는 마진율로, 재무 분석의 핵심 지표입니다."
전년대비안정성마진율,"전년대비 기준 기업의 안정성을 나타내는 마진율로, 재무 분석의 핵심 지표입니다."
전분기대비안정성마진율,"전분기대비 기준 기업의 안정성을 나타내는 마진율로, 재무 분석의 핵심 지표입니다."
YoY안정성마진율,"YoY 기준 기업의 안정성을 나타내는 마진율로, 재무 분석의 핵심 지표입니다."
QoQ안정성마진율,"QoQ 기준 기업의 안정성을 나타내는 마진율로, 재무 분석의 핵심 지표입니다."
연간안정성수익률,"연간 기준 기업의 안정성을 나타내는 수익률로, 재무 분석의 핵심 지표입니다."
분기안정성수익률,"분기 기준 기업의 안정성을 나타내는 수익률로, 재무 분석의 핵심 지표입니다."
월간안정성수익률,"월간 기준 기업의 안정성을 나타내는 수익률로, 재무 분석의 핵심 지표입니다."
누적안정성수익률,"누적 기준 기업의 안정성을 나타내는 수익률로, 재무 분석의 핵심 지표입니다."
전년대비안정성수익률,"전년대비 기준 기업의 안정성을 나타내는 수익률로, 재무 분석의 핵심 지표입니다."
전분기대비안정성수익률,"전분기대비 기준 기업의 안정성을 나타내는 수익률로, 재무 분석의 핵심 지표입니다."
YoY안정성수익률,"YoY 기준 기업의 안정성을 나타내는 수익률로, 재무 분석의 핵심 지표입니다."
QoQ안정성수익률,"QoQ 기준 기업의 안정성을 나타내는 수익률로, 재무 분석의 핵심 지표입니다."
연간안정성증가율,"연간 기준 기업의 안정성을 나타내는 증가율로, 재무 분석의 핵심 지표입니다."
분기안정성증가율,"분기 기준 기업의 안정성을 나타내는 증가율로, 재무 분석의 핵심 지표입니다."
월간안정성증가율,"월간 기준 기업의 안정성을 나타내는 증가율로, 재무 분석의 핵심 지표입니다."
누적안정성증가율,"누적 기준 기업의 안정성을 나타내는 증가율로, 재무 분석의 핵심 지표입니다."
전년대비안정성증가율,"전년대비 기준 기업의 안정성을 나타내는 증가율로, 재무 분석의 핵심 지표입니다."
전분기대비안정성증가율,"전분기대비 기준 기업의 안정성을 나타내는 증가율로, 재무 분석의 핵심 지표입니다."
YoY안정성증가율,"YoY 기준 기업의 안정성을 나타내는 증가율로, 재무 분석의 핵심 지표입니다."
QoQ안정성증가율,"QoQ 기준 기업의 안정성을 나타내는 증가율로, 재무 분석의 핵심 지표입니다."
연간안정성감소율,"연간 기준 기업의 안정성을 나타내는 감소율로, 재무 분석의 핵심 지표입니다."
분기안정성감소율,"분기 기준 기업의 안정성을 나타내는 감소율로, 재무 분석의 핵심 지표입니다."
월간안정성감소율,"월간 기준 기업의 안정성을 나타내는 감소율로, 재무 분석의 핵심 지표입니다."
누적안정성감소율,"누적 기준 기업의 안정성을 나타내는 감소율로, 재무 분석의 핵심 지표입니다."
전년대비안정성감소율,"전년대비 기준 기업의 안정성을 나타내는 감소율로, 재무 분석의 핵심 지표입니다."
전분기대비안정성감소율,"전분기대비 기준 기업의 안정성을 나타내는 감소율로, 재무 분석의 핵심 지표입니다."
YoY안정성감소율,"YoY 기준 기업의 안정성을 나타내는 감소율로, 재무 분석의 핵심 지표입니다."
QoQ안정성감소율,"QoQ 기준 기업의 안정성을 나타내는 감소율로, 재무 분석의 핵심 지표입니다."
연간성장성비율,"연간 기준 기업의 성장성을 나타내는 비율로, 재무 분석의 핵심 지표입니다."
분기성장성비율,"분기 기준 기업의 성장성을 나타내는 비율로, 재무 분석의 핵심 지표입니다."
월간성장성비율,"월간 기준 기업의 성장성을 나타내는 비율로, 재무 분석의 핵심 지표입니다."
누적성장성비율,"누적 기준 기업의 성장성을 나타내는 비율로, 재무 분석의 핵심 지표입니다."
전년대비성장성비율,"전년대비 기준 기업의 성장성을 나타내는 비율로, 재무 분석의 핵심 지표입니다."
전분기대비성장성비율,"전분기대비 기준 기업의 성장성을 나타내는 비율로, 재무 분석의 핵심 지표입니다."
YoY성장성비율,"YoY 기준 기업의 성장성을 나타내는 비율로, 재무 분석의 핵심 지표입니다."
QoQ성장성비율,"QoQ 기준 기업의 성장성을 나타내는 비율로, 재무 분석의 핵심 지표입니다."
연간성장성배율,"연간 기준 기업의 성장성을 나타내는 배율로, 재무 분석의 핵심 지표입니다."
분기성장성배율,"분기 기준 기업의 성장성을 나타내는 배율로, 재무 분석의 핵심 지표입니다."
월간성장성배율,"월간 기준 기업의 성장성을 나타내는 배율로, 재무 분석의 핵심 지표입니다."
누적성장성배율,"누적 기준 기업의 성장성을 나타내는 배율로, 재무 분석의 핵심 지표입니다."
전년대비성장성배율,"전년대비 기준 기업의 성장성을 나타내는 배율로, 재무 분석의 핵심 지표입니다."
전분기대비성장성배율,"전분기대비 기준 기업의 성장성을 나타내는 배율로, 재무 분석의 핵심 지표입니다."
YoY성장성배율,"YoY 기준 기업의 성장성을 나타내는 배율로, 재무 분석의 핵심 지표입니다."
QoQ성장성배율,"QoQ 기준 기업의 성장성을 나타내는 배율로, 재무 분석의 핵심 지표입니다."
연간성장성회전율,"연간 기준 기업의 성장성을 나타내는 회전율로, 재무 분석의 핵심 지표입니다."
분기성장성회전율,"분기 기준 기업의 성장성을 나타내는 회전율로, 재무 분석의 핵심 지표입니다."
월간성장성회전율,"월간 기준 기업의 성장성을 나타내는 회전율로, 재무 분석의 핵심 지표입니다."
누적성장성회전율,"누적 기준 기업의 성장성을 나타내는 회전율로, 재무 분석의 핵심 지표입니다."
전년대비성장성회전율,"전년대비 기준 기업의 성장성을 나타내는 회전율로, 재무 분석의 핵심 지표입니다."
전분기대비성장성회전율,"전분기대비 기준 기업의 성장성을 나타내는 회전율로, 재무 분석의 핵심 지표입니다."
YoY성장성회전율,"YoY 기준 기업의 성장성을 나타내는 회전율로, 재무 분석의 핵심 지표입니다."
QoQ성장성회전율,"QoQ 기준 기업의 성장성을 나타내는 회전율로, 재무 분석의 핵심 지표입니다."
연간성장성마진율,"연간 기준 기업의 성장성을 나타내는 마진율로, 재무 분석의 핵심 지표입니다."
분기성장성마진율,"분기 기준 기업의 성장성을 나타내는 마진율로, 재무 분석의 핵심 지표입니다."
월간성장성마진율,"월간 기준 기업의 성장성을 나타내는 마진율로, 재무 분석의 핵심 지표입니다."
누적성장성마진율,"누적 기준 기업의 성장성을 나타내는 마진율로, 재무 분석의 핵심 지표입니다."
전년대비성장성마진율,"전년대비 기준 기업의 성장성을 나타내는 마진율로, 재무 분석의 핵심 지표입니다."
전분기대비성장성마진율,"전분기대비 기준 기업의 성장성을 나타내는 마진율로, 재무 분석의 핵심 지표입니다."
YoY성장성마진율,"YoY 기준 기업의 성장성을 나타내는 마진율로, 재무 분석의 핵심 지표입니다."
QoQ성장성마진율,"QoQ 기준 기업의 성장성을 나타내는 마진율로, 재무 분석의 핵심 지표입니다."
연간성장성수익률,"연간 기준 기업의 성장성을 나타내는 수익률로, 재무 분석의 핵심 지표입니다."
분기성장성수익률,"분기 기준 기업의 성장성을 나타내는 수익률로, 재무 분석의 핵심 지표입니다."
월간성장성수익률,"월간 기준 기업의 성장성을 나타내는 수익률로, 재무 분석의 핵심 지표입니다."
누적성장성수익률,"누적 기준 기업의 성장성을 나타내는 수익률로, 재무 분석의 핵심 지표입니다."
전년대비성장성수익률,"전년대비 기준 기업의 성장성을 나타내는 수익률로, 재무 분석의 핵심 지표입니다."
전분기대비성장성수익률,"전분기대비 기준 기업의 성장성을 나타내는 수익률로, 재무 분석의 핵심 지표입니다."
YoY성장성수익률,"YoY 기준 기업의 성장성을 나타내는 수익률로, 재무 분석의 핵심 지표입니다."
QoQ성장성수익률,"QoQ 기준 기업의 성장성을 나타내는 수익률로, 재무 분석의 핵심 지표입니다."
연간성장성증가율,"연간 기준 기업의 성장성을 나타내는 증가율로, 재무 분석의 핵심 지표입니다."
분기성장성증가율,"분기 기준 기업의 성장성을 나타내는 증가율로, 재무 분석의 핵심 지표입니다."
월간성장성증가율,"월간 기준 기업의 성장성을 나타내는 증가율로, 재무 분석의 핵심 지표입니다."
누적성장성증가율,"누적 기준 기업의 성장성을 나타내는 증가율로, 재무 분석의 핵심 지표입니다."
전년대비성장성증가율,"전년대비 기준 기업의 성장성을 나타내는 증가율로, 재무 분석의 핵심 지표입니다."
전분기대비성장성증가율,"전분기대비 기준 기업의 성장성을 나타내는 증가율로, 재무 분석의 핵심 지표입니다."
YoY성장성증가율,"YoY 기준 기업의 성장성을 나타내는 증가율로, 재무 분석의 핵심 지표입니다."
QoQ성장성증가율,"QoQ 기준 기업의 성장성을 나타내는 증가율로, 재무 분석의 핵심 지표입니다."
연간성장성감소율,"연간 기준 기업의 성장성을 나타내는 감소율로, 재무 분석의 핵심 지표입니다."
분기성장성감소율,"분기 기준 기업의 성장성을 나타내는 감소율로, 재무 분석의 핵심 지표입니다."
월간성장성감소율,"월간 기준 기업의 성장성을 나타내는 감소율로, 재무 분석의 핵심 지표입니다."
누적성장성감소율,"누적 기준 기업의 성장성을 나타내는 감소율로, 재무 분석의 핵심 지표입니다."
전년대비성장성감소율,"전년대비 기준 기업의 성장성을 나타내는 감소율로, 재무 분석의 핵심 지표입니다."
전분기대비성장성감소율,"전분기대비 기준 기업의 성장성을 나타내는 감소율로, 재무 분석의 핵심 지표입니다."
YoY성장성감소율,"YoY 기준 기업의 성장성을 나타내는 감소율로, 재무 분석의 핵심 지표입니다."
QoQ성장성감소율,"QoQ 기준 기업의 성장성을 나타내는 감소율로, 재무 분석의 핵심 지표입니다."
연간활동성비율,"연간 기준 기업의 활동성을 나타내는 비율로, 재무 분석의 핵심 지표입니다."
분기활동성비율,"분기 기준 기업의 활동성을 나타내는 비율로, 재무 분석의 핵심 지표입니다."
월간활동성비율,"월간 기준 기업의 활동성을 나타내는 비율로, 재무 분석의 핵심 지표입니다."
누적활동성비율,"누적 기준 기업의 활동성을 나타내는 비율로, 재무 분석의 핵심 지표입니다."
전년대비활동성비율,"전년대비 기준 기업의 활동성을 나타내는 비율로, 재무 분석의 핵심 지표입니다."
전분기대비활동성비율,"전분기대비 기준 기업의 활동성을 나타내는 비율로, 재무 분석의 핵심 지표입니다."
YoY활동성비율,"YoY 기준 기업의 활동성을 나타내는 비율로, 재무 분석의 핵심 지표입니다."
QoQ활동성비율,"QoQ 기준 기업의 활동성을 나타내는 비율로, 재무 분석의 핵심 지표입니다."
연간활동성배율,"연간 기준 기업의 활동성을 나타내는 배율로, 재무 분석의 핵심 지표입니다."
분기활동성배율,"분기 기준 기업의 활동성을 나타내는 배율로, 재무 분석의 핵심 지표입니다."
월간활동성배율,"월간 기준 기업의 활동성을 나타내는 배율로, 재무 분석의 핵심 지표입니다."
누적활동성배율,"누적 기준 기업의 활동성을 나타내는 배율로, 재무 분석의 핵심 지표입니다."
전년대비활동성배율,"전년대비 기준 기업의 활동성을 나타내는 배율로, 재무 분석의 핵심 지표입니다."
전분기대비활동성배율,"전분기대비 기준 기업의 활동성을 나타내는 배율로, 재무 분석의 핵심 지표입니다."
YoY활동성배율,"YoY 기준 기업의 활동성을 나타내는 배율로, 재무 분석의 핵심 지표입니다."
QoQ활동성배율,"QoQ 기준 기업의 활동성을 나타내는 배율로, 재무 분석의 핵심 지표입니다."
연간활동성회전율,"연간 기준 기업의 활동성을 나타내는 회전율로, 재무 분석의 핵심 지표입니다."
분기활동성회전율,"분기 기준 기업의 활동성을 나타내는 회전율로, 재무 분석의 핵심 지표입니다."
월간활동성회전율,"월간 기준 기업의 활동성을 나타내는 회전율로, 재무 분석의 핵심 지표입니다."
누적활동성회전율,"누적 기준 기업의 활동성을 나타내는 회전율로, 재무 분석의 핵심 지표입니다."
전년대비활동성회전율,"전년대비 기준 기업의 활동성을 나타내는 회전율로, 재무 분석의 핵심 지표입니다."
전분기대비활동성회전율,"전분기대비 기준 기업의 활동성을 나타내는 회전율로, 재무 분석의 핵심 지표입니다."
YoY활동성회전율,"YoY 기준 기업의 활동성을 나타내는 회전율로, 재무 분석의 핵심 지표입니다."
QoQ활동성회전율,"QoQ 기준 기업의 활동성을 나타내는 회전율로, 재무 분석의 핵심 지표입니다."
연간활동성마진율,"연간 기준 기업의 활동성을 나타내는 마진율로, 재무 분석의 핵심 지표입니다."
분기활동성마진율,"분기 기준 기업의 활동성을 나타내는 마진율로, 재무 분석의 핵심 지표입니다."
월간활동성마진율,"월간 기준 기업의 활동성을 나타내는 마진율로, 재무 분석의 핵심 지표입니다."
누적활동성마진율,"누적 기준 기업의 활동성을 나타내는 마진율로, 재무 분석의 핵심 지표입니다."
전년대비활동성마진율,"전년대비 기준 기업의 활동성을 나타내는 마진율로, 재무 분석의 핵심 지표입니다."
전분기대비활동성마진율,"전분기대비 기준 기업의 활동성을 나타내는 마진율로, 재무 분석의 핵심 지표입니다."
YoY활동성마진율,"YoY 기준 기업의 활동성을 나타내는 마진율로, 재무 분석의 핵심 지표입니다."
QoQ활동성마진율,"QoQ 기준 기업의 활동성을 나타내는 마진율로, 재무 분석의 핵심 지표입니다."
연간활동성수익률,"연간 기준 기업의 활동성을 나타내는 수익률로, 재무 분석의 핵심 지표입니다."
분기활동성수익률,"분기 기준 기업의 활동성을 나타내는 수익률로, 재무 분석의 핵심 지표입니다."
월간활동성수익률,"월간 기준 기업의 활동성을 나타내는 수익률로, 재무 분석의 핵심 지표입니다."
누적활동성수익률,"누적 기준 기업의 활동성을 나타내는 수익률로, 재무 분석의 핵심 지표입니다."
전년대비활동성수익률,"전년대비 기준 기업의 활동성을 나타내는 수익률로, 재무 분석의 핵심 지표입니다."
전분기대비활동성수익률,"전분기대비 기준 기업의 활동성을 나타내는 수익률로, 재무 분석의 핵심 지표입니다."
YoY활동성수익률,"YoY 기준 기업의 활동성을 나타내는 수익률로, 재무 분석의 핵심 지표입니다."
QoQ활동성수익률,"QoQ 기준 기업의 활동성을 나타내는 수익률로, 재무 분석의 핵심 지표입니다."
연간활동성증가율,"연간 기준 기업의 활동성을 나타내는 증가율로, 재무 분석의 핵심 지표입니다."
분기활동성증가율,"분기 기준 기업의 활동성을 나타내는 증가율로, 재무 분석의 핵심 지표입니다."
월간활동성증가율,"월간 기준 기업의 활동성을 나타내는 증가율로, 재무 분석의 핵심 지표입니다."
누적활동성증가율,"누적 기준 기업의 활동성을 나타내는 증가율로, 재무 분석의 핵심 지표입니다."
전년대비활동성증가율,"전년대비 기준 기업의 활동성을 나타내는 증가율로, 재무 분석의 핵심 지표입니다."
전분기대비활동성증가율,"전분기대비 기준 기업의 활동성을 나타내는 증가율로, 재무 분석의 핵심 지표입니다."
YoY활동성증가율,"YoY 기준 기업의 활동성을 나타내는 증가율로, 재무 분석의 핵심 지표입니다."
QoQ활동성증가율,"QoQ 기준 기업의 활동성을 나타내는 증가율로, 재무 분석의 핵심 지표입니다."
연간활동성감소율,"연간 기준 기업의 활동성을 나타내는 감소율로, 재무 분석의 핵심 지표입니다."
분기활동성감소율,"분기 기준 기업의 활동성을 나타내는 감소율로, 재무 분석의 핵심 지표입니다."
월간활동성감소율,"월간 기준 기업의 활동성을 나타내는 감소율로, 재무 분석의 핵심 지표입니다."
누적활동성감소율,"누적 기준 기업의 활동성을 나타내는 감소율로, 재무 분석의 핵심 지표입니다."
전년대비활동성감소율,"전년대비 기준 기업의 활동성을 나타내는 감소율로, 재무 분석의 핵심 지표입니다."
전분기대비활동성감소율,"전분기대비 기준 기업의 활동성을 나타내는 감소율로, 재무 분석의 핵심 지표입니다."
YoY활동성감소율,"YoY 기준 기업의 활동성을 나타내는 감소율로, 재무 분석의 핵심 지표입니다."
QoQ활동성감소율,"QoQ 기준 기업의 활동성을 나타내는 감소율로, 재무 분석의 핵심 지표입니다."
연간시장가치비율,"연간 기준 기업의 시장가치을 나타내는 비율로, 재무 분석의 핵심 지표입니다."
분기시장가치비율,"분기 기준 기업의 시장가치을 나타내는 비율로, 재무 분석의 핵심 지표입니다."
월간시장가치비율,"월간 기준 기업의 시장가치을 나타내는 비율로, 재무 분석의 핵심 지표입니다."
누적시장가치비율,"누적 기준 기업의 시장가치을 나타내는 비율로, 재무 분석의 핵심 지표입니다."
전년대비시장가치비율,"전년대비 기준 기업의 시장가치을 나타내는 비율로, 재무 분석의 핵심 지표입니다."
전분기대비시장가치비율,"전분기대비 기준 기업의 시장가치을 나타내는 비율로, 재무 분석의 핵심 지표입니다."
YoY시장가치비율,"YoY 기준 기업의 시장가치을 나타내는 비율로, 재무 분석의 핵심 지표입니다."
QoQ시장가치비율,"QoQ 기준 기업의 시장가치을 나타내는 비율로, 재무 분석의 핵심 지표입니다."
연간시장가치배율,"연간 기준 기업의 시장가치을 나타내는 배율로, 재무 분석의 핵심 지표입니다."
분기시장가치배율,"분기 기준 기업의 시장가치을 나타내는 배율로, 재무 분석의 핵심 지표입니다."
월간시장가치배율,"월간 기준 기업의 시장가치을 나타내는 배율로, 재무 분석의 핵심 지표입니다."
누적시장가치배율,"누적 기준 기업의 시장가치을 나타내는 배율로, 재무 분석의 핵심 지표입니다."
전년대비시장가치배율,"전년대비 기준 기업의 시장가치을 나타내는 배율로, 재무 분석의 핵심 지표입니다."
전분기대비시장가치배율,"전분기대비 기준 기업의 시장가치을 나타내는 배율로, 재무 분석의 핵심 지표입니다."
YoY시장가치배율,"YoY 기준 기업의 시장가치을 나타내는 배율로, 재무 분석의 핵심 지표입니다."
QoQ시장가치배율,"QoQ 기준 기업의 시장가치을 나타내는 배율로, 재무 분석의 핵심 지표입니다."
연간시장가치회전율,"연간 기준 기업의 시장가치을 나타내는 회전율로, 재무 분석의 핵심 지표입니다."
분기시장가치회전율,"분기 기준 기업의 시장가치을 나타내는 회전율로, 재무 분석의 핵심 지표입니다."
월간시장가치회전율,"월간 기준 기업의 시장가치을 나타내는 회전율로, 재무 분석의 핵심 지표입니다."
누적시장가치회전율,"누적 기준 기업의 시장가치을 나타내는 회전율로, 재무 분석의 핵심 지표입니다."
전년대비시장가치회전율,"전년대비 기준 기업의 시장가치을 나타내는 회전율로, 재무 분석의 핵심 지표입니다."
전분기대비시장가치회전율,"전분기대비 기준 기업의 시장가치을 나타내는 회전율로, 재무 분석의 핵심 지표입니다."
YoY시장가치회전율,"YoY 기준 기업의 시장가치을 나타내는 회전율로, 재무 분석의 핵심 지표입니다."
QoQ시장가치회전율,"QoQ 기준 기업의 시장가치을 나타내는 회전율로, 재무 분석의 핵심 지표입니다."
연간시장가치마진율,"연간 기준 기업의 시장가치을 나타내는 마진율로, 재무 분석의 핵심 지표입니다."
분기시장가치마진율,"분기 기준 기업의 시장가치을 나타내는 마진율로, 재무 분석의 핵심 지표입니다."
월간시장가치마진율,"월간 기준 기업의 시장가치을 나타내는 마진율로, 재무 분석의 핵심 지표입니다."
누적시장가치마진율,"누적 기준 기업의 시장가치을 나타내는 마진율로, 재무 분석의 핵심 지표입니다."
전년대비시장가치마진율,"전년대비 기준 기업의 시장가치을 나타내는 마진율로, 재무 분석의 핵심 지표입니다."
전분기대비시장가치마진율,"전분기대비 기준 기업의 시장가치을 나타내는 마진율로, 재무 분석의 핵심 지표입니다."
YoY시장가치마진율,"YoY 기준 기업의 시장가치을 나타내는 마진율로, 재무 분석의 핵심 지표입니다."
QoQ시장가치마진율,"QoQ 기준 기업의 시장가치을 나타내는 마진율로, 재무 분석의 핵심 지표입니다."
연간시장가치수익률,"연간 기준 기업의 시장가치을 나타내는 수익률로, 재무 분석의 핵심 지표입니다."
분기시장가치수익률,"분기 기준 기업의 시장가치을 나타내는 수익률로, 재무 분석의 핵심 지표입니다."
월간시장가치수익률,"월간 기준 기업의 시장가치을 나타내는 수익률로, 재무 분석의 핵심 지표입니다."
누적시장가치수익률,"누적 기준 기업의 시장가치을 나타내는 수익률로, 재무 분석의 핵심 지표입니다."
전년대비시장가치수익률,"전년대비 기준 기업의 시장가치을 나타내는 수익률로, 재무 분석의 핵심 지표입니다."
전분기대비시장가치수익률,"전분기대비 기준 기업의 시장가치을 나타내는 수익률로, 재무 분석의 핵심 지표입니다."
YoY시장가치수익률,"YoY 기준 기업의 시장가치을 나타내는 수익률로, 재무 분석의 핵심 지표입니다."
QoQ시장가치수익률,"QoQ 기준 기업의 시장가치을 나타내는 수익률로, 재무 분석의 핵심 지표입니다."
연간시장가치증가율,"연간 기준 기업의 시장가치을 나타내는 증가율로, 재무 분석의 핵심 지표입니다."
분기시장가치증가율,"분기 기준 기업의 시장가치을 나타내는 증가율로, 재무 분석의 핵심 지표입니다."
월간시장가치증가율,"월간 기준 기업의 시장가치을 나타내는 증가율로, 재무 분석의 핵심 지표입니다."
누적시장가치증가율,"누적 기준 기업의 시장가치을 나타내는 증가율로, 재무 분석의 핵심 지표입니다."
전년대비시장가치증가율,"전년대비 기준 기업의 시장가치을 나타내는 증가율로, 재무 분석의 핵심 지표입니다."
전분기대비시장가치증가율,"전분기대비 기준 기업의 시장가치을 나타내는 증가율로, 재무 분석의 핵심 지표입니다."
YoY시장가치증가율,"YoY 기준 기업의 시장가치을 나타내는 증가율로, 재무 분석의 핵심 지표입니다."
QoQ시장가치증가율,"QoQ 기준 기업의 시장가치을 나타내는 증가율로, 재무 분석의 핵심 지표입니다."
연간시장가치감소율,"연간 기준 기업의 시장가치을 나타내는 감소율로, 재무 분석의 핵심 지표입니다."
분기시장가치감소율,"분기 기준 기업의 시장가치을 나타내는 감소율로, 재무 분석의 핵심 지표입니다."
월간시장가치감소율,"월간 기준 기업의 시장가치을 나타내는 감소율로, 재무 분석의 핵심 지표입니다."
누적시장가치감소율,"누적 기준 기업의 시장가치을 나타내는 감소율로, 재무 분석의 핵심 지표입니다."
전년대비시장가치감소율,"전년대비 기준 기업의 시장가치을 나타내는 감소율로, 재무 분석의 핵심 지표입니다."
전분기대비시장가치감소율,"전분기대비 기준 기업의 시장가치을 나타내는 감소율로, 재무 분석의 핵심 지표입니다."
YoY시장가치감소율,"YoY 기준 기업의 시장가치을 나타내는 감소율로, 재무 분석의 핵심 지표입니다."
QoQ시장가치감소율,"QoQ 기준 기업의 시장가치을 나타내는 감소율로, 재무 분석의 핵심 지표입니다."
연간현금흐름비율,"연간 기준 기업의 현금흐름을 나타내는 비율로, 재무 분석의 핵심 지표입니다."
분기현금흐름비율,"분기 기준 기업의 현금흐름을 나타내는 비율로, 재무 분석의 핵심 지표입니다."
월간현금흐름비율,"월간 기준 기업의 현금흐름을 나타내는 비율로, 재무 분석의 핵심 지표입니다."
누적현금흐름비율,"누적 기준 기업의 현금흐름을 나타내는 비율로, 재무 분석의 핵심 지표입니다."
전년대비현금흐름비율,"전년대비 기준 기업의 현금흐름을 나타내는 비율로, 재무 분석의 핵심 지표입니다."
전분기대비현금흐름비율,"전분기대비 기준 기업의 현금흐름을 나타내는 비율로, 재무 분석의 핵심 지표입니다."
YoY현금흐름비율,"YoY 기준 기업의 현금흐름을 나타내는 비율로, 재무 분석의 핵심 지표입니다."
QoQ현금흐름비율,"QoQ 기준 기업의 현금흐름을 나타내는 비율로, 재무 분석의 핵심 지표입니다."
연간현금흐름배율,"연간 기준 기업의 현금흐름을 나타내는 배율로, 재무 분석의 핵심 지표입니다."
분기현금흐름배율,"분기 기준 기업의 현금흐름을 나타내는 배율로, 재무 분석의 핵심 지표입니다."
월간현금흐름배율,"월간 기준 기업의 현금흐름을 나타내는 배율로, 재무 분석의 핵심 지표입니다."
누적현금흐름배율,"누적 기준 기업의 현금흐름을 나타내는 배율로, 재무 분석의 핵심 지표입니다."
전년대비현금흐름배율,"전년대비 기준 기업의 현금흐름을 나타내는 배율로, 재무 분석의 핵심 지표입니다."
전분기대비현금흐름배율,"전분기대비 기준 기업의 현금흐름을 나타내는 배율로, 재무 분석의 핵심 지표입니다."
YoY현금흐름배율,"YoY 기준 기업의 현금흐름을 나타내는 배율로, 재무 분석의 핵심 지표입니다."
QoQ현금흐름배율,"QoQ 기준 기업의 현금흐름을 나타내는 배율로, 재무 분석의 핵심 지표입니다."
연간현금흐름회전율,"연간 기준 기업의 현금흐름을 나타내는 회전율로, 재무 분석의 핵심 지표입니다."
분기현금흐름회전율,"분기 기준 기업의 현금흐름을 나타내는 회전율로, 재무 분석의 핵심 지표입니다."
월간현금흐름회전율,"월간 기준 기업의 현금흐름을 나타내는 회전율로, 재무 분석의 핵심 지표입니다."
누적현금흐름회전율,"누적 기준 기업의 현금흐름을 나타내는 회전율로, 재무 분석의 핵심 지표입니다."
전년대비현금흐름회전율,"전년대비 기준 기업의 현금흐름을 나타내는 회전율로, 재무 분석의 핵심 지표입니다."
전분기대비현금흐름회전율,"전분기대비 기준 기업의 현금흐름을 나타내는 회전율로, 재무 분석의 핵심 지표입니다."
YoY현금흐름회전율,"YoY 기준 기업의 현금흐름을 나타내는 회전율로, 재무 분석의 핵심 지표입니다."
QoQ현금흐름회전율,"QoQ 기준 기업의 현금흐름을 나타내는 회전율로, 재무 분석의 핵심 지표입니다."
연간현금흐름마진율,"연간 기준 기업의 현금흐름을 나타내는 마진율로, 재무 분석의 핵심 지표입니다."
분기현금흐름마진율,"분기 기준 기업의 현금흐름을 나타내는 마진율로, 재무 분석의 핵심 지표입니다."
월간현금흐름마진율,"월간 기준 기업의 현금흐름을 나타내는 마진율로, 재무 분석의 핵심 지표입니다."
누적현금흐름마진율,"누적 기준 기업의 현금흐름을 나타내는 마진율로, 재무 분석의 핵심 지표입니다."
전년대비현금흐름마진율,"전년대비 기준 기업의 현금흐름을 나타내는 마진율로, 재무 분석의 핵심 지표입니다."
전분기대비현금흐름마진율,"전분기대비 기준 기업의 현금흐름을 나타내는 마진율로, 재무 분석의 핵심 지표입니다."
YoY현금흐름마진율,"YoY 기준 기업의 현금흐름을 나타내는 마진율로, 재무 분석의 핵심 지표입니다."
QoQ현금흐름마진율,"QoQ 기준 기업의 현금흐름을 나타내는 마진율로, 재무 분석의 핵심 지표입니다."
연간현금흐름수익률,"연간 기준 기업의 현금흐름을 나타내는 수익률로, 재무 분석의 핵심 지표입니다."
분기현금흐름수익률,"분기 기준 기업의 현금흐름을 나타내는 수익률로, 재무 분석의 핵심 지표입니다."
월간현금흐름수익률,"월간 기준 기업의 현금흐름을 나타내는 수익률로, 재무 분석의 핵심 지표입니다."
누적현금흐름수익률,"누적 기준 기업의 현금흐름을 나타내는 수익률로, 재무 분석의 핵심 지표입니다."
전년대비현금흐름수익률,"전년대비 기준 기업의 현금흐름을 나타내는 수익률로, 재무 분석의 핵심 지표입니다."
전분기대비현금흐름수익률,"전분기대비 기준 기업의 현금흐름을 나타내는 수익률로, 재무 분석의 핵심 지표입니다."
YoY현금흐름수익률,"YoY 기준 기업의 현금흐름을 나타내는 수익률로, 재무 분석의 핵심 지표입니다."
QoQ현금흐름수익률,"QoQ 기준 기업의 현금흐름을 나타내는 수익률로, 재무 분석의 핵심 지표입니다."
연간현금흐름증가율,"연간 기준 기업의 현금흐름을 나타내는 증가율로, 재무 분석의 핵심 지표입니다."
분기현금흐름증가율,"분기 기준 기업의 현금흐름을 나타내는 증가율로, 재무 분석의 핵심 지표입니다."
월간현금흐름증가율,"월간 기준 기업의 현금흐름을 나타내는 증가율로, 재무 분석의 핵심 지표입니다."
누적현금흐름증가율,"누적 기준 기업의 현금흐름을 나타내는 증가율로, 재무 분석의 핵심 지표입니다."
전년대비현금흐름증가율,"전년대비 기준 기업의 현금흐름을 나타내는 증가율로, 재무 분석의 핵심 지표입니다."
전분기대비현금흐름증가율,"전분기대비 기준 기업의 현금흐름을 나타내는 증가율로, 재무 분석의 핵심 지표입니다."
YoY현금흐름증가율,"YoY 기준 기업의 현금흐름을 나타내는 증가율로, 재무 분석의 핵심 지표입니다."
QoQ현금흐름증가율,"QoQ 기준 기업의 현금흐름을 나타내는 증가율로, 재무 분석의 핵심 지표입니다."
연간현금흐름감소율,"연간 기준 기업의 현금흐름을 나타내는 감소율로, 재무 분석의 핵심 지표입니다."
분기현금흐름감소율,"분기 기준 기업의 현금흐름을 나타내는 감소율로, 재무 분석의 핵심 지표입니다."
월간현금흐름감소율,"월간 기준 기업의 현금흐름을 나타내는 감소율로, 재무 분석의 핵심 지표입니다."
누적현금흐름감소율,"누적 기준 기업의 현금흐름을 나타내는 감소율로, 재무 분석의 핵심 지표입니다."
전년대비현금흐름감소율,"전년대비 기준 기업의 현금흐름을 나타내는 감소율로, 재무 분석의 핵심 지표입니다."
전분기대비현금흐름감소율,"전분기대비 기준 기업의 현금흐름을 나타내는 감소율로, 재무 분석의 핵심 지표입니다."
YoY현금흐름감소율,"YoY 기준 기업의 현금흐름을 나타내는 감소율로, 재무 분석의 핵심 지표입니다."
QoQ현금흐름감소율,"QoQ 기준 기업의 현금흐름을 나타내는 감소율로, 재무 분석의 핵심 지표입니다."
연간배당비율,"연간 기준 기업의 배당을 나타내는 비율로, 재무 분석의 핵심 지표입니다."
분기배당비율,"분기 기준 기업의 배당을 나타내는 비율로, 재무 분석의 핵심 지표입니다."
월간배당비율,"월간 기준 기업의 배당을 나타내는 비율로, 재무 분석의 핵심 지표입니다."
누적배당비율,"누적 기준 기업의 배당을 나타내는 비율로, 재무 분석의 핵심 지표입니다."
전년대비배당비율,"전년대비 기준 기업의 배당을 나타내는 비율로, 재무 분석의 핵심 지표입니다."
전분기대비배당비율,"전분기대비 기준 기업의 배당을 나타내는 비율로, 재무 분석의 핵심 지표입니다."
YoY배당비율,"YoY 기준 기업의 배당을 나타내는 비율로, 재무 분석의 핵심 지표입니다."
QoQ배당비율,"QoQ 기준 기업의 배당을 나타내는 비율로, 재무 분석의 핵심 지표입니다."
연간배당배율,"연간 기준 기업의 배당을 나타내는 배율로, 재무 분석의 핵심 지표입니다."
분기배당배율,"분기 기준 기업의 배당을 나타내는 배율로, 재무 분석의 핵심 지표입니다."
월간배당배율,"월간 기준 기업의 배당을 나타내는 배율로, 재무 분석의 핵심 지표입니다."
누적배당배율,"누적 기준 기업의 배당을 나타내는 배율로, 재무 분석의 핵심 지표입니다."
전년대비배당배율,"전년대비 기준 기업의 배당을 나타내는 배율로, 재무 분석의 핵심 지표입니다."
전분기대비배당배율,"전분기대비 기준 기업의 배당을 나타내는 배율로, 재무 분석의 핵심 지표입니다."
YoY배당배율,"YoY 기준 기업의 배당을 나타내는 배율로, 재무 분석의 핵심 지표입니다."
QoQ배당배율,"QoQ 기준 기업의 배당을 나타내는 배율로, 재무 분석의 핵심 지표입니다."
연간배당회전율,"연간 기준 기업의 배당을 나타내는 회전율로, 재무 분석의 핵심 지표입니다."
분기배당회전율,"분기 기준 기업의 배당을 나타내는 회전율로, 재무 분석의 핵심 지표입니다."
월간배당회전율,"월간 기준 기업의 배당을 나타내는 회전율로, 재무 분석의 핵심 지표입니다."
누적배당회전율,"누적 기준 기업의 배당을 나타내는 회전율로, 재무 분석의 핵심 지표입니다."
전년대비배당회전율,"전년대비 기준 기업의 배당을 나타내는 회전율로, 재무 분석의 핵심 지표입니다."
전분기대비배당회전율,"전분기대비 기준 기업의 배당을 나타내는 회전율로, 재무 분석의 핵심 지표입니다."
YoY배당회전율,"YoY 기준 기업의 배당을 나타내는 회전율로, 재무 분석의 핵심 지표입니다."
QoQ배당회전율,"QoQ 기준 기업의 배당을 나타내는 회전율로, 재무 분석의 핵심 지표입니다."
연간배당마진율,"연간 기준 기업의 배당을 나타내는 마진율로, 재무 분석의 핵심 지표입니다."
분기배당마진율,"분기 기준 기업의 배당을 나타내는 마진율로, 재무 분석의 핵심 지표입니다."
월간배당마진율,"월간 기준 기업의 배당을 나타내는 마진율로, 재무 분석의 핵심 지표입니다."
누적배당마진율,"누적 기준 기업의 배당을 나타내는 마진율로, 재무 분석의 핵심 지표입니다."
전년대비배당마진율,"전년대비 기준 기업의 배당을 나타내는 마진율로, 재무 분석의 핵심 지표입니다."
전분기대비배당마진율,"전분기대비 기준 기업의 배당을 나타내는 마진율로, 재무 분석의 핵심 지표입니다."
YoY배당마진율,"YoY 기준 기업의 배당을 나타내는 마진율로, 재무 분석의 핵심 지표입니다."
QoQ배당마진율,"QoQ 기준 기업의 배당을 나타내는 마진율로, 재무 분석의 핵심 지표입니다."
연간배당수익률,"연간 기준 기업의 배당을 나타내는 수익률로, 재무 분석의 핵심 지표입니다."
분기배당수익률,"분기 기준 기업의 배당을 나타내는 수익률로, 재무 분석의 핵심 지표입니다."
월간배당수익률,"월간 기준 기업의 배당을 나타내는 수익률로, 재무 분석의 핵심 지표입니다."
누적배당수익률,"누적 기준 기업의 배당을 나타내는 수익률로, 재무 분석의 핵심 지표입니다."
전년대비배당수익률,"전년대비 기준 기업의 배당을 나타내는 수익률로, 재무 분석의 핵심 지표입니다."
전분기대비배당수익률,"전분기대비 기준 기업의 배당을 나타내는 수익률로, 재무 분석의 핵심 지표입니다."
YoY배당수익률,"YoY 기준 기업의 배당을 나타내는 수익률로, 재무 분석의 핵심 지표입니다."
QoQ배당수익률,"QoQ 기준 기업의 배당을 나타내는 수익률로, 재무 분석의 핵심 지표입니다."
연간배당증가율,"연간 기준 기업의 배당을 나타내는 증가율로, 재무 분석의 핵심 지표입니다."
분기배당증가율,"분기 기준 기업의 배당을 나타내는 증가율로, 재무 분석의 핵심 지표입니다."
월간배당증가율,"월간 기준 기업의 배당을 나타내는 증가율로, 재무 분석의 핵심 지표입니다."
누적배당증가율,"누적 기준 기업의 배당을 나타내는 증가율로, 재무 분석의 핵심 지표입니다."
전년대비배당증가율,"전년대비 기준 기업의 배당을 나타내는 증가율로, 재무 분석의 핵심 지표입니다."
전분기대비배당증가율,"전분기대비 기준 기업의 배당을 나타내는 증가율로, 재무 분석의 핵심 지표입니다."
YoY배당증가율,"YoY 기준 기업의 배당을 나타내는 증가율로, 재무 분석의 핵심 지표입니다."
QoQ배당증가율,"QoQ 기준 기업의 배당을 나타내는 증가율로, 재무 분석의 핵심 지표입니다."
연간배당감소율,"연간 기준 기업의 배당을 나타내는 감소율로, 재무 분석의 핵심 지표입니다."
분기배당감소율,"분기 기준 기업의 배당을 나타내는 감소율로, 재무 분석의 핵심 지표입니다."
월간배당감소율,"월간 기준 기업의 배당을 나타내는 감소율로, 재무 분석의 핵심 지표입니다."
누적배당감소율,"누적 기준 기업의 배당을 나타내는 감소율로, 재무 분석의 핵심 지표입니다."
전년대비배당감소율,"전년대비 기준 기업의 배당을 나타내는 감소율로, 재무 분석의 핵심 지표입니다."
전분기대비배당감소율,"전분기대비 기준 기업의 배당을 나타내는 감소율로, 재무 분석의 핵심 지표입니다."
YoY배당감소율,"YoY 기준 기업의 배당을 나타내는 감소율로, 재무 분석의 핵심 지표입니다."
QoQ배당감소율,"QoQ 기준 기업의 배당을 나타내는 감소율로, 재무 분석의 핵심 지표입니다."
비트코인거래수수료,"비트코인의 거래 시 수수료 특성으로, 암호화폐 생태계의 중요한 요소입니다."
비트코인거래속도,"비트코인의 거래 시 속도 특성으로, 암호화폐 생태계의 중요한 요소입니다."
비트코인거래보안,"비트코인의 거래 시 보안 특성으로, 암호화폐 생태계의 중요한 요소입니다."
비트코인거래확장성,"비트코인의 거래 시 확장성 특성으로, 암호화폐 생태계의 중요한 요소입니다."
비트코인거래탈중앙화,"비트코인의 거래 시 탈중앙화 특성으로, 암호화폐 생태계의 중요한 요소입니다."
비트코인거래스마트계약,"비트코인의 거래 시 스마트계약 특성으로, 암호화폐 생태계의 중요한 요소입니다."
비트코인거래토큰이코노미,"비트코인의 거래 시 토큰이코노미 특성으로, 암호화폐 생태계의 중요한 요소입니다."
비트코인전송수수료,"비트코인의 전송 시 수수료 특성으로, 암호화폐 생태계의 중요한 요소입니다."
비트코인전송속도,"비트코인의 전송 시 속도 특성으로, 암호화폐 생태계의 중요한 요소입니다."
비트코인전송보안,"비트코인의 전송 시 보안 특성으로, 암호화폐 생태계의 중요한 요소입니다."
비트코인전송확장성,"비트코인의 전송 시 확장성 특성으로, 암호화폐 생태계의 중요한 요소입니다."
비트코인전송탈중앙화,"비트코인의 전송 시 탈중앙화 특성으로, 암호화폐 생태계의 중요한 요소입니다."
비트코인전송스마트계약,"비트코인의 전송 시 스마트계약 특성으로, 암호화폐 생태계의 중요한 요소입니다."
비트코인전송토큰이코노미,"비트코인의 전송 시 토큰이코노미 특성으로, 암호화폐 생태계의 중요한 요소입니다."
비트코인예치수수료,"비트코인의 예치 시 수수료 특성으로, 암호화폐 생태계의 중요한 요소입니다."
비트코인예치속도,"비트코인의 예치 시 속도 특성으로, 암호화폐 생태계의 중요한 요소입니다."
비트코인예치보안,"비트코인의 예치 시 보안 특성으로, 암호화폐 생태계의 중요한 요소입니다."
비트코인예치확장성,"비트코인의 예치 시 확장성 특성으로, 암호화폐 생태계의 중요한 요소입니다."
비트코인예치탈중앙화,"비트코인의 예치 시 탈중앙화 특성으로, 암호화폐 생태계의 중요한 요소입니다."
비트코인예치스마트계약,"비트코인의 예치 시 스마트계약 특성으로, 암호화폐 생태계의 중요한 요소입니다."
비트코인예치토큰이코노미,"비트코인의 예치 시 토큰이코노미 특성으로, 암호화폐 생태계의 중요한 요소입니다."
비트코인스테이킹수수료,"비트코인의 스테이킹 시 수수료 특성으로, 암호화폐 생태계의 중요한 요소입니다."
비트코인스테이킹속도,"비트코인의 스테이킹 시 속도 특성으로, 암호화폐 생태계의 중요한 요소입니다."
비트코인스테이킹보안,"비트코인의 스테이킹 시 보안 특성으로, 암호화폐 생태계의 중요한 요소입니다."
비트코인스테이킹확장성,"비트코인의 스테이킹 시 확장성 특성으로, 암호화폐 생태계의 중요한 요소입니다."
비트코인스테이킹탈중앙화,"비트코인의 스테이킹 시 탈중앙화 특성으로, 암호화폐 생태계의 중요한 요소입니다."
비트코인스테이킹스마트계약,"비트코인의 스테이킹 시 스마트계약 특성으로, 암호화폐 생태계의 중요한 요소입니다."
비트코인스테이킹토큰이코노미,"비트코인의 스테이킹 시 토큰이코노미 특성으로, 암호화폐 생태계의 중요한 요소입니다."
비트코인채굴수수료,"비트코인의 채굴 시 수수료 특성으로, 암호화폐 생태계의 중요한 요소입니다."
비트코인채굴속도,"비트코인의 채굴 시 속도 특성으로, 암호화폐 생태계의 중요한 요소입니다."
비트코인채굴보안,"비트코인의 채굴 시 보안 특성으로, 암호화폐 생태계의 중요한 요소입니다."
비트코인채굴확장성,"비트코인의 채굴 시 확장성 특성으로, 암호화폐 생태계의 중요한 요소입니다."
비트코인채굴탈중앙화,"비트코인의 채굴 시 탈중앙화 특성으로, 암호화폐 생태계의 중요한 요소입니다."
비트코인채굴스마트계약,"비트코인의 채굴 시 스마트계약 특성으로, 암호화폐 생태계의 중요한 요소입니다."
비트코인채굴토큰이코노미,"비트코인의 채굴 시 토큰이코노미 특성으로, 암호화폐 생태계의 중요한 요소입니다."
비트코인지갑수수료,"비트코인의 지갑 시 수수료 특성으로, 암호화폐 생태계의 중요한 요소입니다."
비트코인지갑속도,"비트코인의 지갑 시 속도 특성으로, 암호화폐 생태계의 중요한 요소입니다."
비트코인지갑보안,"비트코인의 지갑 시 보안 특성으로, 암호화폐 생태계의 중요한 요소입니다."
비트코인지갑확장성,"비트코인의 지갑 시 확장성 특성으로, 암호화폐 생태계의 중요한 요소입니다."
비트코인지갑탈중앙화,"비트코인의 지갑 시 탈중앙화 특성으로, 암호화폐 생태계의 중요한 요소입니다."
비트코인지갑스마트계약,"비트코인의 지갑 시 스마트계약 특성으로, 암호화폐 생태계의 중요한 요소입니다."
비트코인지갑토큰이코노미,"비트코인의 지갑 시 토큰이코노미 특성으로, 암호화폐 생태계의 중요한 요소입니다."
비트코인스왑수수료,"비트코인의 스왑 시 수수료 특성으로, 암호화폐 생태계의 중요한 요소입니다."
비트코인스왑속도,"비트코인의 스왑 시 속도 특성으로, 암호화폐 생태계의 중요한 요소입니다."
비트코인스왑보안,"비트코인의 스왑 시 보안 특성으로, 암호화폐 생태계의 중요한 요소입니다."
비트코인스왑확장성,"비트코인의 스왑 시 확장성 특성으로, 암호화폐 생태계의 중요한 요소입니다."
비트코인스왑탈중앙화,"비트코인의 스왑 시 탈중앙화 특성으로, 암호화폐 생태계의 중요한 요소입니다."
비트코인스왑스마트계약,"비트코인의 스왑 시 스마트계약 특성으로, 암호화폐 생태계의 중요한 요소입니다."
비트코인스왑토큰이코노미,"비트코인의 스왑 시 토큰이코노미 특성으로, 암호화폐 생태계의 중요한 요소입니다."
비트코인브릿지수수료,"비트코인의 브릿지 시 수수료 특성으로, 암호화폐 생태계의 중요한 요소입니다."
비트코인브릿지속도,"비트코인의 브릿지 시 속도 특성으로, 암호화폐 생태계의 중요한 요소입니다."
비트코인브릿지보안,"비트코인의 브릿지 시 보안 특성으로, 암호화폐 생태계의 중요한 요소입니다."
비트코인브릿지확장성,"비트코인의 브릿지 시 확장성 특성으로, 암호화폐 생태계의 중요한 요소입니다."
비트코인브릿지탈중앙화,"비트코인의 브릿지 시 탈중앙화 특성으로, 암호화폐 생태계의 중요한 요소입니다."
비트코인브릿지스마트계약,"비트코인의 브릿지 시 스마트계약 특성으로, 암호화폐 생태계의 중요한 요소입니다."
비트코인브릿지토큰이코노미,"비트코인의 브릿지 시 토큰이코노미 특성으로, 암호화폐 생태계의 중요한 요소입니다."
이더리움거래수수료,"이더리움의 거래 시 수수료 특성으로, 암호화폐 생태계의 중요한 요소입니다."
이더리움거래속도,"이더리움의 거래 시 속도 특성으로, 암호화폐 생태계의 중요한 요소입니다."
이더리움거래보안,"이더리움의 거래 시 보안 특성으로, 암호화폐 생태계의 중요한 요소입니다."
이더리움거래확장성,"이더리움의 거래 시 확장성 특성으로, 암호화폐 생태계의 중요한 요소입니다."
이더리움거래탈중앙화,"이더리움의 거래 시 탈중앙화 특성으로, 암호화폐 생태계의 중요한 요소입니다."
이더리움거래스마트계약,"이더리움의 거래 시 스마트계약 특성으로, 암호화폐 생태계의 중요한 요소입니다."
이더리움거래토큰이코노미,"이더리움의 거래 시 토큰이코노미 특성으로, 암호화폐 생태계의 중요한 요소입니다."
이더리움전송수수료,"이더리움의 전송 시 수수료 특성으로, 암호화폐 생태계의 중요한 요소입니다."
이더리움전송속도,"이더리움의 전송 시 속도 특성으로, 암호화폐 생태계의 중요한 요소입니다."
이더리움전송보안,"이더리움의 전송 시 보안 특성으로, 암호화폐 생태계의 중요한 요소입니다."
이더리움전송확장성,"이더리움의 전송 시 확장성 특성으로, 암호화폐 생태계의 중요한 요소입니다."
이더리움전송탈중앙화,"이더리움의 전송 시 탈중앙화 특성으로, 암호화폐 생태계의 중요한 요소입니다."
이더리움전송스마트계약,"이더리움의 전송 시 스마트계약 특성으로, 암호화폐 생태계의 중요한 요소입니다."
이더리움전송토큰이코노미,"이더리움의 전송 시 토큰이코노미 특성으로, 암호화폐 생태계의 중요한 요소입니다."
이더리움예치수수료,"이더리움의 예치 시 수수료 특성으로, 암호화폐 생태계의 중요한 요소입니다."
이더리움예치속도,"이더리움의 예치 시 속도 특성으로, 암호화폐 생태계의 중요한 요소입니다."
이더리움예치보안,"이더리움의 예치 시 보안 특성으로, 암호화폐 생태계의 중요한 요소입니다."
이더리움예치확장성,"이더리움의 예치 시 확장성 특성으로, 암호화폐 생태계의 중요한 요소입니다."
이더리움예치탈중앙화,"이더리움의 예치 시 탈중앙화 특성으로, 암호화폐 생태계의 중요한 요소입니다."
이더리움예치스마트계약,"이더리움의 예치 시 스마트계약 특성으로, 암호화폐 생태계의 중요한 요소입니다."
이더리움예치토큰이코노미,"이더리움의 예치 시 토큰이코노미 특성으로, 암호화폐 생태계의 중요한 요소입니다."
이더리움스테이킹수수료,"이더리움의 스테이킹 시 수수료 특성으로, 암호화폐 생태계의 중요한 요소입니다."
이더리움스테이킹속도,"이더리움의 스테이킹 시 속도 특성으로, 암호화폐 생태계의 중요한 요소입니다."
이더리움스테이킹보안,"이더리움의 스테이킹 시 보안 특성으로, 암호화폐 생태계의 중요한 요소입니다."
이더리움스테이킹확장성,"이더리움의 스테이킹 시 확장성 특성으로, 암호화폐 생태계의 중요한 요소입니다."
이더리움스테이킹탈중앙화,"이더리움의 스테이킹 시 탈중앙화 특성으로, 암호화폐 생태계의 중요한 요소입니다."
이더리움스테이킹스마트계약,"이더리움의 스테이킹 시 스마트계약 특성으로, 암호화폐 생태계의 중요한 요소입니다."
이더리움스테이킹토큰이코노미,"이더리움의 스테이킹 시 토큰이코노미 특성으로, 암호화폐 생태계의 중요한 요소입니다."
이더리움채굴수수료,"이더리움의 채굴 시 수수료 특성으로, 암호화폐 생태계의 중요한 요소입니다."
이더리움채굴속도,"이더리움의 채굴 시 속도 특성으로, 암호화폐 생태계의 중요한 요소입니다."
이더리움채굴보안,"이더리움의 채굴 시 보안 특성으로, 암호화폐 생태계의 중요한 요소입니다."
이더리움채굴확장성,"이더리움의 채굴 시 확장성 특성으로, 암호화폐 생태계의 중요한 요소입니다."
이더리움채굴탈중앙화,"이더리움의 채굴 시 탈중앙화 특성으로, 암호화폐 생태계의 중요한 요소입니다."
이더리움채굴스마트계약,"이더리움의 채굴 시 스마트계약 특성으로, 암호화폐 생태계의 중요한 요소입니다."
이더리움채굴토큰이코노미,"이더리움의 채굴 시 토큰이코노미 특성으로, 암호화폐 생태계의 중요한 요소입니다."
이더리움지갑수수료,"이더리움의 지갑 시 수수료 특성으로, 암호화폐 생태계의 중요한 요소입니다."
이더리움지갑속도,"이더리움의 지갑 시 속도 특성으로, 암호화폐 생태계의 중요한 요소입니다."
이더리움지갑보안,"이더리움의 지갑 시 보안 특성으로, 암호화폐 생태계의 중요한 요소입니다."
이더리움지갑확장성,"이더리움의 지갑 시 확장성 특성으로, 암호화폐 생태계의 중요한 요소입니다."
이더리움지갑탈중앙화,"이더리움의 지갑 시 탈중앙화 특성으로, 암호화폐 생태계의 중요한 요소입니다."
이더리움지갑스마트계약,"이더리움의 지갑 시 스마트계약 특성으로, 암호화폐 생태계의 중요한 요소입니다."
이더리움지갑토큰이코노미,"이더리움의 지갑 시 토큰이코노미 특성으로, 암호화폐 생태계의 중요한 요소입니다."
이더리움스왑수수료,"이더리움의 스왑 시 수수료 특성으로, 암호화폐 생태계의 중요한 요소입니다."
이더리움스왑속도,"이더리움의 스왑 시 속도 특성으로, 암호화폐 생태계의 중요한 요소입니다."
이더리움스왑보안,"이더리움의 스왑 시 보안 특성으로, 암호화폐 생태계의 중요한 요소입니다."
이더리움스왑확장성,"이더리움의 스왑 시 확장성 특성으로, 암호화폐 생태계의 중요한 요소입니다."
이더리움스왑탈중앙화,"이더리움의 스왑 시 탈중앙화 특성으로, 암호화폐 생태계의 중요한 요소입니다."
이더리움스왑스마트계약,"이더리움의 스왑 시 스마트계약 특성으로, 암호화폐 생태계의 중요한 요소입니다."
이더리움스왑토큰이코노미,"이더리움의 스왑 시 토큰이코노미 특성으로, 암호화폐 생태계의 중요한 요소입니다."
이더리움브릿지수수료,"이더리움의 브릿지 시 수수료 특성으로, 암호화폐 생태계의 중요한 요소입니다."
이더리움브릿지속도,"이더리움의 브릿지 시 속도 특성으로, 암호화폐 생태계의 중요한 요소입니다."
이더리움브릿지보안,"이더리움의 브릿지 시 보안 특성으로, 암호화폐 생태계의 중요한 요소입니다."
이더리움브릿지확장성,"이더리움의 브릿지 시 확장성 특성으로, 암호화폐 생태계의 중요한 요소입니다."
이더리움브릿지탈중앙화,"이더리움의 브릿지 시 탈중앙화 특성으로, 암호화폐 생태계의 중요한 요소입니다."
이더리움브릿지스마트계약,"이더리움의 브릿지 시 스마트계약 특성으로, 암호화폐 생태계의 중요한 요소입니다."
이더리움브릿지토큰이코노미,"이더리움의 브릿지 시 토큰이코노미 특성으로, 암호화폐 생태계의 중요한 요소입니다."
리플거래수수료,"리플의 거래 시 수수료 특성으로, 암호화폐 생태계의 중요한 요소입니다."
리플거래속도,"리플의 거래 시 속도 특성으로, 암호화폐 생태계의 중요한 요소입니다."
리플거래보안,"리플의 거래 시 보안 특성으로, 암호화폐 생태계의 중요한 요소입니다."
리플거래확장성,"리플의 거래 시 확장성 특성으로, 암호화폐 생태계의 중요한 요소입니다."
리플거래탈중앙화,"리플의 거래 시 탈중앙화 특성으로, 암호화폐 생태계의 중요한 요소입니다."
리플거래스마트계약,"리플의 거래 시 스마트계약 특성으로, 암호화폐 생태계의 중요한 요소입니다."
리플거래토큰이코노미,"리플의 거래 시 토큰이코노미 특성으로, 암호화폐 생태계의 중요한 요소입니다."
리플전송수수료,"리플의 전송 시 수수료 특성으로, 암호화폐 생태계의 중요한 요소입니다."
리플전송속도,"리플의 전송 시 속도 특성으로, 암호화폐 생태계의 중요한 요소입니다."
리플전송보안,"리플의 전송 시 보안 특성으로, 암호화폐 생태계의 중요한 요소입니다."
리플전송확장성,"리플의 전송 시 확장성 특성으로, 암호화폐 생태계의 중요한 요소입니다."
리플전송탈중앙화,"리플의 전송 시 탈중앙화 특성으로, 암호화폐 생태계의 중요한 요소입니다."
리플전송스마트계약,"리플의 전송 시 스마트계약 특성으로, 암호화폐 생태계의 중요한 요소입니다."
리플전송토큰이코노미,"리플의 전송 시 토큰이코노미 특성으로, 암호화폐 생태계의 중요한 요소입니다."
리플예치수수료,"리플의 예치 시 수수료 특성으로, 암호화폐 생태계의 중요한 요소입니다."
리플예치속도,"리플의 예치 시 속도 특성으로, 암호화폐 생태계의 중요한 요소입니다."
리플예치보안,"리플의 예치 시 보안 특성으로, 암호화폐 생태계의 중요한 요소입니다."
리플예치확장성,"리플의 예치 시 확장성 특성으로, 암호화폐 생태계의 중요한 요소입니다."
리플예치탈중앙화,"리플의 예치 시 탈중앙화 특성으로, 암호화폐 생태계의 중요한 요소입니다."
리플예치스마트계약,"리플의 예치 시 스마트계약 특성으로, 암호화폐 생태계의 중요한 요소입니다."
리플예치토큰이코노미,"리플의 예치 시 토큰이코노미 특성으로, 암호화폐 생태계의 중요한 요소입니다."
리플스테이킹수수료,"리플의 스테이킹 시 수수료 특성으로, 암호화폐 생태계의 중요한 요소입니다."
리플스테이킹속도,"리플의 스테이킹 시 속도 특성으로, 암호화폐 생태계의 중요한 요소입니다."
리플스테이킹보안,"리플의 스테이킹 시 보안 특성으로, 암호화폐 생태계의 중요한 요소입니다."
리플스테이킹확장성,"리플의 스테이킹 시 확장성 특성으로, 암호화폐 생태계의 중요한 요소입니다."
리플스테이킹탈중앙화,"리플의 스테이킹 시 탈중앙화 특성으로, 암호화폐 생태계의 중요한 요소입니다."
리플스테이킹스마트계약,"리플의 스테이킹 시 스마트계약 특성으로, 암호화폐 생태계의 중요한 요소입니다."
리플스테이킹토큰이코노미,"리플의 스테이킹 시 토큰이코노미 특성으로, 암호화폐 생태계의 중요한 요소입니다."
리플채굴수수료,"리플의 채굴 시 수수료 특성으로, 암호화폐 생태계의 중요한 요소입니다."
리플채굴속도,"리플의 채굴 시 속도 특성으로, 암호화폐 생태계의 중요한 요소입니다."
리플채굴보안,"리플의 채굴 시 보안 특성으로, 암호화폐 생태계의 중요한 요소입니다."
리플채굴확장성,"리플의 채굴 시 확장성 특성으로, 암호화폐 생태계의 중요한 요소입니다."
리플채굴탈중앙화,"리플의 채굴 시 탈중앙화 특성으로, 암호화폐 생태계의 중요한 요소입니다."
리플채굴스마트계약,"리플의 채굴 시 스마트계약 특성으로, 암호화폐 생태계의 중요한 요소입니다."
리플채굴토큰이코노미,"리플의 채굴 시 토큰이코노미 특성으로, 암호화폐 생태계의 중요한 요소입니다."
리플지갑수수료,"리플의 지갑 시 수수료 특성으로, 암호화폐 생태계의 중요한 요소입니다."
리플지갑속도,"리플의 지갑 시 속도 특성으로, 암호화폐 생태계의 중요한 요소입니다."
리플지갑보안,"리플의 지갑 시 보안 특성으로, 암호화폐 생태계의 중요한 요소입니다."
리플지갑확장성,"리플의 지갑 시 확장성 특성으로, 암호화폐 생태계의 중요한 요소입니다."
리플지갑탈중앙화,"리플의 지갑 시 탈중앙화 특성으로, 암호화폐 생태계의 중요한 요소입니다."
리플지갑스마트계약,"리플의 지갑 시 스마트계약 특성으로, 암호화폐 생태계의 중요한 요소입니다."
리플지갑토큰이코노미,"리플의 지갑 시 토큰이코노미 특성으로, 암호화폐 생태계의 중요한 요소입니다."
리플스왑수수료,"리플의 스왑 시 수수료 특성으로, 암호화폐 생태계의 중요한 요소입니다."
리플스왑속도,"리플의 스왑 시 속도 특성으로, 암호화폐 생태계의 중요한 요소입니다."
리플스왑보안,"리플의 스왑 시 보안 특성으로, 암호화폐 생태계의 중요한 요소입니다."
리플스왑확장성,"리플의 스왑 시 확장성 특성으로, 암호화폐 생태계의 중요한 요소입니다."
리플스왑탈중앙화,"리플의 스왑 시 탈중앙화 특성으로, 암호화폐 생태계의 중요한 요소입니다."
리플스왑스마트계약,"리플의 스왑 시 스마트계약 특성으로, 암호화폐 생태계의 중요한 요소입니다."
리플스왑토큰이코노미,"리플의 스왑 시 토큰이코노미 특성으로, 암호화폐 생태계의 중요한 요소입니다."
리플브릿지수수료,"리플의 브릿지 시 수수료 특성으로, 암호화폐 생태계의 중요한 요소입니다."
리플브릿지속도,"리플의 브릿지 시 속도 특성으로, 암호화폐 생태계의 중요한 요소입니다."
리플브릿지보안,"리플의 브릿지 시 보안 특성으로, 암호화폐 생태계의 중요한 요소입니다."
리플브릿지확장성,"리플의 브릿지 시 확장성 특성으로, 암호화폐 생태계의 중요한 요소입니다."
리플브릿지탈중앙화,"리플의 브릿지 시 탈중앙화 특성으로, 암호화폐 생태계의 중요한 요소입니다."
리플브릿지스마트계약,"리플의 브릿지 시 스마트계약 특성으로, 암호화폐 생태계의 중요한 요소입니다."
리플브릿지토큰이코노미,"리플의 브릿지 시 토큰이코노미 특성으로, 암호화폐 생태계의 중요한 요소입니다."
라이트코인거래수수료,"라이트코인의 거래 시 수수료 특성으로, 암호화폐 생태계의 중요한 요소입니다."
라이트코인거래속도,"라이트코인의 거래 시 속도 특성으로, 암호화폐 생태계의 중요한 요소입니다."
라이트코인거래보안,"라이트코인의 거래 시 보안 특성으로, 암호화폐 생태계의 중요한 요소입니다."
라이트코인거래확장성,"라이트코인의 거래 시 확장성 특성으로, 암호화폐 생태계의 중요한 요소입니다."
라이트코인거래탈중앙화,"라이트코인의 거래 시 탈중앙화 특성으로, 암호화폐 생태계의 중요한 요소입니다."
라이트코인거래스마트계약,"라이트코인의 거래 시 스마트계약 특성으로, 암호화폐 생태계의 중요한 요소입니다."
라이트코인거래토큰이코노미,"라이트코인의 거래 시 토큰이코노미 특성으로, 암호화폐 생태계의 중요한 요소입니다."
라이트코인전송수수료,"라이트코인의 전송 시 수수료 특성으로, 암호화폐 생태계의 중요한 요소입니다."
라이트코인전송속도,"라이트코인의 전송 시 속도 특성으로, 암호화폐 생태계의 중요한 요소입니다."
라이트코인전송보안,"라이트코인의 전송 시 보안 특성으로, 암호화폐 생태계의 중요한 요소입니다."
라이트코인전송확장성,"라이트코인의 전송 시 확장성 특성으로, 암호화폐 생태계의 중요한 요소입니다."
라이트코인전송탈중앙화,"라이트코인의 전송 시 탈중앙화 특성으로, 암호화폐 생태계의 중요한 요소입니다."
라이트코인전송스마트계약,"라이트코인의 전송 시 스마트계약 특성으로, 암호화폐 생태계의 중요한 요소입니다."
라이트코인전송토큰이코노미,"라이트코인의 전송 시 토큰이코노미 특성으로, 암호화폐 생태계의 중요한 요소입니다."
라이트코인예치수수료,"라이트코인의 예치 시 수수료 특성으로, 암호화폐 생태계의 중요한 요소입니다."
라이트코인예치속도,"라이트코인의 예치 시 속도 특성으로, 암호화폐 생태계의 중요한 요소입니다."
라이트코인예치보안,"라이트코인의 예치 시 보안 특성으로, 암호화폐 생태계의 중요한 요소입니다."
라이트코인예치확장성,"라이트코인의 예치 시 확장성 특성으로, 암호화폐 생태계의 중요한 요소입니다."
라이트코인예치탈중앙화,"라이트코인의 예치 시 탈중앙화 특성으로, 암호화폐 생태계의 중요한 요소입니다."
라이트코인예치스마트계약,"라이트코인의 예치 시 스마트계약 특성으로, 암호화폐 생태계의 중요한 요소입니다."
라이트코인예치토큰이코노미,"라이트코인의 예치 시 토큰이코노미 특성으로, 암호화폐 생태계의 중요한 요소입니다."
라이트코인스테이킹수수료,"라이트코인의 스테이킹 시 수수료 특성으로, 암호화폐 생태계의 중요한 요소입니다."
라이트코인스테이킹속도,"라이트코인의 스테이킹 시 속도 특성으로, 암호화폐 생태계의 중요한 요소입니다."
라이트코인스테이킹보안,"라이트코인의 스테이킹 시 보안 특성으로, 암호화폐 생태계의 중요한 요소입니다."
라이트코인스테이킹확장성,"라이트코인의 스테이킹 시 확장성 특성으로, 암호화폐 생태계의 중요한 요소입니다."
라이트코인스테이킹탈중앙화,"라이트코인의 스테이킹 시 탈중앙화 특성으로, 암호화폐 생태계의 중요한 요소입니다."
라이트코인스테이킹스마트계약,"라이트코인의 스테이킹 시 스마트계약 특성으로, 암호화폐 생태계의 중요한 요소입니다."
라이트코인스테이킹토큰이코노미,"라이트코인의 스테이킹 시 토큰이코노미 특성으로, 암호화폐 생태계의 중요한 요소입니다."
라이트코인채굴수수료,"라이트코인의 채굴 시 수수료 특성으로, 암호화폐 생태계의 중요한 요소입니다."
라이트코인채굴속도,"라이트코인의 채굴 시 속도 특성으로, 암호화폐 생태계의 중요한 요소입니다."
라이트코인채굴보안,"라이트코인의 채굴 시 보안 특성으로, 암호화폐 생태계의 중요한 요소입니다."
라이트코인채굴확장성,"라이트코인의 채굴 시 확장성 특성으로, 암호화폐 생태계의 중요한 요소입니다."
라이트코인채굴탈중앙화,"라이트코인의 채굴 시 탈중앙화 특성으로, 암호화폐 생태계의 중요한 요소입니다."
라이트코인채굴스마트계약,"라이트코인의 채굴 시 스마트계약 특성으로, 암호화폐 생태계의 중요한 요소입니다."
라이트코인채굴토큰이코노미,"라이트코인의 채굴 시 토큰이코노미 특성으로, 암호화폐 생태계의 중요한 요소입니다."
라이트코인지갑수수료,"라이트코인의 지갑 시 수수료 특성으로, 암호화폐 생태계의 중요한 요소입니다."
라이트코인지갑속도,"라이트코인의 지갑 시 속도 특성으로, 암호화폐 생태계의 중요한 요소입니다."
라이트코인지갑보안,"라이트코인의 지갑 시 보안 특성으로, 암호화폐 생태계의 중요한 요소입니다."
라이트코인지갑확장성,"라이트코인의 지갑 시 확장성 특성으로, 암호화폐 생태계의 중요한 요소입니다."
라이트코인지갑탈중앙화,"라이트코인의 지갑 시 탈중앙화 특성으로, 암호화폐 생태계의 중요한 요소입니다."
라이트코인지갑스마트계약,"라이트코인의 지갑 시 스마트계약 특성으로, 암호화폐 생태계의 중요한 요소입니다."
라이트코인지갑토큰이코노미,"라이트코인의 지갑 시 토큰이코노미 특성으로, 암호화폐 생태계의 중요한 요소입니다."
라이트코인스왑수수료,"라이트코인의 스왑 시 수수료 특성으로, 암호화폐 생태계의 중요한 요소입니다."
라이트코인스왑속도,"라이트코인의 스왑 시 속도 특성으로, 암호화폐 생태계의 중요한 요소입니다."
라이트코인스왑보안,"라이트코인의 스왑 시 보안 특성으로, 암호화폐 생태계의 중요한 요소입니다."
라이트코인스왑확장성,"라이트코인의 스왑 시 확장성 특성으로, 암호화폐 생태계의 중요한 요소입니다."
라이트코인스왑탈중앙화,"라이트코인의 스왑 시 탈중앙화 특성으로, 암호화폐 생태계의 중요한 요소입니다."
라이트코인스왑스마트계약,"라이트코인의 스왑 시 스마트계약 특성으로, 암호화폐 생태계의 중요한 요소입니다."
라이트코인스왑토큰이코노미,"라이트코인의 스왑 시 토큰이코노미 특성으로, 암호화폐 생태계의 중요한 요소입니다."
라이트코인브릿지수수료,"라이트코인의 브릿지 시 수수료 특성으로, 암호화폐 생태계의 중요한 요소입니다."
라이트코인브릿지속도,"라이트코인의 브릿지 시 속도 특성으로, 암호화폐 생태계의 중요한 요소입니다."
라이트코인브릿지보안,"라이트코인의 브릿지 시 보안 특성으로, 암호화폐 생태계의 중요한 요소입니다."
라이트코인브릿지확장성,"라이트코인의 브릿지 시 확장성 특성으로, 암호화폐 생태계의 중요한 요소입니다."
라이트코인브릿지탈중앙화,"라이트코인의 브릿지 시 탈중앙화 특성으로, 암호화폐 생태계의 중요한 요소입니다."
라이트코인브릿지스마트계약,"라이트코인의 브릿지 시 스마트계약 특성으로, 암호화폐 생태계의 중요한 요소입니다."
라이트코인브릿지토큰이코노미,"라이트코인의 브릿지 시 토큰이코노미 특성으로, 암호화폐 생태계의 중요한 요소입니다."
비트코인캐시거래수수료,"비트코인캐시의 거래 시 수수료 특성으로, 암호화폐 생태계의 중요한 요소입니다."
비트코인캐시거래속도,"비트코인캐시의 거래 시 속도 특성으로, 암호화폐 생태계의 중요한 요소입니다."
비트코인캐시거래보안,"비트코인캐시의 거래 시 보안 특성으로, 암호화폐 생태계의 중요한 요소입니다."
비트코인캐시거래확장성,"비트코인캐시의 거래 시 확장성 특성으로, 암호화폐 생태계의 중요한 요소입니다."
비트코인캐시거래탈중앙화,"비트코인캐시의 거래 시 탈중앙화 특성으로, 암호화폐 생태계의 중요한 요소입니다."
비트코인캐시거래스마트계약,"비트코인캐시의 거래 시 스마트계약 특성으로, 암호화폐 생태계의 중요한 요소입니다."
비트코인캐시거래토큰이코노미,"비트코인캐시의 거래 시 토큰이코노미 특성으로, 암호화폐 생태계의 중요한 요소입니다."
비트코인캐시전송수수료,"비트코인캐시의 전송 시 수수료 특성으로, 암호화폐 생태계의 중요한 요소입니다."
비트코인캐시전송속도,"비트코인캐시의 전송 시 속도 특성으로, 암호화폐 생태계의 중요한 요소입니다."
비트코인캐시전송보안,"비트코인캐시의 전송 시 보안 특성으로, 암호화폐 생태계의 중요한 요소입니다."
비트코인캐시전송확장성,"비트코인캐시의 전송 시 확장성 특성으로, 암호화폐 생태계의 중요한 요소입니다."
비트코인캐시전송탈중앙화,"비트코인캐시의 전송 시 탈중앙화 특성으로, 암호화폐 생태계의 중요한 요소입니다."
비트코인캐시전송스마트계약,"비트코인캐시의 전송 시 스마트계약 특성으로, 암호화폐 생태계의 중요한 요소입니다."
비트코인캐시전송토큰이코노미,"비트코인캐시의 전송 시 토큰이코노미 특성으로, 암호화폐 생태계의 중요한 요소입니다."
비트코인캐시예치수수료,"비트코인캐시의 예치 시 수수료 특성으로, 암호화폐 생태계의 중요한 요소입니다."
비트코인캐시예치속도,"비트코인캐시의 예치 시 속도 특성으로, 암호화폐 생태계의 중요한 요소입니다."
비트코인캐시예치보안,"비트코인캐시의 예치 시 보안 특성으로, 암호화폐 생태계의 중요한 요소입니다."
비트코인캐시예치확장성,"비트코인캐시의 예치 시 확장성 특성으로, 암호화폐 생태계의 중요한 요소입니다."
비트코인캐시예치탈중앙화,"비트코인캐시의 예치 시 탈중앙화 특성으로, 암호화폐 생태계의 중요한 요소입니다."
비트코인캐시예치스마트계약,"비트코인캐시의 예치 시 스마트계약 특성으로, 암호화폐 생태계의 중요한 요소입니다."
비트코인캐시예치토큰이코노미,"비트코인캐시의 예치 시 토큰이코노미 특성으로, 암호화폐 생태계의 중요한 요소입니다."
비트코인캐시스테이킹수수료,"비트코인캐시의 스테이킹 시 수수료 특성으로, 암호화폐 생태계의 중요한 요소입니다."
비트코인캐시스테이킹속도,"비트코인캐시의 스테이킹 시 속도 특성으로, 암호화폐 생태계의 중요한 요소입니다."
비트코인캐시스테이킹보안,"비트코인캐시의 스테이킹 시 보안 특성으로, 암호화폐 생태계의 중요한 요소입니다."
비트코인캐시스테이킹확장성,"비트코인캐시의 스테이킹 시 확장성 특성으로, 암호화폐 생태계의 중요한 요소입니다."
비트코인캐시스테이킹탈중앙화,"비트코인캐시의 스테이킹 시 탈중앙화 특성으로, 암호화폐 생태계의 중요한 요소입니다."
비트코인캐시스테이킹스마트계약,"비트코인캐시의 스테이킹 시 스마트계약 특성으로, 암호화폐 생태계의 중요한 요소입니다."
비트코인캐시스테이킹토큰이코노미,"비트코인캐시의 스테이킹 시 토큰이코노미 특성으로, 암호화폐 생태계의 중요한 요소입니다."
비트코인캐시채굴수수료,"비트코인캐시의 채굴 시 수수료 특성으로, 암호화폐 생태계의 중요한 요소입니다."
비트코인캐시채굴속도,"비트코인캐시의 채굴 시 속도 특성으로, 암호화폐 생태계의 중요한 요소입니다."
비트코인캐시채굴보안,"비트코인캐시의 채굴 시 보안 특성으로, 암호화폐 생태계의 중요한 요소입니다."
비트코인캐시채굴확장성,"비트코인캐시의 채굴 시 확장성 특성으로, 암호화폐 생태계의 중요한 요소입니다."
비트코인캐시채굴탈중앙화,"비트코인캐시의 채굴 시 탈중앙화 특성으로, 암호화폐 생태계의 중요한 요소입니다."
비트코인캐시채굴스마트계약,"비트코인캐시의 채굴 시 스마트계약 특성으로, 암호화폐 생태계의 중요한 요소입니다."
비트코인캐시채굴토큰이코노미,"비트코인캐시의 채굴 시 토큰이코노미 특성으로, 암호화폐 생태계의 중요한 요소입니다."
비트코인캐시지갑수수료,"비트코인캐시의 지갑 시 수수료 특성으로, 암호화폐 생태계의 중요한 요소입니다."
비트코인캐시지갑속도,"비트코인캐시의 지갑 시 속도 특성으로, 암호화폐 생태계의 중요한 요소입니다."
비트코인캐시지갑보안,"비트코인캐시의 지갑 시 보안 특성으로, 암호화폐 생태계의 중요한 요소입니다."
비트코인캐시지갑확장성,"비트코인캐시의 지갑 시 확장성 특성으로, 암호화폐 생태계의 중요한 요소입니다."
비트코인캐시지갑탈중앙화,"비트코인캐시의 지갑 시 탈중앙화 특성으로, 암호화폐 생태계의 중요한 요소입니다."
비트코인캐시지갑스마트계약,"비트코인캐시의 지갑 시 스마트계약 특성으로, 암호화폐 생태계의 중요한 요소입니다."
비트코인캐시지갑토큰이코노미,"비트코인캐시의 지갑 시 토큰이코노미 특성으로, 암호화폐 생태계의 중요한 요소입니다."
비트코인캐시스왑수수료,"비트코인캐시의 스왑 시 수수료 특성으로, 암호화폐 생태계의 중요한 요소입니다."
비트코인캐시스왑속도,"비트코인캐시의 스왑 시 속도 특성으로, 암호화폐 생태계의 중요한 요소입니다."
비트코인캐시스왑보안,"비트코인캐시의 스왑 시 보안 특성으로, 암호화폐 생태계의 중요한 요소입니다."
비트코인캐시스왑확장성,"비트코인캐시의 스왑 시 확장성 특성으로, 암호화폐 생태계의 중요한 요소입니다."
비트코인캐시스왑탈중앙화,"비트코인캐시의 스왑 시 탈중앙화 특성으로, 암호화폐 생태계의 중요한 요소입니다."
비트코인캐시스왑스마트계약,"비트코인캐시의 스왑 시 스마트계약 특성으로, 암호화폐 생태계의 중요한 요소입니다."
비트코인캐시스왑토큰이코노미,"비트코인캐시의 스왑 시 토큰이코노미 특성으로, 암호화폐 생태계의 중요한 요소입니다."
비트코인캐시브릿지수수료,"비트코인캐시의 브릿지 시 수수료 특성으로, 암호화폐 생태계의 중요한 요소입니다."
비트코인캐시브릿지속도,"비트코인캐시의 브릿지 시 속도 특성으로, 암호화폐 생태계의 중요한 요소입니다."
비트코인캐시브릿지보안,"비트코인캐시의 브릿지 시 보안 특성으로, 암호화폐 생태계의 중요한 요소입니다."
비트코인캐시브릿지확장성,"비트코인캐시의 브릿지 시 확장성 특성으로, 암호화폐 생태계의 중요한 요소입니다."
비트코인캐시브릿지탈중앙화,"비트코인캐시의 브릿지 시 탈중앙화 특성으로, 암호화폐 생태계의 중요한 요소입니다."
비트코인캐시브릿지스마트계약,"비트코인캐시의 브릿지 시 스마트계약 특성으로, 암호화폐 생태계의 중요한 요소입니다."
비트코인캐시브릿지토큰이코노미,"비트코인캐시의 브릿지 시 토큰이코노미 특성으로, 암호화폐 생태계의 중요한 요소입니다."
이오스거래수수료,"이오스의 거래 시 수수료 특성으로, 암호화폐 생태계의 중요한 요소입니다."
이오스거래속도,"이오스의 거래 시 속도 특성으로, 암호화폐 생태계의 중요한 요소입니다."
이오스거래보안,"이오스의 거래 시 보안 특성으로, 암호화폐 생태계의 중요한 요소입니다."
이오스거래확장성,"이오스의 거래 시 확장성 특성으로, 암호화폐 생태계의 중요한 요소입니다."
이오스거래탈중앙화,"이오스의 거래 시 탈중앙화 특성으로, 암호화폐 생태계의 중요한 요소입니다."
이오스거래스마트계약,"이오스의 거래 시 스마트계약 특성으로, 암호화폐 생태계의 중요한 요소입니다."
이오스거래토큰이코노미,"이오스의 거래 시 토큰이코노미 특성으로, 암호화폐 생태계의 중요한 요소입니다."
이오스전송수수료,"이오스의 전송 시 수수료 특성으로, 암호화폐 생태계의 중요한 요소입니다."
이오스전송속도,"이오스의 전송 시 속도 특성으로, 암호화폐 생태계의 중요한 요소입니다."
이오스전송보안,"이오스의 전송 시 보안 특성으로, 암호화폐 생태계의 중요한 요소입니다."
이오스전송확장성,"이오스의 전송 시 확장성 특성으로, 암호화폐 생태계의 중요한 요소입니다."
이오스전송탈중앙화,"이오스의 전송 시 탈중앙화 특성으로, 암호화폐 생태계의 중요한 요소입니다."
이오스전송스마트계약,"이오스의 전송 시 스마트계약 특성으로, 암호화폐 생태계의 중요한 요소입니다."
이오스전송토큰이코노미,"이오스의 전송 시 토큰이코노미 특성으로, 암호화폐 생태계의 중요한 요소입니다."
이오스예치수수료,"이오스의 예치 시 수수료 특성으로, 암호화폐 생태계의 중요한 요소입니다."
이오스예치속도,"이오스의 예치 시 속도 특성으로, 암호화폐 생태계의 중요한 요소입니다."
이오스예치보안,"이오스의 예치 시 보안 특성으로, 암호화폐 생태계의 중요한 요소입니다."
이오스예치확장성,"이오스의 예치 시 확장성 특성으로, 암호화폐 생태계의 중요한 요소입니다."
이오스예치탈중앙화,"이오스의 예치 시 탈중앙화 특성으로, 암호화폐 생태계의 중요한 요소입니다."
이오스예치스마트계약,"이오스의 예치 시 스마트계약 특성으로, 암호화폐 생태계의 중요한 요소입니다."
이오스예치토큰이코노미,"이오스의 예치 시 토큰이코노미 특성으로, 암호화폐 생태계의 중요한 요소입니다."
이오스스테이킹수수료,"이오스의 스테이킹 시 수수료 특성으로, 암호화폐 생태계의 중요한 요소입니다."
이오스스테이킹속도,"이오스의 스테이킹 시 속도 특성으로, 암호화폐 생태계의 중요한 요소입니다."
이오스스테이킹보안,"이오스의 스테이킹 시 보안 특성으로, 암호화폐 생태계의 중요한 요소입니다."
이오스스테이킹확장성,"이오스의 스테이킹 시 확장성 특성으로, 암호화폐 생태계의 중요한 요소입니다."
이오스스테이킹탈중앙화,"이오스의 스테이킹 시 탈중앙화 특성으로, 암호화폐 생태계의 중요한 요소입니다."
이오스스테이킹스마트계약,"이오스의 스테이킹 시 스마트계약 특성으로, 암호화폐 생태계의 중요한 요소입니다."
이오스스테이킹토큰이코노미,"이오스의 스테이킹 시 토큰이코노미 특성으로, 암호화폐 생태계의 중요한 요소입니다."
이오스채굴수수료,"이오스의 채굴 시 수수료 특성으로, 암호화폐 생태계의 중요한 요소입니다."
이오스채굴속도,"이오스의 채굴 시 속도 특성으로, 암호화폐 생태계의 중요한 요소입니다."
이오스채굴보안,"이오스의 채굴 시 보안 특성으로, 암호화폐 생태계의 중요한 요소입니다."
이오스채굴확장성,"이오스의 채굴 시 확장성 특성으로, 암호화폐 생태계의 중요한 요소입니다."
이오스채굴탈중앙화,"이오스의 채굴 시 탈중앙화 특성으로, 암호화폐 생태계의 중요한 요소입니다."
이오스채굴스마트계약,"이오스의 채굴 시 스마트계약 특성으로, 암호화폐 생태계의 중요한 요소입니다."
이오스채굴토큰이코노미,"이오스의 채굴 시 토큰이코노미 특성으로, 암호화폐 생태계의 중요한 요소입니다."
이오스지갑수수료,"이오스의 지갑 시 수수료 특성으로, 암호화폐 생태계의 중요한 요소입니다."
이오스지갑속도,"이오스의 지갑 시 속도 특성으로, 암호화폐 생태계의 중요한 요소입니다."
이오스지갑보안,"이오스의 지갑 시 보안 특성으로, 암호화폐 생태계의 중요한 요소입니다."
이오스지갑확장성,"이오스의 지갑 시 확장성 특성으로, 암호화폐 생태계의 중요한 요소입니다."
이오스지갑탈중앙화,"이오스의 지갑 시 탈중앙화 특성으로, 암호화폐 생태계의 중요한 요소입니다."
이오스지갑스마트계약,"이오스의 지갑 시 스마트계약 특성으로, 암호화폐 생태계의 중요한 요소입니다."
이오스지갑토큰이코노미,"이오스의 지갑 시 토큰이코노미 특성으로, 암호화폐 생태계의 중요한 요소입니다."
이오스스왑수수료,"이오스의 스왑 시 수수료 특성으로, 암호화폐 생태계의 중요한 요소입니다."
이오스스왑속도,"이오스의 스왑 시 속도 특성으로, 암호화폐 생태계의 중요한 요소입니다."
이오스스왑보안,"이오스의 스왑 시 보안 특성으로, 암호화폐 생태계의 중요한 요소입니다."
이오스스왑확장성,"이오스의 스왑 시 확장성 특성으로, 암호화폐 생태계의 중요한 요소입니다."
이오스스왑탈중앙화,"이오스의 스왑 시 탈중앙화 특성으로, 암호화폐 생태계의 중요한 요소입니다."
이오스스왑스마트계약,"이오스의 스왑 시 스마트계약 특성으로, 암호화폐 생태계의 중요한 요소입니다."
이오스스왑토큰이코노미,"이오스의 스왑 시 토큰이코노미 특성으로, 암호화폐 생태계의 중요한 요소입니다."
이오스브릿지수수료,"이오스의 브릿지 시 수수료 특성으로, 암호화폐 생태계의 중요한 요소입니다."
이오스브릿지속도,"이오스의 브릿지 시 속도 특성으로, 암호화폐 생태계의 중요한 요소입니다."
이오스브릿지보안,"이오스의 브릿지 시 보안 특성으로, 암호화폐 생태계의 중요한 요소입니다."
이오스브릿지확장성,"이오스의 브릿지 시 확장성 특성으로, 암호화폐 생태계의 중요한 요소입니다."
이오스브릿지탈중앙화,"이오스의 브릿지 시 탈중앙화 특성으로, 암호화폐 생태계의 중요한 요소입니다."
이오스브릿지스마트계약,"이오스의 브릿지 시 스마트계약 특성으로, 암호화폐 생태계의 중요한 요소입니다."
이오스브릿지토큰이코노미,"이오스의 브릿지 시 토큰이코노미 특성으로, 암호화폐 생태계의 중요한 요소입니다."
에이다거래수수료,"에이다의 거래 시 수수료 특성으로, 암호화폐 생태계의 중요한 요소입니다."
에이다거래속도,"에이다의 거래 시 속도 특성으로, 암호화폐 생태계의 중요한 요소입니다."
에이다거래보안,"에이다의 거래 시 보안 특성으로, 암호화폐 생태계의 중요한 요소입니다."
에이다거래확장성,"에이다의 거래 시 확장성 특성으로, 암호화폐 생태계의 중요한 요소입니다."
에이다거래탈중앙화,"에이다의 거래 시 탈중앙화 특성으로, 암호화폐 생태계의 중요한 요소입니다."
에이다거래스마트계약,"에이다의 거래 시 스마트계약 특성으로, 암호화폐 생태계의 중요한 요소입니다."
에이다거래토큰이코노미,"에이다의 거래 시 토큰이코노미 특성으로, 암호화폐 생태계의 중요한 요소입니다."
에이다전송수수료,"에이다의 전송 시 수수료 특성으로, 암호화폐 생태계의 중요한 요소입니다."
에이다전송속도,"에이다의 전송 시 속도 특성으로, 암호화폐 생태계의 중요한 요소입니다."
에이다전송보안,"에이다의 전송 시 보안 특성으로, 암호화폐 생태계의 중요한 요소입니다."
에이다전송확장성,"에이다의 전송 시 확장성 특성으로, 암호화폐 생태계의 중요한 요소입니다."
에이다전송탈중앙화,"에이다의 전송 시 탈중앙화 특성으로, 암호화폐 생태계의 중요한 요소입니다."
에이다전송스마트계약,"에이다의 전송 시 스마트계약 특성으로, 암호화폐 생태계의 중요한 요소입니다."
에이다전송토큰이코노미,"에이다의 전송 시 토큰이코노미 특성으로, 암호화폐 생태계의 중요한 요소입니다."
에이다예치수수료,"에이다의 예치 시 수수료 특성으로, 암호화폐 생태계의 중요한 요소입니다."
에이다예치속도,"에이다의 예치 시 속도 특성으로, 암호화폐 생태계의 중요한 요소입니다."
에이다예치보안,"에이다의 예치 시 보안 특성으로, 암호화폐 생태계의 중요한 요소입니다."
에이다예치확장성,"에이다의 예치 시 확장성 특성으로, 암호화폐 생태계의 중요한 요소입니다."
에이다예치탈중앙화,"에이다의 예치 시 탈중앙화 특성으로, 암호화폐 생태계의 중요한 요소입니다."
에이다예치스마트계약,"에이다의 예치 시 스마트계약 특성으로, 암호화폐 생태계의 중요한 요소입니다."
에이다예치토큰이코노미,"에이다의 예치 시 토큰이코노미 특성으로, 암호화폐 생태계의 중요한 요소입니다."
에이다스테이킹수수료,"에이다의 스테이킹 시 수수료 특성으로, 암호화폐 생태계의 중요한 요소입니다."
에이다스테이킹속도,"에이다의 스테이킹 시 속도 특성으로, 암호화폐 생태계의 중요한 요소입니다."
에이다스테이킹보안,"에이다의 스테이킹 시 보안 특성으로, 암호화폐 생태계의 중요한 요소입니다."
에이다스테이킹확장성,"에이다의 스테이킹 시 확장성 특성으로, 암호화폐 생태계의 중요한 요소입니다."
에이다스테이킹탈중앙화,"에이다의 스테이킹 시 탈중앙화 특성으로, 암호화폐 생태계의 중요한 요소입니다."
에이다스테이킹스마트계약,"에이다의 스테이킹 시 스마트계약 특성으로, 암호화폐 생태계의 중요한 요소입니다."
에이다스테이킹토큰이코노미,"에이다의 스테이킹 시 토큰이코노미 특성으로, 암호화폐 생태계의 중요한 요소입니다."
에이다채굴수수료,"에이다의 채굴 시 수수료 특성으로, 암호화폐 생태계의 중요한 요소입니다."
에이다채굴속도,"에이다의 채굴 시 속도 특성으로, 암호화폐 생태계의 중요한 요소입니다."
에이다채굴보안,"에이다의 채굴 시 보안 특성으로, 암호화폐 생태계의 중요한 요소입니다."
에이다채굴확장성,"에이다의 채굴 시 확장성 특성으로, 암호화폐 생태계의 중요한 요소입니다."
에이다채굴탈중앙화,"에이다의 채굴 시 탈중앙화 특성으로, 암호화폐 생태계의 중요한 요소입니다."
에이다채굴스마트계약,"에이다의 채굴 시 스마트계약 특성으로, 암호화폐 생태계의 중요한 요소입니다."
에이다채굴토큰이코노미,"에이다의 채굴 시 토큰이코노미 특성으로, 암호화폐 생태계의 중요한 요소입니다."
에이다지갑수수료,"에이다의 지갑 시 수수료 특성으로, 암호화폐 생태계의 중요한 요소입니다."
에이다지갑속도,"에이다의 지갑 시 속도 특성으로, 암호화폐 생태계의 중요한 요소입니다."
에이다지갑보안,"에이다의 지갑 시 보안 특성으로, 암호화폐 생태계의 중요한 요소입니다."
에이다지갑확장성,"에이다의 지갑 시 확장성 특성으로, 암호화폐 생태계의 중요한 요소입니다."
에이다지갑탈중앙화,"에이다의 지갑 시 탈중앙화 특성으로, 암호화폐 생태계의 중요한 요소입니다."
에이다지갑스마트계약,"에이다의 지갑 시 스마트계약 특성으로, 암호화폐 생태계의 중요한 요소입니다."
에이다지갑토큰이코노미,"에이다의 지갑 시 토큰이코노미 특성으로, 암호화폐 생태계의 중요한 요소입니다."
에이다스왑수수료,"에이다의 스왑 시 수수료 특성으로, 암호화폐 생태계의 중요한 요소입니다."
에이다스왑속도,"에이다의 스왑 시 속도 특성으로, 암호화폐 생태계의 중요한 요소입니다."
에이다스왑보안,"에이다의 스왑 시 보안 특성으로, 암호화폐 생태계의 중요한 요소입니다."
에이다스왑확장성,"에이다의 스왑 시 확장성 특성으로, 암호화폐 생태계의 중요한 요소입니다."
에이다스왑탈중앙화,"에이다의 스왑 시 탈중앙화 특성으로, 암호화폐 생태계의 중요한 요소입니다."
에이다스왑스마트계약,"에이다의 스왑 시 스마트계약 특성으로, 암호화폐 생태계의 중요한 요소입니다."
에이다스왑토큰이코노미,"에이다의 스왑 시 토큰이코노미 특성으로, 암호화폐 생태계의 중요한 요소입니다."
에이다브릿지수수료,"에이다의 브릿지 시 수수료 특성으로, 암호화폐 생태계의 중요한 요소입니다."
에이다브릿지속도,"에이다의 브릿지 시 속도 특성으로, 암호화폐 생태계의 중요한 요소입니다."
에이다브릿지보안,"에이다의 브릿지 시 보안 특성으로, 암호화폐 생태계의 중요한 요소입니다."
에이다브릿지확장성,"에이다의 브릿지 시 확장성 특성으로, 암호화폐 생태계의 중요한 요소입니다."
에이다브릿지탈중앙화,"에이다의 브릿지 시 탈중앙화 특성으로, 암호화폐 생태계의 중요한 요소입니다."
에이다브릿지스마트계약,"에이다의 브릿지 시 스마트계약 특성으로, 암호화폐 생태계의 중요한 요소입니다."
에이다브릿지토큰이코노미,"에이다의 브릿지 시 토큰이코노미 특성으로, 암호화폐 생태계의 중요한 요소입니다."
스테이블코인거래수수료,"스테이블코인의 거래 시 수수료 특성으로, 암호화폐 생태계의 중요한 요소입니다."
스테이블코인거래속도,"스테이블코인의 거래 시 속도 특성으로, 암호화폐 생태계의 중요한 요소입니다."
스테이블코인거래보안,"스테이블코인의 거래 시 보안 특성으로, 암호화폐 생태계의 중요한 요소입니다."
스테이블코인거래확장성,"스테이블코인의 거래 시 확장성 특성으로, 암호화폐 생태계의 중요한 요소입니다."
스테이블코인거래탈중앙화,"스테이블코인의 거래 시 탈중앙화 특성으로, 암호화폐 생태계의 중요한 요소입니다."
스테이블코인거래스마트계약,"스테이블코인의 거래 시 스마트계약 특성으로, 암호화폐 생태계의 중요한 요소입니다."
스테이블코인거래토큰이코노미,"스테이블코인의 거래 시 토큰이코노미 특성으로, 암호화폐 생태계의 중요한 요소입니다."
스테이블코인전송수수료,"스테이블코인의 전송 시 수수료 특성으로, 암호화폐 생태계의 중요한 요소입니다."
스테이블코인전송속도,"스테이블코인의 전송 시 속도 특성으로, 암호화폐 생태계의 중요한 요소입니다."
스테이블코인전송보안,"스테이블코인의 전송 시 보안 특성으로, 암호화폐 생태계의 중요한 요소입니다."
스테이블코인전송확장성,"스테이블코인의 전송 시 확장성 특성으로, 암호화폐 생태계의 중요한 요소입니다."
스테이블코인전송탈중앙화,"스테이블코인의 전송 시 탈중앙화 특성으로, 암호화폐 생태계의 중요한 요소입니다."
스테이블코인전송스마트계약,"스테이블코인의 전송 시 스마트계약 특성으로, 암호화폐 생태계의 중요한 요소입니다."
스테이블코인전송토큰이코노미,"스테이블코인의 전송 시 토큰이코노미 특성으로, 암호화폐 생태계의 중요한 요소입니다."
스테이블코인예치수수료,"스테이블코인의 예치 시 수수료 특성으로, 암호화폐 생태계의 중요한 요소입니다."
스테이블코인예치속도,"스테이블코인의 예치 시 속도 특성으로, 암호화폐 생태계의 중요한 요소입니다."
스테이블코인예치보안,"스테이블코인의 예치 시 보안 특성으로, 암호화폐 생태계의 중요한 요소입니다."
스테이블코인예치확장성,"스테이블코인의 예치 시 확장성 특성으로, 암호화폐 생태계의 중요한 요소입니다."
스테이블코인예치탈중앙화,"스테이블코인의 예치 시 탈중앙화 특성으로, 암호화폐 생태계의 중요한 요소입니다."
스테이블코인예치스마트계약,"스테이블코인의 예치 시 스마트계약 특성으로, 암호화폐 생태계의 중요한 요소입니다."
스테이블코인예치토큰이코노미,"스테이블코인의 예치 시 토큰이코노미 특성으로, 암호화폐 생태계의 중요한 요소입니다."
스테이블코인스테이킹수수료,"스테이블코인의 스테이킹 시 수수료 특성으로, 암호화폐 생태계의 중요한 요소입니다."
스테이블코인스테이킹속도,"스테이블코인의 스테이킹 시 속도 특성으로, 암호화폐 생태계의 중요한 요소입니다."
스테이블코인스테이킹보안,"스테이블코인의 스테이킹 시 보안 특성으로, 암호화폐 생태계의 중요한 요소입니다."
스테이블코인스테이킹확장성,"스테이블코인의 스테이킹 시 확장성 특성으로, 암호화폐 생태계의 중요한 요소입니다."
스테이블코인스테이킹탈중앙화,"스테이블코인의 스테이킹 시 탈중앙화 특성으로, 암호화폐 생태계의 중요한 요소입니다."
스테이블코인스테이킹스마트계약,"스테이블코인의 스테이킹 시 스마트계약 특성으로, 암호화폐 생태계의 중요한 요소입니다."
스테이블코인스테이킹토큰이코노미,"스테이블코인의 스테이킹 시 토큰이코노미 특성으로, 암호화폐 생태계의 중요한 요소입니다."
스테이블코인채굴수수료,"스테이블코인의 채굴 시 수수료 특성으로, 암호화폐 생태계의 중요한 요소입니다."
스테이블코인채굴속도,"스테이블코인의 채굴 시 속도 특성으로, 암호화폐 생태계의 중요한 요소입니다."
스테이블코인채굴보안,"스테이블코인의 채굴 시 보안 특성으로, 암호화폐 생태계의 중요한 요소입니다."
스테이블코인채굴확장성,"스테이블코인의 채굴 시 확장성 특성으로, 암호화폐 생태계의 중요한 요소입니다."
스테이블코인채굴탈중앙화,"스테이블코인의 채굴 시 탈중앙화 특성으로, 암호화폐 생태계의 중요한 요소입니다."
스테이블코인채굴스마트계약,"스테이블코인의 채굴 시 스마트계약 특성으로, 암호화폐 생태계의 중요한 요소입니다."
스테이블코인채굴토큰이코노미,"스테이블코인의 채굴 시 토큰이코노미 특성으로, 암호화폐 생태계의 중요한 요소입니다."
스테이블코인지갑수수료,"스테이블코인의 지갑 시 수수료 특성으로, 암호화폐 생태계의 중요한 요소입니다."
스테이블코인지갑속도,"스테이블코인의 지갑 시 속도 특성으로, 암호화폐 생태계의 중요한 요소입니다."
스테이블코인지갑보안,"스테이블코인의 지갑 시 보안 특성으로, 암호화폐 생태계의 중요한 요소입니다."
스테이블코인지갑확장성,"스테이블코인의 지갑 시 확장성 특성으로, 암호화폐 생태계의 중요한 요소입니다."
스테이블코인지갑탈중앙화,"스테이블코인의 지갑 시 탈중앙화 특성으로, 암호화폐 생태계의 중요한 요소입니다."
스테이블코인지갑스마트계약,"스테이블코인의 지갑 시 스마트계약 특성으로, 암호화폐 생태계의 중요한 요소입니다."
스테이블코인지갑토큰이코노미,"스테이블코인의 지갑 시 토큰이코노미 특성으로, 암호화폐 생태계의 중요한 요소입니다."
스테이블코인스왑수수료,"스테이블코인의 스왑 시 수수료 특성으로, 암호화폐 생태계의 중요한 요소입니다."
스테이블코인스왑속도,"스테이블코인의 스왑 시 속도 특성으로, 암호화폐 생태계의 중요한 요소입니다."
스테이블코인스왑보안,"스테이블코인의 스왑 시 보안 특성으로, 암호화폐 생태계의 중요한 요소입니다."
스테이블코인스왑확장성,"스테이블코인의 스왑 시 확장성 특성으로, 암호화폐 생태계의 중요한 요소입니다."
스테이블코인스왑탈중앙화,"스테이블코인의 스왑 시 탈중앙화 특성으로, 암호화폐 생태계의 중요한 요소입니다."
스테이블코인스왑스마트계약,"스테이블코인의 스왑 시 스마트계약 특성으로, 암호화폐 생태계의 중요한 요소입니다."
스테이블코인스왑토큰이코노미,"스테이블코인의 스왑 시 토큰이코노미 특성으로, 암호화폐 생태계의 중요한 요소입니다."
스테이블코인브릿지수수료,"스테이블코인의 브릿지 시 수수료 특성으로, 암호화폐 생태계의 중요한 요소입니다."
스테이블코인브릿지속도,"스테이블코인의 브릿지 시 속도 특성으로, 암호화폐 생태계의 중요한 요소입니다."
스테이블코인브릿지보안,"스테이블코인의 브릿지 시 보안 특성으로, 암호화폐 생태계의 중요한 요소입니다."
스테이블코인브릿지확장성,"스테이블코인의 브릿지 시 확장성 특성으로, 암호화폐 생태계의 중요한 요소입니다."
스테이블코인브릿지탈중앙화,"스테이블코인의 브릿지 시 탈중앙화 특성으로, 암호화폐 생태계의 중요한 요소입니다."
스테이블코인브릿지스마트계약,"스테이블코인의 브릿지 시 스마트계약 특성으로, 암호화폐 생태계의 중요한 요소입니다."
스테이블코인브릿지토큰이코노미,"스테이블코인의 브릿지 시 토큰이코노미 특성으로, 암호화폐 생태계의 중요한 요소입니다."
환경기후변화평가,"환경 측면에서의 기후변화 관련 평가로, ESG 경영의 핵심 활동입니다."
환경기후변화등급,"환경 측면에서의 기후변화 관련 등급로, ESG 경영의 핵심 활동입니다."
환경기후변화공시,"환경 측면에서의 기후변화 관련 공시로, ESG 경영의 핵심 활동입니다."
환경기후변화전략,"환경 측면에서의 기후변화 관련 전략로, ESG 경영의 핵심 활동입니다."
환경기후변화목표,"환경 측면에서의 기후변화 관련 목표로, ESG 경영의 핵심 활동입니다."
환경기후변화실행,"환경 측면에서의 기후변화 관련 실행로, ESG 경영의 핵심 활동입니다."
환경기후변화보고,"환경 측면에서의 기후변화 관련 보고로, ESG 경영의 핵심 활동입니다."
환경기후변화모니터링,"환경 측면에서의 기후변화 관련 모니터링로, ESG 경영의 핵심 활동입니다."
환경탄소배출평가,"환경 측면에서의 탄소배출 관련 평가로, ESG 경영의 핵심 활동입니다."
환경탄소배출등급,"환경 측면에서의 탄소배출 관련 등급로, ESG 경영의 핵심 활동입니다."
환경탄소배출공시,"환경 측면에서의 탄소배출 관련 공시로, ESG 경영의 핵심 활동입니다."
환경탄소배출전략,"환경 측면에서의 탄소배출 관련 전략로, ESG 경영의 핵심 활동입니다."
환경탄소배출목표,"환경 측면에서의 탄소배출 관련 목표로, ESG 경영의 핵심 활동입니다."
환경탄소배출실행,"환경 측면에서의 탄소배출 관련 실행로, ESG 경영의 핵심 활동입니다."
환경탄소배출보고,"환경 측면에서의 탄소배출 관련 보고로, ESG 경영의 핵심 활동입니다."
환경탄소배출모니터링,"환경 측면에서의 탄소배출 관련 모니터링로, ESG 경영의 핵심 활동입니다."
환경재생에너지평가,"환경 측면에서의 재생에너지 관련 평가로, ESG 경영의 핵심 활동입니다."
환경재생에너지등급,"환경 측면에서의 재생에너지 관련 등급로, ESG 경영의 핵심 활동입니다."
환경재생에너지공시,"환경 측면에서의 재생에너지 관련 공시로, ESG 경영의 핵심 활동입니다."
환경재생에너지전략,"환경 측면에서의 재생에너지 관련 전략로, ESG 경영의 핵심 활동입니다."
환경재생에너지목표,"환경 측면에서의 재생에너지 관련 목표로, ESG 경영의 핵심 활동입니다."
환경재생에너지실행,"환경 측면에서의 재생에너지 관련 실행로, ESG 경영의 핵심 활동입니다."
환경재생에너지보고,"환경 측면에서의 재생에너지 관련 보고로, ESG 경영의 핵심 활동입니다."
환경재생에너지모니터링,"환경 측면에서의 재생에너지 관련 모니터링로, ESG 경영의 핵심 활동입니다."
환경인권평가,"환경 측면에서의 인권 관련 평가로, ESG 경영의 핵심 활동입니다."
환경인권등급,"환경 측면에서의 인권 관련 등급로, ESG 경영의 핵심 활동입니다."
환경인권공시,"환경 측면에서의 인권 관련 공시로, ESG 경영의 핵심 활동입니다."
환경인권전략,"환경 측면에서의 인권 관련 전략로, ESG 경영의 핵심 활동입니다."
환경인권목표,"환경 측면에서의 인권 관련 목표로, ESG 경영의 핵심 활동입니다."
환경인권실행,"환경 측면에서의 인권 관련 실행로, ESG 경영의 핵심 활동입니다."
환경인권보고,"환경 측면에서의 인권 관련 보고로, ESG 경영의 핵심 활동입니다."
환경인권모니터링,"환경 측면에서의 인권 관련 모니터링로, ESG 경영의 핵심 활동입니다."
환경노동평가,"환경 측면에서의 노동 관련 평가로, ESG 경영의 핵심 활동입니다."
환경노동등급,"환경 측면에서의 노동 관련 등급로, ESG 경영의 핵심 활동입니다."
환경노동공시,"환경 측면에서의 노동 관련 공시로, ESG 경영의 핵심 활동입니다."
환경노동전략,"환경 측면에서의 노동 관련 전략로, ESG 경영의 핵심 활동입니다."
환경노동목표,"환경 측면에서의 노동 관련 목표로, ESG 경영의 핵심 활동입니다."
환경노동실행,"환경 측면에서의 노동 관련 실행로, ESG 경영의 핵심 활동입니다."
환경노동보고,"환경 측면에서의 노동 관련 보고로, ESG 경영의 핵심 활동입니다."
환경노동모니터링,"환경 측면에서의 노동 관련 모니터링로, ESG 경영의 핵심 활동입니다."
환경다양성평가,"환경 측면에서의 다양성 관련 평가로, ESG 경영의 핵심 활동입니다."
환경다양성등급,"환경 측면에서의 다양성 관련 등급로, ESG 경영의 핵심 활동입니다."
환경다양성공시,"환경 측면에서의 다양성 관련 공시로, ESG 경영의 핵심 활동입니다."
환경다양성전략,"환경 측면에서의 다양성 관련 전략로, ESG 경영의 핵심 활동입니다."
환경다양성목표,"환경 측면에서의 다양성 관련 목표로, ESG 경영의 핵심 활동입니다."
환경다양성실행,"환경 측면에서의 다양성 관련 실행로, ESG 경영의 핵심 활동입니다."
환경다양성보고,"환경 측면에서의 다양성 관련 보고로, ESG 경영의 핵심 활동입니다."
환경다양성모니터링,"환경 측면에서의 다양성 관련 모니터링로, ESG 경영의 핵심 활동입니다."
환경이사회평가,"환경 측면에서의 이사회 관련 평가로, ESG 경영의 핵심 활동입니다."
환경이사회등급,"환경 측면에서의 이사회 관련 등급로, ESG 경영의 핵심 활동입니다."
환경이사회공시,"환경 측면에서의 이사회 관련 공시로, ESG 경영의 핵심 활동입니다."
환경이사회전략,"환경 측면에서의 이사회 관련 전략로, ESG 경영의 핵심 활동입니다."
환경이사회목표,"환경 측면에서의 이사회 관련 목표로, ESG 경영의 핵심 활동입니다."
환경이사회실행,"환경 측면에서의 이사회 관련 실행로, ESG 경영의 핵심 활동입니다."
환경이사회보고,"환경 측면에서의 이사회 관련 보고로, ESG 경영의 핵심 활동입니다."
환경이사회모니터링,"환경 측면에서의 이사회 관련 모니터링로, ESG 경영의 핵심 활동입니다."
환경윤리평가,"환경 측면에서의 윤리 관련 평가로, ESG 경영의 핵심 활동입니다."
환경윤리등급,"환경 측면에서의 윤리 관련 등급로, ESG 경영의 핵심 활동입니다."
환경윤리공시,"환경 측면에서의 윤리 관련 공시로, ESG 경영의 핵심 활동입니다."
환경윤리전략,"환경 측면에서의 윤리 관련 전략로, ESG 경영의 핵심 활동입니다."
환경윤리목표,"환경 측면에서의 윤리 관련 목표로, ESG 경영의 핵심 활동입니다."
환경윤리실행,"환경 측면에서의 윤리 관련 실행로, ESG 경영의 핵심 활동입니다."
환경윤리보고,"환경 측면에서의 윤리 관련 보고로, ESG 경영의 핵심 활동입니다."
환경윤리모니터링,"환경 측면에서의 윤리 관련 모니터링로, ESG 경영의 핵심 활동입니다."
환경반부패평가,"환경 측면에서의 반부패 관련 평가로, ESG 경영의 핵심 활동입니다."
환경반부패등급,"환경 측면에서의 반부패 관련 등급로, ESG 경영의 핵심 활동입니다."
환경반부패공시,"환경 측면에서의 반부패 관련 공시로, ESG 경영의 핵심 활동입니다."
환경반부패전략,"환경 측면에서의 반부패 관련 전략로, ESG 경영의 핵심 활동입니다."
환경반부패목표,"환경 측면에서의 반부패 관련 목표로, ESG 경영의 핵심 활동입니다."
환경반부패실행,"환경 측면에서의 반부패 관련 실행로, ESG 경영의 핵심 활동입니다."
환경반부패보고,"환경 측면에서의 반부패 관련 보고로, ESG 경영의 핵심 활동입니다."
환경반부패모니터링,"환경 측면에서의 반부패 관련 모니터링로, ESG 경영의 핵심 활동입니다."
사회기후변화평가,"사회 측면에서의 기후변화 관련 평가로, ESG 경영의 핵심 활동입니다."
사회기후변화등급,"사회 측면에서의 기후변화 관련 등급로, ESG 경영의 핵심 활동입니다."
사회기후변화공시,"사회 측면에서의 기후변화 관련 공시로, ESG 경영의 핵심 활동입니다."
사회기후변화전략,"사회 측면에서의 기후변화 관련 전략로, ESG 경영의 핵심 활동입니다."
사회기후변화목표,"사회 측면에서의 기후변화 관련 목표로, ESG 경영의 핵심 활동입니다."
사회기후변화실행,"사회 측면에서의 기후변화 관련 실행로, ESG 경영의 핵심 활동입니다."
사회기후변화보고,"사회 측면에서의 기후변화 관련 보고로, ESG 경영의 핵심 활동입니다."
사회기후변화모니터링,"사회 측면에서의 기후변화 관련 모니터링로, ESG 경영의 핵심 활동입니다."
사회탄소배출평가,"사회 측면에서의 탄소배출 관련 평가로, ESG 경영의 핵심 활동입니다."
사회탄소배출등급,"사회 측면에서의 탄소배출 관련 등급로, ESG 경영의 핵심 활동입니다."
사회탄소배출공시,"사회 측면에서의 탄소배출 관련 공시로, ESG 경영의 핵심 활동입니다."
사회탄소배출전략,"사회 측면에서의 탄소배출 관련 전략로, ESG 경영의 핵심 활동입니다."
사회탄소배출목표,"사회 측면에서의 탄소배출 관련 목표로, ESG 경영의 핵심 활동입니다."
사회탄소배출실행,"사회 측면에서의 탄소배출 관련 실행로, ESG 경영의 핵심 활동입니다."
사회탄소배출보고,"사회 측면에서의 탄소배출 관련 보고로, ESG 경영의 핵심 활동입니다."
사회탄소배출모니터링,"사회 측면에서의 탄소배출 관련 모니터링로, ESG 경영의 핵심 활동입니다."
사회재생에너지평가,"사회 측면에서의 재생에너지 관련 평가로, ESG 경영의 핵심 활동입니다."
사회재생에너지등급,"사회 측면에서의 재생에너지 관련 등급로, ESG 경영의 핵심 활동입니다."
사회재생에너지공시,"사회 측면에서의 재생에너지 관련 공시로, ESG 경영의 핵심 활동입니다."
사회재생에너지전략,"사회 측면에서의 재생에너지 관련 전략로, ESG 경영의 핵심 활동입니다."
사회재생에너지목표,"사회 측면에서의 재생에너지 관련 목표로, ESG 경영의 핵심 활동입니다."
사회재생에너지실행,"사회 측면에서의 재생에너지 관련 실행로, ESG 경영의 핵심 활동입니다."
사회재생에너지보고,"사회 측면에서의 재생에너지 관련 보고로, ESG 경영의 핵심 활동입니다."
사회재생에너지모니터링,"사회 측면에서의 재생에너지 관련 모니터링로, ESG 경영의 핵심 활동입니다."
사회인권평가,"사회 측면에서의 인권 관련 평가로, ESG 경영의 핵심 활동입니다."
사회인권등급,"사회 측면에서의 인권 관련 등급로, ESG 경영의 핵심 활동입니다."
사회인권공시,"사회 측면에서의 인권 관련 공시로, ESG 경영의 핵심 활동입니다."
사회인권전략,"사회 측면에서의 인권 관련 전략로, ESG 경영의 핵심 활동입니다."
사회인권목표,"사회 측면에서의 인권 관련 목표로, ESG 경영의 핵심 활동입니다."
사회인권실행,"사회 측면에서의 인권 관련 실행로, ESG 경영의 핵심 활동입니다."
사회인권보고,"사회 측면에서의 인권 관련 보고로, ESG 경영의 핵심 활동입니다."
사회인권모니터링,"사회 측면에서의 인권 관련 모니터링로, ESG 경영의 핵심 활동입니다."
사회노동평가,"사회 측면에서의 노동 관련 평가로, ESG 경영의 핵심 활동입니다."
사회노동등급,"사회 측면에서의 노동 관련 등급로, ESG 경영의 핵심 활동입니다."
사회노동공시,"사회 측면에서의 노동 관련 공시로, ESG 경영의 핵심 활동입니다."
사회노동전략,"사회 측면에서의 노동 관련 전략로, ESG 경영의 핵심 활동입니다."
사회노동목표,"사회 측면에서의 노동 관련 목표로, ESG 경영의 핵심 활동입니다."
사회노동실행,"사회 측면에서의 노동 관련 실행로, ESG 경영의 핵심 활동입니다."
사회노동보고,"사회 측면에서의 노동 관련 보고로, ESG 경영의 핵심 활동입니다."
사회노동모니터링,"사회 측면에서의 노동 관련 모니터링로, ESG 경영의 핵심 활동입니다."
사회다양성평가,"사회 측면에서의 다양성 관련 평가로, ESG 경영의 핵심 활동입니다."
사회다양성등급,"사회 측면에서의 다양성 관련 등급로, ESG 경영의 핵심 활동입니다."
사회다양성공시,"사회 측면에서의 다양성 관련 공시로, ESG 경영의 핵심 활동입니다."
사회다양성전략,"사회 측면에서의 다양성 관련 전략로, ESG 경영의 핵심 활동입니다."
사회다양성목표,"사회 측면에서의 다양성 관련 목표로, ESG 경영의 핵심 활동입니다."
사회다양성실행,"사회 측면에서의 다양성 관련 실행로, ESG 경영의 핵심 활동입니다."
사회다양성보고,"사회 측면에서의 다양성 관련 보고로, ESG 경영의 핵심 활동입니다."
사회다양성모니터링,"사회 측면에서의 다양성 관련 모니터링로, ESG 경영의 핵심 활동입니다."
사회이사회평가,"사회 측면에서의 이사회 관련 평가로, ESG 경영의 핵심 활동입니다."
사회이사회등급,"사회 측면에서의 이사회 관련 등급로, ESG 경영의 핵심 활동입니다."
사회이사회공시,"사회 측면에서의 이사회 관련 공시로, ESG 경영의 핵심 활동입니다."
사회이사회전략,"사회 측면에서의 이사회 관련 전략로, ESG 경영의 핵심 활동입니다."
사회이사회목표,"사회 측면에서의 이사회 관련 목표로, ESG 경영의 핵심 활동입니다."
사회이사회실행,"사회 측면에서의 이사회 관련 실행로, ESG 경영의 핵심 활동입니다."
사회이사회보고,"사회 측면에서의 이사회 관련 보고로, ESG 경영의 핵심 활동입니다."
사회이사회모니터링,"사회 측면에서의 이사회 관련 모니터링로, ESG 경영의 핵심 활동입니다."
사회윤리평가,"사회 측면에서의 윤리 관련 평가로, ESG 경영의 핵심 활동입니다."
사회윤리등급,"사회 측면에서의 윤리 관련 등급로, ESG 경영의 핵심 활동입니다."
사회윤리공시,"사회 측면에서의 윤리 관련 공시로, ESG 경영의 핵심 활동입니다."
사회윤리전략,"사회 측면에서의 윤리 관련 전략로, ESG 경영의 핵심 활동입니다."
사회윤리목표,"사회 측면에서의 윤리 관련 목표로, ESG 경영의 핵심 활동입니다."
사회윤리실행,"사회 측면에서의 윤리 관련 실행로, ESG 경영의 핵심 활동입니다."
사회윤리보고,"사회 측면에서의 윤리 관련 보고로, ESG 경영의 핵심 활동입니다."
사회윤리모니터링,"사회 측면에서의 윤리 관련 모니터링로, ESG 경영의 핵심 활동입니다."
사회반부패평가,"사회 측면에서의 반부패 관련 평가로, ESG 경영의 핵심 활동입니다."
사회반부패등급,"사회 측면에서의 반부패 관련 등급로, ESG 경영의 핵심 활동입니다."
사회반부패공시,"사회 측면에서의 반부패 관련 공시로, ESG 경영의 핵심 활동입니다."
사회반부패전략,"사회 측면에서의 반부패 관련 전략로, ESG 경영의 핵심 활동입니다."
사회반부패목표,"사회 측면에서의 반부패 관련 목표로, ESG 경영의 핵심 활동입니다."
사회반부패실행,"사회 측면에서의 반부패 관련 실행로, ESG 경영의 핵심 활동입니다."
사회반부패보고,"사회 측면에서의 반부패 관련 보고로, ESG 경영의 핵심 활동입니다."
사회반부패모니터링,"사회 측면에서의 반부패 관련 모니터링로, ESG 경영의 핵심 활동입니다."
지배구조기후변화평가,"지배구조 측면에서의 기후변화 관련 평가로, ESG 경영의 핵심 활동입니다."
지배구조기후변화등급,"지배구조 측면에서의 기후변화 관련 등급로, ESG 경영의 핵심 활동입니다."
지배구조기후변화공시,"지배구조 측면에서의 기후변화 관련 공시로, ESG 경영의 핵심 활동입니다."
지배구조기후변화전략,"지배구조 측면에서의 기후변화 관련 전략로, ESG 경영의 핵심 활동입니다."
지배구조기후변화목표,"지배구조 측면에서의 기후변화 관련 목표로, ESG 경영의 핵심 활동입니다."
지배구조기후변화실행,"지배구조 측면에서의 기후변화 관련 실행로, ESG 경영의 핵심 활동입니다."
지배구조기후변화보고,"지배구조 측면에서의 기후변화 관련 보고로, ESG 경영의 핵심 활동입니다."
지배구조기후변화모니터링,"지배구조 측면에서의 기후변화 관련 모니터링로, ESG 경영의 핵심 활동입니다."
지배구조탄소배출평가,"지배구조 측면에서의 탄소배출 관련 평가로, ESG 경영의 핵심 활동입니다."
지배구조탄소배출등급,"지배구조 측면에서의 탄소배출 관련 등급로, ESG 경영의 핵심 활동입니다."
지배구조탄소배출공시,"지배구조 측면에서의 탄소배출 관련 공시로, ESG 경영의 핵심 활동입니다."
지배구조탄소배출전략,"지배구조 측면에서의 탄소배출 관련 전략로, ESG 경영의 핵심 활동입니다."
지배구조탄소배출목표,"지배구조 측면에서의 탄소배출 관련 목표로, ESG 경영의 핵심 활동입니다."
지배구조탄소배출실행,"지배구조 측면에서의 탄소배출 관련 실행로, ESG 경영의 핵심 활동입니다."
지배구조탄소배출보고,"지배구조 측면에서의 탄소배출 관련 보고로, ESG 경영의 핵심 활동입니다."
지배구조탄소배출모니터링,"지배구조 측면에서의 탄소배출 관련 모니터링로, ESG 경영의 핵심 활동입니다."
지배구조재생에너지평가,"지배구조 측면에서의 재생에너지 관련 평가로, ESG 경영의 핵심 활동입니다."
지배구조재생에너지등급,"지배구조 측면에서의 재생에너지 관련 등급로, ESG 경영의 핵심 활동입니다."
지배구조재생에너지공시,"지배구조 측면에서의 재생에너지 관련 공시로, ESG 경영의 핵심 활동입니다."
지배구조재생에너지전략,"지배구조 측면에서의 재생에너지 관련 전략로, ESG 경영의 핵심 활동입니다."
지배구조재생에너지목표,"지배구조 측면에서의 재생에너지 관련 목표로, ESG 경영의 핵심 활동입니다."
지배구조재생에너지실행,"지배구조 측면에서의 재생에너지 관련 실행로, ESG 경영의 핵심 활동입니다."
지배구조재생에너지보고,"지배구조 측면에서의 재생에너지 관련 보고로, ESG 경영의 핵심 활동입니다."
지배구조재생에너지모니터링,"지배구조 측면에서의 재생에너지 관련 모니터링로, ESG 경영의 핵심 활동입니다."
지배구조인권평가,"지배구조 측면에서의 인권 관련 평가로, ESG 경영의 핵심 활동입니다."
지배구조인권등급,"지배구조 측면에서의 인권 관련 등급로, ESG 경영의 핵심 활동입니다."
지배구조인권공시,"지배구조 측면에서의 인권 관련 공시로, ESG 경영의 핵심 활동입니다."
지배구조인권전략,"지배구조 측면에서의 인권 관련 전략로, ESG 경영의 핵심 활동입니다."
지배구조인권목표,"지배구조 측면에서의 인권 관련 목표로, ESG 경영의 핵심 활동입니다."
지배구조인권실행,"지배구조 측면에서의 인권 관련 실행로, ESG 경영의 핵심 활동입니다."
지배구조인권보고,"지배구조 측면에서의 인권 관련 보고로, ESG 경영의 핵심 활동입니다."
지배구조인권모니터링,"지배구조 측면에서의 인권 관련 모니터링로, ESG 경영의 핵심 활동입니다."
지배구조노동평가,"지배구조 측면에서의 노동 관련 평가로, ESG 경영의 핵심 활동입니다."
지배구조노동등급,"지배구조 측면에서의 노동 관련 등급로, ESG 경영의 핵심 활동입니다."
지배구조노동공시,"지배구조 측면에서의 노동 관련 공시로, ESG 경영의 핵심 활동입니다."
지배구조노동전략,"지배구조 측면에서의 노동 관련 전략로, ESG 경영의 핵심 활동입니다."
지배구조노동목표,"지배구조 측면에서의 노동 관련 목표로, ESG 경영의 핵심 활동입니다."
지배구조노동실행,"지배구조 측면에서의 노동 관련 실행로, ESG 경영의 핵심 활동입니다."
지배구조노동보고,"지배구조 측면에서의 노동 관련 보고로, ESG 경영의 핵심 활동입니다."
지배구조노동모니터링,"지배구조 측면에서의 노동 관련 모니터링로, ESG 경영의 핵심 활동입니다."
지배구조다양성평가,"지배구조 측면에서의 다양성 관련 평가로, ESG 경영의 핵심 활동입니다."
지배구조다양성등급,"지배구조 측면에서의 다양성 관련 등급로, ESG 경영의 핵심 활동입니다."
지배구조다양성공시,"지배구조 측면에서의 다양성 관련 공시로, ESG 경영의 핵심 활동입니다."
지배구조다양성전략,"지배구조 측면에서의 다양성 관련 전략로, ESG 경영의 핵심 활동입니다."
지배구조다양성목표,"지배구조 측면에서의 다양성 관련 목표로, ESG 경영의 핵심 활동입니다."
지배구조다양성실행,"지배구조 측면에서의 다양성 관련 실행로, ESG 경영의 핵심 활동입니다."
지배구조다양성보고,"지배구조 측면에서의 다양성 관련 보고로, ESG 경영의 핵심 활동입니다."
지배구조다양성모니터링,"지배구조 측면에서의 다양성 관련 모니터링로, ESG 경영의 핵심 활동입니다."
지배구조이사회평가,"지배구조 측면에서의 이사회 관련 평가로, ESG 경영의 핵심 활동입니다."
지배구조이사회등급,"지배구조 측면에서의 이사회 관련 등급로, ESG 경영의 핵심 활동입니다."
지배구조이사회공시,"지배구조 측면에서의 이사회 관련 공시로, ESG 경영의 핵심 활동입니다."
지배구조이사회전략,"지배구조 측면에서의 이사회 관련 전략로, ESG 경영의 핵심 활동입니다."
지배구조이사회목표,"지배구조 측면에서의 이사회 관련 목표로, ESG 경영의 핵심 활동입니다."
지배구조이사회실행,"지배구조 측면에서의 이사회 관련 실행로, ESG 경영의 핵심 활동입니다."
지배구조이사회보고,"지배구조 측면에서의 이사회 관련 보고로, ESG 경영의 핵심 활동입니다."
지배구조이사회모니터링,"지배구조 측면에서의 이사회 관련 모니터링로, ESG 경영의 핵심 활동입니다."
지배구조윤리평가,"지배구조 측면에서의 윤리 관련 평가로, ESG 경영의 핵심 활동입니다."
지배구조윤리등급,"지배구조 측면에서의 윤리 관련 등급로, ESG 경영의 핵심 활동입니다."
지배구조윤리공시,"지배구조 측면에서의 윤리 관련 공시로, ESG 경영의 핵심 활동입니다."
지배구조윤리전략,"지배구조 측면에서의 윤리 관련 전략로, ESG 경영의 핵심 활동입니다."
지배구조윤리목표,"지배구조 측면에서의 윤리 관련 목표로, ESG 경영의 핵심 활동입니다."
지배구조윤리실행,"지배구조 측면에서의 윤리 관련 실행로, ESG 경영의 핵심 활동입니다."
지배구조윤리보고,"지배구조 측면에서의 윤리 관련 보고로, ESG 경영의 핵심 활동입니다."
지배구조윤리모니터링,"지배구조 측면에서의 윤리 관련 모니터링로, ESG 경영의 핵심 활동입니다."
지배구조반부패평가,"지배구조 측면에서의 반부패 관련 평가로, ESG 경영의 핵심 활동입니다."
지배구조반부패등급,"지배구조 측면에서의 반부패 관련 등급로, ESG 경영의 핵심 활동입니다."
지배구조반부패공시,"지배구조 측면에서의 반부패 관련 공시로, ESG 경영의 핵심 활동입니다."
지배구조반부패전략,"지배구조 측면에서의 반부패 관련 전략로, ESG 경영의 핵심 활동입니다."
지배구조반부패목표,"지배구조 측면에서의 반부패 관련 목표로, ESG 경영의 핵심 활동입니다."
지배구조반부패실행,"지배구조 측면에서의 반부패 관련 실행로, ESG 경영의 핵심 활동입니다."
지배구조반부패보고,"지배구조 측면에서의 반부패 관련 보고로, ESG 경영의 핵심 활동입니다."
지배구조반부패모니터링,"지배구조 측면에서의 반부패 관련 모니터링로, ESG 경영의 핵심 활동입니다."
생명보험암특약보험료,"생명보험의 암특약에 대한 보험료으로, 보험 계약의 세부 조건입니다."
생명보험암특약보험금,"생명보험의 암특약에 대한 보험금으로, 보험 계약의 세부 조건입니다."
생명보험암특약보장내용,"생명보험의 암특약에 대한 보장내용으로, 보험 계약의 세부 조건입니다."
생명보험암특약면책조항,"생명보험의 암특약에 대한 면책조항으로, 보험 계약의 세부 조건입니다."
생명보험암특약해지환급금,"생명보험의 암특약에 대한 해지환급금으로, 보험 계약의 세부 조건입니다."
생명보험암특약만기환급금,"생명보험의 암특약에 대한 만기환급금으로, 보험 계약의 세부 조건입니다."
생명보험상해특약보험료,"생명보험의 상해특약에 대한 보험료으로, 보험 계약의 세부 조건입니다."
생명보험상해특약보험금,"생명보험의 상해특약에 대한 보험금으로, 보험 계약의 세부 조건입니다."
생명보험상해특약보장내용,"생명보험의 상해특약에 대한 보장내용으로, 보험 계약의 세부 조건입니다."
생명보험상해특약면책조항,"생명보험의 상해특약에 대한 면책조항으로, 보험 계약의 세부 조건입니다."
생명보험상해특약해지환급금,"생명보험의 상해특약에 대한 해지환급금으로, 보험 계약의 세부 조건입니다."
생명보험상해특약만기환급금,"생명보험의 상해특약에 대한 만기환급금으로, 보험 계약의 세부 조건입니다."
생명보험질병특약보험료,"생명보험의 질병특약에 대한 보험료으로, 보험 계약의 세부 조건입니다."
생명보험질병특약보험금,"생명보험의 질병특약에 대한 보험금으로, 보험 계약의 세부 조건입니다."
생명보험질병특약보장내용,"생명보험의 질병특약에 대한 보장내용으로, 보험 계약의 세부 조건입니다."
생명보험질병특약면책조항,"생명보험의 질병특약에 대한 면책조항으로, 보험 계약의 세부 조건입니다."
생명보험질병특약해지환급금,"생명보험의 질병특약에 대한 해지환급금으로, 보험 계약의 세부 조건입니다."
생명보험질병특약만기환급금,"생명보험의 질병특약에 대한 만기환급금으로, 보험 계약의 세부 조건입니다."
생명보험수술특약보험료,"생명보험의 수술특약에 대한 보험료으로, 보험 계약의 세부 조건입니다."
생명보험수술특약보험금,"생명보험의 수술특약에 대한 보험금으로, 보험 계약의 세부 조건입니다."
생명보험수술특약보장내용,"생명보험의 수술특약에 대한 보장내용으로, 보험 계약의 세부 조건입니다."
생명보험수술특약면책조항,"생명보험의 수술특약에 대한 면책조항으로, 보험 계약의 세부 조건입니다."
생명보험수술특약해지환급금,"생명보험의 수술특약에 대한 해지환급금으로, 보험 계약의 세부 조건입니다."
생명보험수술특약만기환급금,"생명보험의 수술특약에 대한 만기환급금으로, 보험 계약의 세부 조건입니다."
생명보험입원특약보험료,"생명보험의 입원특약에 대한 보험료으로, 보험 계약의 세부 조건입니다."
생명보험입원특약보험금,"생명보험의 입원특약에 대한 보험금으로, 보험 계약의 세부 조건입니다."
생명보험입원특약보장내용,"생명보험의 입원특약에 대한 보장내용으로, 보험 계약의 세부 조건입니다."
생명보험입원특약면책조항,"생명보험의 입원특약에 대한 면책조항으로, 보험 계약의 세부 조건입니다."
생명보험입원특약해지환급금,"생명보험의 입원특약에 대한 해지환급금으로, 보험 계약의 세부 조건입니다."
생명보험입원특약만기환급금,"생명보험의 입원특약에 대한 만기환급금으로, 보험 계약의 세부 조건입니다."
생명보험통원특약보험료,"생명보험의 통원특약에 대한 보험료으로, 보험 계약의 세부 조건입니다."
생명보험통원특약보험금,"생명보험의 통원특약에 대한 보험금으로, 보험 계약의 세부 조건입니다."
생명보험통원특약보장내용,"생명보험의 통원특약에 대한 보장내용으로, 보험 계약의 세부 조건입니다."
생명보험통원특약면책조항,"생명보험의 통원특약에 대한 면책조항으로, 보험 계약의 세부 조건입니다."
생명보험통원특약해지환급금,"생명보험의 통원특약에 대한 해지환급금으로, 보험 계약의 세부 조건입니다."
생명보험통원특약만기환급금,"생명보험의 통원특약에 대한 만기환급금으로, 보험 계약의 세부 조건입니다."
생명보험진단특약보험료,"생명보험의 진단특약에 대한 보험료으로, 보험 계약의 세부 조건입니다."
생명보험진단특약보험금,"생명보험의 진단특약에 대한 보험금으로, 보험 계약의 세부 조건입니다."
생명보험진단특약보장내용,"생명보험의 진단특약에 대한 보장내용으로, 보험 계약의 세부 조건입니다."
생명보험진단특약면책조항,"생명보험의 진단특약에 대한 면책조항으로, 보험 계약의 세부 조건입니다."
생명보험진단특약해지환급금,"생명보험의 진단특약에 대한 해지환급금으로, 보험 계약의 세부 조건입니다."
생명보험진단특약만기환급금,"생명보험의 진단특약에 대한 만기환급금으로, 보험 계약의 세부 조건입니다."
손해보험암특약보험료,"손해보험의 암특약에 대한 보험료으로, 보험 계약의 세부 조건입니다."
손해보험암특약보험금,"손해보험의 암특약에 대한 보험금으로, 보험 계약의 세부 조건입니다."
손해보험암특약보장내용,"손해보험의 암특약에 대한 보장내용으로, 보험 계약의 세부 조건입니다."
손해보험암특약면책조항,"손해보험의 암특약에 대한 면책조항으로, 보험 계약의 세부 조건입니다."
손해보험암특약해지환급금,"손해보험의 암특약에 대한 해지환급금으로, 보험 계약의 세부 조건입니다."
손해보험암특약만기환급금,"손해보험의 암특약에 대한 만기환급금으로, 보험 계약의 세부 조건입니다."
손해보험상해특약보험료,"손해보험의 상해특약에 대한 보험료으로, 보험 계약의 세부 조건입니다."
손해보험상해특약보험금,"손해보험의 상해특약에 대한 보험금으로, 보험 계약의 세부 조건입니다."
손해보험상해특약보장내용,"손해보험의 상해특약에 대한 보장내용으로, 보험 계약의 세부 조건입니다."
손해보험상해특약면책조항,"손해보험의 상해특약에 대한 면책조항으로, 보험 계약의 세부 조건입니다."
손해보험상해특약해지환급금,"손해보험의 상해특약에 대한 해지환급금으로, 보험 계약의 세부 조건입니다."
손해보험상해특약만기환급금,"손해보험의 상해특약에 대한 만기환급금으로, 보험 계약의 세부 조건입니다."
손해보험질병특약보험료,"손해보험의 질병특약에 대한 보험료으로, 보험 계약의 세부 조건입니다."
손해보험질병특약보험금,"손해보험의 질병특약에 대한 보험금으로, 보험 계약의 세부 조건입니다."
손해보험질병특약보장내용,"손해보험의 질병특약에 대한 보장내용으로, 보험 계약의 세부 조건입니다."
손해보험질병특약면책조항,"손해보험의 질병특약에 대한 면책조항으로, 보험 계약의 세부 조건입니다."
손해보험질병특약해지환급금,"손해보험의 질병특약에 대한 해지환급금으로, 보험 계약의 세부 조건입니다."
손해보험질병특약만기환급금,"손해보험의 질병특약에 대한 만기환급금으로, 보험 계약의 세부 조건입니다."
손해보험수술특약보험료,"손해보험의 수술특약에 대한 보험료으로, 보험 계약의 세부 조건입니다."
손해보험수술특약보험금,"손해보험의 수술특약에 대한 보험금으로, 보험 계약의 세부 조건입니다."
손해보험수술특약보장내용,"손해보험의 수술특약에 대한 보장내용으로, 보험 계약의 세부 조건입니다."
손해보험수술특약면책조항,"손해보험의 수술특약에 대한 면책조항으로, 보험 계약의 세부 조건입니다."
손해보험수술특약해지환급금,"손해보험의 수술특약에 대한 해지환급금으로, 보험 계약의 세부 조건입니다."
손해보험수술특약만기환급금,"손해보험의 수술특약에 대한 만기환급금으로, 보험 계약의 세부 조건입니다."
손해보험입원특약보험료,"손해보험의 입원특약에 대한 보험료으로, 보험 계약의 세부 조건입니다."
손해보험입원특약보험금,"손해보험의 입원특약에 대한 보험금으로, 보험 계약의 세부 조건입니다."
손해보험입원특약보장내용,"손해보험의 입원특약에 대한 보장내용으로, 보험 계약의 세부 조건입니다."
손해보험입원특약면책조항,"손해보험의 입원특약에 대한 면책조항으로, 보험 계약의 세부 조건입니다."
손해보험입원특약해지환급금,"손해보험의 입원특약에 대한 해지환급금으로, 보험 계약의 세부 조건입니다."
손해보험입원특약만기환급금,"손해보험의 입원특약에 대한 만기환급금으로, 보험 계약의 세부 조건입니다."
손해보험통원특약보험료,"손해보험의 통원특약에 대한 보험료으로, 보험 계약의 세부 조건입니다."
손해보험통원특약보험금,"손해보험의 통원특약에 대한 보험금으로, 보험 계약의 세부 조건입니다."
손해보험통원특약보장내용,"손해보험의 통원특약에 대한 보장내용으로, 보험 계약의 세부 조건입니다."
손해보험통원특약면책조항,"손해보험의 통원특약에 대한 면책조항으로, 보험 계약의 세부 조건입니다."
손해보험통원특약해지환급금,"손해보험의 통원특약에 대한 해지환급금으로, 보험 계약의 세부 조건입니다."
손해보험통원특약만기환급금,"손해보험의 통원특약에 대한 만기환급금으로, 보험 계약의 세부 조건입니다."
손해보험진단특약보험료,"손해보험의 진단특약에 대한 보험료으로, 보험 계약의 세부 조건입니다."
손해보험진단특약보험금,"손해보험의 진단특약에 대한 보험금으로, 보험 계약의 세부 조건입니다."
손해보험진단특약보장내용,"손해보험의 진단특약에 대한 보장내용으로, 보험 계약의 세부 조건입니다."
손해보험진단특약면책조항,"손해보험의 진단특약에 대한 면책조항으로, 보험 계약의 세부 조건입니다."
손해보험진단특약해지환급금,"손해보험의 진단특약에 대한 해지환급금으로, 보험 계약의 세부 조건입니다."
손해보험진단특약만기환급금,"손해보험의 진단특약에 대한 만기환급금으로, 보험 계약의 세부 조건입니다."
건강보험암특약보험료,"건강보험의 암특약에 대한 보험료으로, 보험 계약의 세부 조건입니다."
건강보험암특약보험금,"건강보험의 암특약에 대한 보험금으로, 보험 계약의 세부 조건입니다."
건강보험암특약보장내용,"건강보험의 암특약에 대한 보장내용으로, 보험 계약의 세부 조건입니다."
건강보험암특약면책조항,"건강보험의 암특약에 대한 면책조항으로, 보험 계약의 세부 조건입니다."
건강보험암특약해지환급금,"건강보험의 암특약에 대한 해지환급금으로, 보험 계약의 세부 조건입니다."
건강보험암특약만기환급금,"건강보험의 암특약에 대한 만기환급금으로, 보험 계약의 세부 조건입니다."
건강보험상해특약보험료,"건강보험의 상해특약에 대한 보험료으로, 보험 계약의 세부 조건입니다."
건강보험상해특약보험금,"건강보험의 상해특약에 대한 보험금으로, 보험 계약의 세부 조건입니다."
건강보험상해특약보장내용,"건강보험의 상해특약에 대한 보장내용으로, 보험 계약의 세부 조건입니다."
건강보험상해특약면책조항,"건강보험의 상해특약에 대한 면책조항으로, 보험 계약의 세부 조건입니다."
건강보험상해특약해지환급금,"건강보험의 상해특약에 대한 해지환급금으로, 보험 계약의 세부 조건입니다."
건강보험상해특약만기환급금,"건강보험의 상해특약에 대한 만기환급금으로, 보험 계약의 세부 조건입니다."
건강보험질병특약보험료,"건강보험의 질병특약에 대한 보험료으로, 보험 계약의 세부 조건입니다."
건강보험질병특약보험금,"건강보험의 질병특약에 대한 보험금으로, 보험 계약의 세부 조건입니다."
건강보험질병특약보장내용,"건강보험의 질병특약에 대한 보장내용으로, 보험 계약의 세부 조건입니다."
건강보험질병특약면책조항,"건강보험의 질병특약에 대한 면책조항으로, 보험 계약의 세부 조건입니다."
건강보험질병특약해지환급금,"건강보험의 질병특약에 대한 해지환급금으로, 보험 계약의 세부 조건입니다."
건강보험질병특약만기환급금,"건강보험의 질병특약에 대한 만기환급금으로, 보험 계약의 세부 조건입니다."
건강보험수술특약보험료,"건강보험의 수술특약에 대한 보험료으로, 보험 계약의 세부 조건입니다."
건강보험수술특약보험금,"건강보험의 수술특약에 대한 보험금으로, 보험 계약의 세부 조건입니다."
건강보험수술특약보장내용,"건강보험의 수술특약에 대한 보장내용으로, 보험 계약의 세부 조건입니다."
건강보험수술특약면책조항,"건강보험의 수술특약에 대한 면책조항으로, 보험 계약의 세부 조건입니다."
건강보험수술특약해지환급금,"건강보험의 수술특약에 대한 해지환급금으로, 보험 계약의 세부 조건입니다."
건강보험수술특약만기환급금,"건강보험의 수술특약에 대한 만기환급금으로, 보험 계약의 세부 조건입니다."
건강보험입원특약보험료,"건강보험의 입원특약에 대한 보험료으로, 보험 계약의 세부 조건입니다."
건강보험입원특약보험금,"건강보험의 입원특약에 대한 보험금으로, 보험 계약의 세부 조건입니다."
건강보험입원특약보장내용,"건강보험의 입원특약에 대한 보장내용으로, 보험 계약의 세부 조건입니다."
건강보험입원특약면책조항,"건강보험의 입원특약에 대한 면책조항으로, 보험 계약의 세부 조건입니다."
건강보험입원특약해지환급금,"건강보험의 입원특약에 대한 해지환급금으로, 보험 계약의 세부 조건입니다."
건강보험입원특약만기환급금,"건강보험의 입원특약에 대한 만기환급금으로, 보험 계약의 세부 조건입니다."
건강보험통원특약보험료,"건강보험의 통원특약에 대한 보험료으로, 보험 계약의 세부 조건입니다."
건강보험통원특약보험금,"건강보험의 통원특약에 대한 보험금으로, 보험 계약의 세부 조건입니다."
건강보험통원특약보장내용,"건강보험의 통원특약에 대한 보장내용으로, 보험 계약의 세부 조건입니다."
건강보험통원특약면책조항,"건강보험의 통원특약에 대한 면책조항으로, 보험 계약의 세부 조건입니다."
건강보험통원특약해지환급금,"건강보험의 통원특약에 대한 해지환급금으로, 보험 계약의 세부 조건입니다."
건강보험통원특약만기환급금,"건강보험의 통원특약에 대한 만기환급금으로, 보험 계약의 세부 조건입니다."
건강보험진단특약보험료,"건강보험의 진단특약에 대한 보험료으로, 보험 계약의 세부 조건입니다."
건강보험진단특약보험금,"건강보험의 진단특약에 대한 보험금으로, 보험 계약의 세부 조건입니다."
건강보험진단특약보장내용,"건강보험의 진단특약에 대한 보장내용으로, 보험 계약의 세부 조건입니다."
건강보험진단특약면책조항,"건강보험의 진단특약에 대한 면책조항으로, 보험 계약의 세부 조건입니다."
건강보험진단특약해지환급금,"건강보험의 진단특약에 대한 해지환급금으로, 보험 계약의 세부 조건입니다."
건강보험진단특약만기환급금,"건강보험의 진단특약에 대한 만기환급금으로, 보험 계약의 세부 조건입니다."
연금보험암특약보험료,"연금보험의 암특약에 대한 보험료으로, 보험 계약의 세부 조건입니다."
연금보험암특약보험금,"연금보험의 암특약에 대한 보험금으로, 보험 계약의 세부 조건입니다."
연금보험암특약보장내용,"연금보험의 암특약에 대한 보장내용으로, 보험 계약의 세부 조건입니다."
연금보험암특약면책조항,"연금보험의 암특약에 대한 면책조항으로, 보험 계약의 세부 조건입니다."
연금보험암특약해지환급금,"연금보험의 암특약에 대한 해지환급금으로, 보험 계약의 세부 조건입니다."
연금보험암특약만기환급금,"연금보험의 암특약에 대한 만기환급금으로, 보험 계약의 세부 조건입니다."
연금보험상해특약보험료,"연금보험의 상해특약에 대한 보험료으로, 보험 계약의 세부 조건입니다."
연금보험상해특약보험금,"연금보험의 상해특약에 대한 보험금으로, 보험 계약의 세부 조건입니다."
연금보험상해특약보장내용,"연금보험의 상해특약에 대한 보장내용으로, 보험 계약의 세부 조건입니다."
연금보험상해특약면책조항,"연금보험의 상해특약에 대한 면책조항으로, 보험 계약의 세부 조건입니다."
연금보험상해특약해지환급금,"연금보험의 상해특약에 대한 해지환급금으로, 보험 계약의 세부 조건입니다."
연금보험상해특약만기환급금,"연금보험의 상해특약에 대한 만기환급금으로, 보험 계약의 세부 조건입니다."
연금보험질병특약보험료,"연금보험의 질병특약에 대한 보험료으로, 보험 계약의 세부 조건입니다."
연금보험질병특약보험금,"연금보험의 질병특약에 대한 보험금으로, 보험 계약의 세부 조건입니다."
연금보험질병특약보장내용,"연금보험의 질병특약에 대한 보장내용으로, 보험 계약의 세부 조건입니다."
연금보험질병특약면책조항,"연금보험의 질병특약에 대한 면책조항으로, 보험 계약의 세부 조건입니다."
연금보험질병특약해지환급금,"연금보험의 질병특약에 대한 해지환급금으로, 보험 계약의 세부 조건입니다."
연금보험질병특약만기환급금,"연금보험의 질병특약에 대한 만기환급금으로, 보험 계약의 세부 조건입니다."
연금보험수술특약보험료,"연금보험의 수술특약에 대한 보험료으로, 보험 계약의 세부 조건입니다."
연금보험수술특약보험금,"연금보험의 수술특약에 대한 보험금으로, 보험 계약의 세부 조건입니다."
연금보험수술특약보장내용,"연금보험의 수술특약에 대한 보장내용으로, 보험 계약의 세부 조건입니다."
연금보험수술특약면책조항,"연금보험의 수술특약에 대한 면책조항으로, 보험 계약의 세부 조건입니다."
연금보험수술특약해지환급금,"연금보험의 수술특약에 대한 해지환급금으로, 보험 계약의 세부 조건입니다."
연금보험수술특약만기환급금,"연금보험의 수술특약에 대한 만기환급금으로, 보험 계약의 세부 조건입니다."
연금보험입원특약보험료,"연금보험의 입원특약에 대한 보험료으로, 보험 계약의 세부 조건입니다."
연금보험입원특약보험금,"연금보험의 입원특약에 대한 보험금으로, 보험 계약의 세부 조건입니다."
연금보험입원특약보장내용,"연금보험의 입원특약에 대한 보장내용으로, 보험 계약의 세부 조건입니다."
연금보험입원특약면책조항,"연금보험의 입원특약에 대한 면책조항으로, 보험 계약의 세부 조건입니다."
연금보험입원특약해지환급금,"연금보험의 입원특약에 대한 해지환급금으로, 보험 계약의 세부 조건입니다."
연금보험입원특약만기환급금,"연금보험의 입원특약에 대한 만기환급금으로, 보험 계약의 세부 조건입니다."
연금보험통원특약보험료,"연금보험의 통원특약에 대한 보험료으로, 보험 계약의 세부 조건입니다."
연금보험통원특약보험금,"연금보험의 통원특약에 대한 보험금으로, 보험 계약의 세부 조건입니다."
연금보험통원특약보장내용,"연금보험의 통원특약에 대한 보장내용으로, 보험 계약의 세부 조건입니다."
연금보험통원특약면책조항,"연금보험의 통원특약에 대한 면책조항으로, 보험 계약의 세부 조건입니다."
연금보험통원특약해지환급금,"연금보험의 통원특약에 대한 해지환급금으로, 보험 계약의 세부 조건입니다."
연금보험통원특약만기환급금,"연금보험의 통원특약에 대한 만기환급금으로, 보험 계약의 세부 조건입니다."
연금보험진단특약보험료,"연금보험의 진단특약에 대한 보험료으로, 보험 계약의 세부 조건입니다."
연금보험진단특약보험금,"연금보험의 진단특약에 대한 보험금으로, 보험 계약의 세부 조건입니다."
연금보험진단특약보장내용,"연금보험의 진단특약에 대한 보장내용으로, 보험 계약의 세부 조건입니다."
연금보험진단특약면책조항,"연금보험의 진단특약에 대한 면책조항으로, 보험 계약의 세부 조건입니다."
연금보험진단특약해지환급금,"연금보험의 진단특약에 대한 해지환급금으로, 보험 계약의 세부 조건입니다."
연금보험진단특약만기환급금,"연금보험의 진단특약에 대한 만기환급금으로, 보험 계약의 세부 조건입니다."
저축보험암특약보험료,"저축보험의 암특약에 대한 보험료으로, 보험 계약의 세부 조건입니다."
저축보험암특약보험금,"저축보험의 암특약에 대한 보험금으로, 보험 계약의 세부 조건입니다."
저축보험암특약보장내용,"저축보험의 암특약에 대한 보장내용으로, 보험 계약의 세부 조건입니다."
저축보험암특약면책조항,"저축보험의 암특약에 대한 면책조항으로, 보험 계약의 세부 조건입니다."
저축보험암특약해지환급금,"저축보험의 암특약에 대한 해지환급금으로, 보험 계약의 세부 조건입니다."
저축보험암특약만기환급금,"저축보험의 암특약에 대한 만기환급금으로, 보험 계약의 세부 조건입니다."
저축보험상해특약보험료,"저축보험의 상해특약에 대한 보험료으로, 보험 계약의 세부 조건입니다."
저축보험상해특약보험금,"저축보험의 상해특약에 대한 보험금으로, 보험 계약의 세부 조건입니다."
저축보험상해특약보장내용,"저축보험의 상해특약에 대한 보장내용으로, 보험 계약의 세부 조건입니다."
저축보험상해특약면책조항,"저축보험의 상해특약에 대한 면책조항으로, 보험 계약의 세부 조건입니다."
저축보험상해특약해지환급금,"저축보험의 상해특약에 대한 해지환급금으로, 보험 계약의 세부 조건입니다."
저축보험상해특약만기환급금,"저축보험의 상해특약에 대한 만기환급금으로, 보험 계약의 세부 조건입니다."
저축보험질병특약보험료,"저축보험의 질병특약에 대한 보험료으로, 보험 계약의 세부 조건입니다."
저축보험질병특약보험금,"저축보험의 질병특약에 대한 보험금으로, 보험 계약의 세부 조건입니다."
저축보험질병특약보장내용,"저축보험의 질병특약에 대한 보장내용으로, 보험 계약의 세부 조건입니다."
저축보험질병특약면책조항,"저축보험의 질병특약에 대한 면책조항으로, 보험 계약의 세부 조건입니다."
저축보험질병특약해지환급금,"저축보험의 질병특약에 대한 해지환급금으로, 보험 계약의 세부 조건입니다."
저축보험질병특약만기환급금,"저축보험의 질병특약에 대한 만기환급금으로, 보험 계약의 세부 조건입니다."
저축보험수술특약보험료,"저축보험의 수술특약에 대한 보험료으로, 보험 계약의 세부 조건입니다."
저축보험수술특약보험금,"저축보험의 수술특약에 대한 보험금으로, 보험 계약의 세부 조건입니다."
저축보험수술특약보장내용,"저축보험의 수술특약에 대한 보장내용으로, 보험 계약의 세부 조건입니다."
저축보험수술특약면책조항,"저축보험의 수술특약에 대한 면책조항으로, 보험 계약의 세부 조건입니다."
저축보험수술특약해지환급금,"저축보험의 수술특약에 대한 해지환급금으로, 보험 계약의 세부 조건입니다."
저축보험수술특약만기환급금,"저축보험의 수술특약에 대한 만기환급금으로, 보험 계약의 세부 조건입니다."
저축보험입원특약보험료,"저축보험의 입원특약에 대한 보험료으로, 보험 계약의 세부 조건입니다."
저축보험입원특약보험금,"저축보험의 입원특약에 대한 보험금으로, 보험 계약의 세부 조건입니다."
저축보험입원특약보장내용,"저축보험의 입원특약에 대한 보장내용으로, 보험 계약의 세부 조건입니다."
저축보험입원특약면책조항,"저축보험의 입원특약에 대한 면책조항으로, 보험 계약의 세부 조건입니다."
저축보험입원특약해지환급금,"저축보험의 입원특약에 대한 해지환급금으로, 보험 계약의 세부 조건입니다."
저축보험입원특약만기환급금,"저축보험의 입원특약에 대한 만기환급금으로, 보험 계약의 세부 조건입니다."
저축보험통원특약보험료,"저축보험의 통원특약에 대한 보험료으로, 보험 계약의 세부 조건입니다."
저축보험통원특약보험금,"저축보험의 통원특약에 대한 보험금으로, 보험 계약의 세부 조건입니다."
저축보험통원특약보장내용,"저축보험의 통원특약에 대한 보장내용으로, 보험 계약의 세부 조건입니다."
저축보험통원특약면책조항,"저축보험의 통원특약에 대한 면책조항으로, 보험 계약의 세부 조건입니다."
저축보험통원특약해지환급금,"저축보험의 통원특약에 대한 해지환급금으로, 보험 계약의 세부 조건입니다."
저축보험통원특약만기환급금,"저축보험의 통원특약에 대한 만기환급금으로, 보험 계약의 세부 조건입니다."
저축보험진단특약보험료,"저축보험의 진단특약에 대한 보험료으로, 보험 계약의 세부 조건입니다."
저축보험진단특약보험금,"저축보험의 진단특약에 대한 보험금으로, 보험 계약의 세부 조건입니다."
저축보험진단특약보장내용,"저축보험의 진단특약에 대한 보장내용으로, 보험 계약의 세부 조건입니다."
저축보험진단특약면책조항,"저축보험의 진단특약에 대한 면책조항으로, 보험 계약의 세부 조건입니다."
저축보험진단특약해지환급금,"저축보험의 진단특약에 대한 해지환급금으로, 보험 계약의 세부 조건입니다."
저축보험진단특약만기환급금,"저축보험의 진단특약에 대한 만기환급금으로, 보험 계약의 세부 조건입니다."
변액보험암특약보험료,"변액보험의 암특약에 대한 보험료으로, 보험 계약의 세부 조건입니다."
변액보험암특약보험금,"변액보험의 암특약에 대한 보험금으로, 보험 계약의 세부 조건입니다."
변액보험암특약보장내용,"변액보험의 암특약에 대한 보장내용으로, 보험 계약의 세부 조건입니다."
변액보험암특약면책조항,"변액보험의 암특약에 대한 면책조항으로, 보험 계약의 세부 조건입니다."
변액보험암특약해지환급금,"변액보험의 암특약에 대한 해지환급금으로, 보험 계약의 세부 조건입니다."
변액보험암특약만기환급금,"변액보험의 암특약에 대한 만기환급금으로, 보험 계약의 세부 조건입니다."
변액보험상해특약보험료,"변액보험의 상해특약에 대한 보험료으로, 보험 계약의 세부 조건입니다."
변액보험상해특약보험금,"변액보험의 상해특약에 대한 보험금으로, 보험 계약의 세부 조건입니다."
변액보험상해특약보장내용,"변액보험의 상해특약에 대한 보장내용으로, 보험 계약의 세부 조건입니다."
변액보험상해특약면책조항,"변액보험의 상해특약에 대한 면책조항으로, 보험 계약의 세부 조건입니다."
변액보험상해특약해지환급금,"변액보험의 상해특약에 대한 해지환급금으로, 보험 계약의 세부 조건입니다."
변액보험상해특약만기환급금,"변액보험의 상해특약에 대한 만기환급금으로, 보험 계약의 세부 조건입니다."
변액보험질병특약보험료,"변액보험의 질병특약에 대한 보험료으로, 보험 계약의 세부 조건입니다."
변액보험질병특약보험금,"변액보험의 질병특약에 대한 보험금으로, 보험 계약의 세부 조건입니다."
변액보험질병특약보장내용,"변액보험의 질병특약에 대한 보장내용으로, 보험 계약의 세부 조건입니다."
변액보험질병특약면책조항,"변액보험의 질병특약에 대한 면책조항으로, 보험 계약의 세부 조건입니다."
변액보험질병특약해지환급금,"변액보험의 질병특약에 대한 해지환급금으로, 보험 계약의 세부 조건입니다."
변액보험질병특약만기환급금,"변액보험의 질병특약에 대한 만기환급금으로, 보험 계약의 세부 조건입니다."
변액보험수술특약보험료,"변액보험의 수술특약에 대한 보험료으로, 보험 계약의 세부 조건입니다."
변액보험수술특약보험금,"변액보험의 수술특약에 대한 보험금으로, 보험 계약의 세부 조건입니다."
변액보험수술특약보장내용,"변액보험의 수술특약에 대한 보장내용으로, 보험 계약의 세부 조건입니다."
변액보험수술특약면책조항,"변액보험의 수술특약에 대한 면책조항으로, 보험 계약의 세부 조건입니다."
변액보험수술특약해지환급금,"변액보험의 수술특약에 대한 해지환급금으로, 보험 계약의 세부 조건입니다."
변액보험수술특약만기환급금,"변액보험의 수술특약에 대한 만기환급금으로, 보험 계약의 세부 조건입니다."
변액보험입원특약보험료,"변액보험의 입원특약에 대한 보험료으로, 보험 계약의 세부 조건입니다."
변액보험입원특약보험금,"변액보험의 입원특약에 대한 보험금으로, 보험 계약의 세부 조건입니다."
변액보험입원특약보장내용,"변액보험의 입원특약에 대한 보장내용으로, 보험 계약의 세부 조건입니다."
변액보험입원특약면책조항,"변액보험의 입원특약에 대한 면책조항으로, 보험 계약의 세부 조건입니다."
변액보험입원특약해지환급금,"변액보험의 입원특약에 대한 해지환급금으로, 보험 계약의 세부 조건입니다."
변액보험입원특약만기환급금,"변액보험의 입원특약에 대한 만기환급금으로, 보험 계약의 세부 조건입니다."
변액보험통원특약보험료,"변액보험의 통원특약에 대한 보험료으로, 보험 계약의 세부 조건입니다."
변액보험통원특약보험금,"변액보험의 통원특약에 대한 보험금으로, 보험 계약의 세부 조건입니다."
변액보험통원특약보장내용,"변액보험의 통원특약에 대한 보장내용으로, 보험 계약의 세부 조건입니다."
변액보험통원특약면책조항,"변액보험의 통원특약에 대한 면책조항으로, 보험 계약의 세부 조건입니다."
변액보험통원특약해지환급금,"변액보험의 통원특약에 대한 해지환급금으로, 보험 계약의 세부 조건입니다."
변액보험통원특약만기환급금,"변액보험의 통원특약에 대한 만기환급금으로, 보험 계약의 세부 조건입니다."
변액보험진단특약보험료,"변액보험의 진단특약에 대한 보험료으로, 보험 계약의 세부 조건입니다."
변액보험진단특약보험금,"변액보험의 진단특약에 대한 보험금으로, 보험 계약의 세부 조건입니다."
변액보험진단특약보장내용,"변액보험의 진단특약에 대한 보장내용으로, 보험 계약의 세부 조건입니다."
변액보험진단특약면책조항,"변액보험의 진단특약에 대한 면책조항으로, 보험 계약의 세부 조건입니다."
변액보험진단특약해지환급금,"변액보험의 진단특약에 대한 해지환급금으로, 보험 계약의 세부 조건입니다."
변액보험진단특약만기환급금,"변액보험의 진단특약에 대한 만기환급금으로, 보험 계약의 세부 조건입니다."
CI보험암특약보험료,"CI보험의 암특약에 대한 보험료으로, 보험 계약의 세부 조건입니다."
CI보험암특약보험금,"CI보험의 암특약에 대한 보험금으로, 보험 계약의 세부 조건입니다."
CI보험암특약보장내용,"CI보험의 암특약에 대한 보장내용으로, 보험 계약의 세부 조건입니다."
CI보험암특약면책조항,"CI보험의 암특약에 대한 면책조항으로, 보험 계약의 세부 조건입니다."
CI보험암특약해지환급금,"CI보험의 암특약에 대한 해지환급금으로, 보험 계약의 세부 조건입니다."
CI보험암특약만기환급금,"CI보험의 암특약에 대한 만기환급금으로, 보험 계약의 세부 조건입니다."
CI보험상해특약보험료,"CI보험의 상해특약에 대한 보험료으로, 보험 계약의 세부 조건입니다."
CI보험상해특약보험금,"CI보험의 상해특약에 대한 보험금으로, 보험 계약의 세부 조건입니다."
CI보험상해특약보장내용,"CI보험의 상해특약에 대한 보장내용으로, 보험 계약의 세부 조건입니다."
CI보험상해특약면책조항,"CI보험의 상해특약에 대한 면책조항으로, 보험 계약의 세부 조건입니다."
CI보험상해특약해지환급금,"CI보험의 상해특약에 대한 해지환급금으로, 보험 계약의 세부 조건입니다."
CI보험상해특약만기환급금,"CI보험의 상해특약에 대한 만기환급금으로, 보험 계약의 세부 조건입니다."
CI보험질병특약보험료,"CI보험의 질병특약에 대한 보험료으로, 보험 계약의 세부 조건입니다."
CI보험질병특약보험금,"CI보험의 질병특약에 대한 보험금으로, 보험 계약의 세부 조건입니다."
CI보험질병특약보장내용,"CI보험의 질병특약에 대한 보장내용으로, 보험 계약의 세부 조건입니다."
CI보험질병특약면책조항,"CI보험의 질병특약에 대한 면책조항으로, 보험 계약의 세부 조건입니다."
CI보험질병특약해지환급금,"CI보험의 질병특약에 대한 해지환급금으로, 보험 계약의 세부 조건입니다."
CI보험질병특약만기환급금,"CI보험의 질병특약에 대한 만기환급금으로, 보험 계약의 세부 조건입니다."
CI보험수술특약보험료,"CI보험의 수술특약에 대한 보험료으로, 보험 계약의 세부 조건입니다."
CI보험수술특약보험금,"CI보험의 수술특약에 대한 보험금으로, 보험 계약의 세부 조건입니다."
CI보험수술특약보장내용,"CI보험의 수술특약에 대한 보장내용으로, 보험 계약의 세부 조건입니다."
CI보험수술특약면책조항,"CI보험의 수술특약에 대한 면책조항으로, 보험 계약의 세부 조건입니다."
CI보험수술특약해지환급금,"CI보험의 수술특약에 대한 해지환급금으로, 보험 계약의 세부 조건입니다."
CI보험수술특약만기환급금,"CI보험의 수술특약에 대한 만기환급금으로, 보험 계약의 세부 조건입니다."
CI보험입원특약보험료,"CI보험의 입원특약에 대한 보험료으로, 보험 계약의 세부 조건입니다."
CI보험입원특약보험금,"CI보험의 입원특약에 대한 보험금으로, 보험 계약의 세부 조건입니다."
CI보험입원특약보장내용,"CI보험의 입원특약에 대한 보장내용으로, 보험 계약의 세부 조건입니다."
CI보험입원특약면책조항,"CI보험의 입원특약에 대한 면책조항으로, 보험 계약의 세부 조건입니다."
CI보험입원특약해지환급금,"CI보험의 입원특약에 대한 해지환급금으로, 보험 계약의 세부 조건입니다."
CI보험입원특약만기환급금,"CI보험의 입원특약에 대한 만기환급금으로, 보험 계약의 세부 조건입니다."
CI보험통원특약보험료,"CI보험의 통원특약에 대한 보험료으로, 보험 계약의 세부 조건입니다."
CI보험통원특약보험금,"CI보험의 통원특약에 대한 보험금으로, 보험 계약의 세부 조건입니다."
CI보험통원특약보장내용,"CI보험의 통원특약에 대한 보장내용으로, 보험 계약의 세부 조건입니다."
CI보험통원특약면책조항,"CI보험의 통원특약에 대한 면책조항으로, 보험 계약의 세부 조건입니다."
CI보험통원특약해지환급금,"CI보험의 통원특약에 대한 해지환급금으로, 보험 계약의 세부 조건입니다."
CI보험통원특약만기환급금,"CI보험의 통원특약에 대한 만기환급금으로, 보험 계약의 세부 조건입니다."
CI보험진단특약보험료,"CI보험의 진단특약에 대한 보험료으로, 보험 계약의 세부 조건입니다."
CI보험진단특약보험금,"CI보험의 진단특약에 대한 보험금으로, 보험 계약의 세부 조건입니다."
CI보험진단특약보장내용,"CI보험의 진단특약에 대한 보장내용으로, 보험 계약의 세부 조건입니다."
CI보험진단특약면책조항,"CI보험의 진단특약에 대한 면책조항으로, 보험 계약의 세부 조건입니다."
CI보험진단특약해지환급금,"CI보험의 진단특약에 대한 해지환급금으로, 보험 계약의 세부 조건입니다."
CI보험진단특약만기환급금,"CI보험의 진단특약에 대한 만기환급금으로, 보험 계약의 세부 조건입니다."
실손보험암특약보험료,"실손보험의 암특약에 대한 보험료으로, 보험 계약의 세부 조건입니다."
실손보험암특약보험금,"실손보험의 암특약에 대한 보험금으로, 보험 계약의 세부 조건입니다."
실손보험암특약보장내용,"실손보험의 암특약에 대한 보장내용으로, 보험 계약의 세부 조건입니다."
실손보험암특약면책조항,"실손보험의 암특약에 대한 면책조항으로, 보험 계약의 세부 조건입니다."
실손보험암특약해지환급금,"실손보험의 암특약에 대한 해지환급금으로, 보험 계약의 세부 조건입니다."
실손보험암특약만기환급금,"실손보험의 암특약에 대한 만기환급금으로, 보험 계약의 세부 조건입니다."
실손보험상해특약보험료,"실손보험의 상해특약에 대한 보험료으로, 보험 계약의 세부 조건입니다."
실손보험상해특약보험금,"실손보험의 상해특약에 대한 보험금으로, 보험 계약의 세부 조건입니다."
실손보험상해특약보장내용,"실손보험의 상해특약에 대한 보장내용으로, 보험 계약의 세부 조건입니다."
실손보험상해특약면책조항,"실손보험의 상해특약에 대한 면책조항으로, 보험 계약의 세부 조건입니다."
실손보험상해특약해지환급금,"실손보험의 상해특약에 대한 해지환급금으로, 보험 계약의 세부 조건입니다."
실손보험상해특약만기환급금,"실손보험의 상해특약에 대한 만기환급금으로, 보험 계약의 세부 조건입니다."
실손보험질병특약보험료,"실손보험의 질병특약에 대한 보험료으로, 보험 계약의 세부 조건입니다."
실손보험질병특약보험금,"실손보험의 질병특약에 대한 보험금으로, 보험 계약의 세부 조건입니다."
실손보험질병특약보장내용,"실손보험의 질병특약에 대한 보장내용으로, 보험 계약의 세부 조건입니다."
실손보험질병특약면책조항,"실손보험의 질병특약에 대한 면책조항으로, 보험 계약의 세부 조건입니다."
실손보험질병특약해지환급금,"실손보험의 질병특약에 대한 해지환급금으로, 보험 계약의 세부 조건입니다."
실손보험질병특약만기환급금,"실손보험의 질병특약에 대한 만기환급금으로, 보험 계약의 세부 조건입니다."
실손보험수술특약보험료,"실손보험의 수술특약에 대한 보험료으로, 보험 계약의 세부 조건입니다."
실손보험수술특약보험금,"실손보험의 수술특약에 대한 보험금으로, 보험 계약의 세부 조건입니다."
실손보험수술특약보장내용,"실손보험의 수술특약에 대한 보장내용으로, 보험 계약의 세부 조건입니다."
실손보험수술특약면책조항,"실손보험의 수술특약에 대한 면책조항으로, 보험 계약의 세부 조건입니다."
실손보험수술특약해지환급금,"실손보험의 수술특약에 대한 해지환급금으로, 보험 계약의 세부 조건입니다."
실손보험수술특약만기환급금,"실손보험의 수술특약에 대한 만기환급금으로, 보험 계약의 세부 조건입니다."
실손보험입원특약보험료,"실손보험의 입원특약에 대한 보험료으로, 보험 계약의 세부 조건입니다."
실손보험입원특약보험금,"실손보험의 입원특약에 대한 보험금으로, 보험 계약의 세부 조건입니다."
실손보험입원특약보장내용,"실손보험의 입원특약에 대한 보장내용으로, 보험 계약의 세부 조건입니다."
실손보험입원특약면책조항,"실손보험의 입원특약에 대한 면책조항으로, 보험 계약의 세부 조건입니다."
실손보험입원특약해지환급금,"실손보험의 입원특약에 대한 해지환급금으로, 보험 계약의 세부 조건입니다."
실손보험입원특약만기환급금,"실손보험의 입원특약에 대한 만기환급금으로, 보험 계약의 세부 조건입니다."
실손보험통원특약보험료,"실손보험의 통원특약에 대한 보험료으로, 보험 계약의 세부 조건입니다."
실손보험통원특약보험금,"실손보험의 통원특약에 대한 보험금으로, 보험 계약의 세부 조건입니다."
실손보험통원특약보장내용,"실손보험의 통원특약에 대한 보장내용으로, 보험 계약의 세부 조건입니다."
실손보험통원특약면책조항,"실손보험의 통원특약에 대한 면책조항으로, 보험 계약의 세부 조건입니다."
실손보험통원특약해지환급금,"실손보험의 통원특약에 대한 해지환급금으로, 보험 계약의 세부 조건입니다."
실손보험통원특약만기환급금,"실손보험의 통원특약에 대한 만기환급금으로, 보험 계약의 세부 조건입니다."
실손보험진단특약보험료,"실손보험의 진단특약에 대한 보험료으로, 보험 계약의 세부 조건입니다."
실손보험진단특약보험금,"실손보험의 진단특약에 대한 보험금으로, 보험 계약의 세부 조건입니다."
실손보험진단특약보장내용,"실손보험의 진단특약에 대한 보장내용으로, 보험 계약의 세부 조건입니다."
실손보험진단특약면책조항,"실손보험의 진단특약에 대한 면책조항으로, 보험 계약의 세부 조건입니다."
실손보험진단특약해지환급금,"실손보험의 진단특약에 대한 해지환급금으로, 보험 계약의 세부 조건입니다."
실손보험진단특약만기환급금,"실손보험의 진단특약에 대한 만기환급금으로, 보험 계약의 세부 조건입니다."
고정금리신용대출금리,"고정금리 방식의 신용대출에 대한 금리 조건으로, 대출 계약의 핵심 요소입니다."
고정금리신용대출한도,"고정금리 방식의 신용대출에 대한 한도 조건으로, 대출 계약의 핵심 요소입니다."
고정금리신용대출기간,"고정금리 방식의 신용대출에 대한 기간 조건으로, 대출 계약의 핵심 요소입니다."
고정금리신용대출상환방식,"고정금리 방식의 신용대출에 대한 상환방식 조건으로, 대출 계약의 핵심 요소입니다."
고정금리신용대출중도상환수수료,"고정금리 방식의 신용대출에 대한 중도상환수수료 조건으로, 대출 계약의 핵심 요소입니다."
고정금리신용대출연체이자,"고정금리 방식의 신용대출에 대한 연체이자 조건으로, 대출 계약의 핵심 요소입니다."
변동금리신용대출금리,"변동금리 방식의 신용대출에 대한 금리 조건으로, 대출 계약의 핵심 요소입니다."
변동금리신용대출한도,"변동금리 방식의 신용대출에 대한 한도 조건으로, 대출 계약의 핵심 요소입니다."
변동금리신용대출기간,"변동금리 방식의 신용대출에 대한 기간 조건으로, 대출 계약의 핵심 요소입니다."
변동금리신용대출상환방식,"변동금리 방식의 신용대출에 대한 상환방식 조건으로, 대출 계약의 핵심 요소입니다."
변동금리신용대출중도상환수수료,"변동금리 방식의 신용대출에 대한 중도상환수수료 조건으로, 대출 계약의 핵심 요소입니다."
변동금리신용대출연체이자,"변동금리 방식의 신용대출에 대한 연체이자 조건으로, 대출 계약의 핵심 요소입니다."
혼합금리신용대출금리,"혼합금리 방식의 신용대출에 대한 금리 조건으로, 대출 계약의 핵심 요소입니다."
혼합금리신용대출한도,"혼합금리 방식의 신용대출에 대한 한도 조건으로, 대출 계약의 핵심 요소입니다."
혼합금리신용대출기간,"혼합금리 방식의 신용대출에 대한 기간 조건으로, 대출 계약의 핵심 요소입니다."
혼합금리신용대출상환방식,"혼합금리 방식의 신용대출에 대한 상환방식 조건으로, 대출 계약의 핵심 요소입니다."
혼합금리신용대출중도상환수수료,"혼합금리 방식의 신용대출에 대한 중도상환수수료 조건으로, 대출 계약의 핵심 요소입니다."
혼합금리신용대출연체이자,"혼합금리 방식의 신용대출에 대한 연체이자 조건으로, 대출 계약의 핵심 요소입니다."
거치식신용대출금리,"거치식 방식의 신용대출에 대한 금리 조건으로, 대출 계약의 핵심 요소입니다."
거치식신용대출한도,"거치식 방식의 신용대출에 대한 한도 조건으로, 대출 계약의 핵심 요소입니다."
거치식신용대출기간,"거치식 방식의 신용대출에 대한 기간 조건으로, 대출 계약의 핵심 요소입니다."
거치식신용대출상환방식,"거치식 방식의 신용대출에 대한 상환방식 조건으로, 대출 계약의 핵심 요소입니다."
거치식신용대출중도상환수수료,"거치식 방식의 신용대출에 대한 중도상환수수료 조건으로, 대출 계약의 핵심 요소입니다."
거치식신용대출연체이자,"거치식 방식의 신용대출에 대한 연체이자 조건으로, 대출 계약의 핵심 요소입니다."
원리금균등신용대출금리,"원리금균등 방식의 신용대출에 대한 금리 조건으로, 대출 계약의 핵심 요소입니다."
원리금균등신용대출한도,"원리금균등 방식의 신용대출에 대한 한도 조건으로, 대출 계약의 핵심 요소입니다."
원리금균등신용대출기간,"원리금균등 방식의 신용대출에 대한 기간 조건으로, 대출 계약의 핵심 요소입니다."
원리금균등신용대출상환방식,"원리금균등 방식의 신용대출에 대한 상환방식 조건으로, 대출 계약의 핵심 요소입니다."
원리금균등신용대출중도상환수수료,"원리금균등 방식의 신용대출에 대한 중도상환수수료 조건으로, 대출 계약의 핵심 요소입니다."
원리금균등신용대출연체이자,"원리금균등 방식의 신용대출에 대한 연체이자 조건으로, 대출 계약의 핵심 요소입니다."
원금균등신용대출금리,"원금균등 방식의 신용대출에 대한 금리 조건으로, 대출 계약의 핵심 요소입니다."
원금균등신용대출한도,"원금균등 방식의 신용대출에 대한 한도 조건으로, 대출 계약의 핵심 요소입니다."
원금균등신용대출기간,"원금균등 방식의 신용대출에 대한 기간 조건으로, 대출 계약의 핵심 요소입니다."
원금균등신용대출상환방식,"원금균등 방식의 신용대출에 대한 상환방식 조건으로, 대출 계약의 핵심 요소입니다."
원금균등신용대출중도상환수수료,"원금균등 방식의 신용대출에 대한 중도상환수수료 조건으로, 대출 계약의 핵심 요소입니다."
원금균등신용대출연체이자,"원금균등 방식의 신용대출에 대한 연체이자 조건으로, 대출 계약의 핵심 요소입니다."
만기일시상환신용대출금리,"만기일시상환 방식의 신용대출에 대한 금리 조건으로, 대출 계약의 핵심 요소입니다."
만기일시상환신용대출한도,"만기일시상환 방식의 신용대출에 대한 한도 조건으로, 대출 계약의 핵심 요소입니다."
만기일시상환신용대출기간,"만기일시상환 방식의 신용대출에 대한 기간 조건으로, 대출 계약의 핵심 요소입니다."
만기일시상환신용대출상환방식,"만기일시상환 방식의 신용대출에 대한 상환방식 조건으로, 대출 계약의 핵심 요소입니다."
만기일시상환신용대출중도상환수수료,"만기일시상환 방식의 신용대출에 대한 중도상환수수료 조건으로, 대출 계약의 핵심 요소입니다."
만기일시상환신용대출연체이자,"만기일시상환 방식의 신용대출에 대한 연체이자 조건으로, 대출 계약의 핵심 요소입니다."
고정금리담보대출금리,"고정금리 방식의 담보대출에 대한 금리 조건으로, 대출 계약의 핵심 요소입니다."
고정금리담보대출한도,"고정금리 방식의 담보대출에 대한 한도 조건으로, 대출 계약의 핵심 요소입니다."
고정금리담보대출기간,"고정금리 방식의 담보대출에 대한 기간 조건으로, 대출 계약의 핵심 요소입니다."
고정금리담보대출상환방식,"고정금리 방식의 담보대출에 대한 상환방식 조건으로, 대출 계약의 핵심 요소입니다."
고정금리담보대출중도상환수수료,"고정금리 방식의 담보대출에 대한 중도상환수수료 조건으로, 대출 계약의 핵심 요소입니다."
고정금리담보대출연체이자,"고정금리 방식의 담보대출에 대한 연체이자 조건으로, 대출 계약의 핵심 요소입니다."
변동금리담보대출금리,"변동금리 방식의 담보대출에 대한 금리 조건으로, 대출 계약의 핵심 요소입니다."
변동금리담보대출한도,"변동금리 방식의 담보대출에 대한 한도 조건으로, 대출 계약의 핵심 요소입니다."
변동금리담보대출기간,"변동금리 방식의 담보대출에 대한 기간 조건으로, 대출 계약의 핵심 요소입니다."
변동금리담보대출상환방식,"변동금리 방식의 담보대출에 대한 상환방식 조건으로, 대출 계약의 핵심 요소입니다."
변동금리담보대출중도상환수수료,"변동금리 방식의 담보대출에 대한 중도상환수수료 조건으로, 대출 계약의 핵심 요소입니다."
변동금리담보대출연체이자,"변동금리 방식의 담보대출에 대한 연체이자 조건으로, 대출 계약의 핵심 요소입니다."
혼합금리담보대출금리,"혼합금리 방식의 담보대출에 대한 금리 조건으로, 대출 계약의 핵심 요소입니다."
혼합금리담보대출한도,"혼합금리 방식의 담보대출에 대한 한도 조건으로, 대출 계약의 핵심 요소입니다."
혼합금리담보대출기간,"혼합금리 방식의 담보대출에 대한 기간 조건으로, 대출 계약의 핵심 요소입니다."
혼합금리담보대출상환방식,"혼합금리 방식의 담보대출에 대한 상환방식 조건으로, 대출 계약의 핵심 요소입니다."
혼합금리담보대출중도상환수수료,"혼합금리 방식의 담보대출에 대한 중도상환수수료 조건으로, 대출 계약의 핵심 요소입니다."
혼합금리담보대출연체이자,"혼합금리 방식의 담보대출에 대한 연체이자 조건으로, 대출 계약의 핵심 요소입니다."
거치식담보대출금리,"거치식 방식의 담보대출에 대한 금리 조건으로, 대출 계약의 핵심 요소입니다."
거치식담보대출한도,"거치식 방식의 담보대출에 대한 한도 조건으로, 대출 계약의 핵심 요소입니다."
거치식담보대출기간,"거치식 방식의 담보대출에 대한 기간 조건으로, 대출 계약의 핵심 요소입니다."
거치식담보대출상환방식,"거치식 방식의 담보대출에 대한 상환방식 조건으로, 대출 계약의 핵심 요소입니다."
거치식담보대출중도상환수수료,"거치식 방식의 담보대출에 대한 중도상환수수료 조건으로, 대출 계약의 핵심 요소입니다."
거치식담보대출연체이자,"거치식 방식의 담보대출에 대한 연체이자 조건으로, 대출 계약의 핵심 요소입니다."
원리금균등담보대출금리,"원리금균등 방식의 담보대출에 대한 금리 조건으로, 대출 계약의 핵심 요소입니다."
원리금균등담보대출한도,"원리금균등 방식의 담보대출에 대한 한도 조건으로, 대출 계약의 핵심 요소입니다."
원리금균등담보대출기간,"원리금균등 방식의 담보대출에 대한 기간 조건으로, 대출 계약의 핵심 요소입니다."
원리금균등담보대출상환방식,"원리금균등 방식의 담보대출에 대한 상환방식 조건으로, 대출 계약의 핵심 요소입니다."
원리금균등담보대출중도상환수수료,"원리금균등 방식의 담보대출에 대한 중도상환수수료 조건으로, 대출 계약의 핵심 요소입니다."
원리금균등담보대출연체이자,"원리금균등 방식의 담보대출에 대한 연체이자 조건으로, 대출 계약의 핵심 요소입니다."
원금균등담보대출금리,"원금균등 방식의 담보대출에 대한 금리 조건으로, 대출 계약의 핵심 요소입니다."
원금균등담보대출한도,"원금균등 방식의 담보대출에 대한 한도 조건으로, 대출 계약의 핵심 요소입니다."
원금균등담보대출기간,"원금균등 방식의 담보대출에 대한 기간 조건으로, 대출 계약의 핵심 요소입니다."
원금균등담보대출상환방식,"원금균등 방식의 담보대출에 대한 상환방식 조건으로, 대출 계약의 핵심 요소입니다."
원금균등담보대출중도상환수수료,"원금균등 방식의 담보대출에 대한 중도상환수수료 조건으로, 대출 계약의 핵심 요소입니다."
원금균등담보대출연체이자,"원금균등 방식의 담보대출에 대한 연체이자 조건으로, 대출 계약의 핵심 요소입니다."
만기일시상환담보대출금리,"만기일시상환 방식의 담보대출에 대한 금리 조건으로, 대출 계약의 핵심 요소입니다."
만기일시상환담보대출한도,"만기일시상환 방식의 담보대출에 대한 한도 조건으로, 대출 계약의 핵심 요소입니다."
만기일시상환담보대출기간,"만기일시상환 방식의 담보대출에 대한 기간 조건으로, 대출 계약의 핵심 요소입니다."
만기일시상환담보대출상환방식,"만기일시상환 방식의 담보대출에 대한 상환방식 조건으로, 대출 계약의 핵심 요소입니다."
만기일시상환담보대출중도상환수수료,"만기일시상환 방식의 담보대출에 대한 중도상환수수료 조건으로, 대출 계약의 핵심 요소입니다."
만기일시상환담보대출연체이자,"만기일시상환 방식의 담보대출에 대한 연체이자 조건으로, 대출 계약의 핵심 요소입니다."
고정금리마이너스통장금리,"고정금리 방식의 마이너스통장에 대한 금리 조건으로, 대출 계약의 핵심 요소입니다."
고정금리마이너스통장한도,"고정금리 방식의 마이너스통장에 대한 한도 조건으로, 대출 계약의 핵심 요소입니다."
고정금리마이너스통장기간,"고정금리 방식의 마이너스통장에 대한 기간 조건으로, 대출 계약의 핵심 요소입니다."
고정금리마이너스통장상환방식,"고정금리 방식의 마이너스통장에 대한 상환방식 조건으로, 대출 계약의 핵심 요소입니다."
고정금리마이너스통장중도상환수수료,"고정금리 방식의 마이너스통장에 대한 중도상환수수료 조건으로, 대출 계약의 핵심 요소입니다."
고정금리마이너스통장연체이자,"고정금리 방식의 마이너스통장에 대한 연체이자 조건으로, 대출 계약의 핵심 요소입니다."
변동금리마이너스통장금리,"변동금리 방식의 마이너스통장에 대한 금리 조건으로, 대출 계약의 핵심 요소입니다."
변동금리마이너스통장한도,"변동금리 방식의 마이너스통장에 대한 한도 조건으로, 대출 계약의 핵심 요소입니다."
변동금리마이너스통장기간,"변동금리 방식의 마이너스통장에 대한 기간 조건으로, 대출 계약의 핵심 요소입니다."
변동금리마이너스통장상환방식,"변동금리 방식의 마이너스통장에 대한 상환방식 조건으로, 대출 계약의 핵심 요소입니다."
변동금리마이너스통장중도상환수수료,"변동금리 방식의 마이너스통장에 대한 중도상환수수료 조건으로, 대출 계약의 핵심 요소입니다."
변동금리마이너스통장연체이자,"변동금리 방식의 마이너스통장에 대한 연체이자 조건으로, 대출 계약의 핵심 요소입니다."
혼합금리마이너스통장금리,"혼합금리 방식의 마이너스통장에 대한 금리 조건으로, 대출 계약의 핵심 요소입니다."
혼합금리마이너스통장한도,"혼합금리 방식의 마이너스통장에 대한 한도 조건으로, 대출 계약의 핵심 요소입니다."
혼합금리마이너스통장기간,"혼합금리 방식의 마이너스통장에 대한 기간 조건으로, 대출 계약의 핵심 요소입니다."
혼합금리마이너스통장상환방식,"혼합금리 방식의 마이너스통장에 대한 상환방식 조건으로, 대출 계약의 핵심 요소입니다."
혼합금리마이너스통장중도상환수수료,"혼합금리 방식의 마이너스통장에 대한 중도상환수수료 조건으로, 대출 계약의 핵심 요소입니다."
혼합금리마이너스통장연체이자,"혼합금리 방식의 마이너스통장에 대한 연체이자 조건으로, 대출 계약의 핵심 요소입니다."
거치식마이너스통장금리,"거치식 방식의 마이너스통장에 대한 금리 조건으로, 대출 계약의 핵심 요소입니다."
거치식마이너스통장한도,"거치식 방식의 마이너스통장에 대한 한도 조건으로, 대출 계약의 핵심 요소입니다."
거치식마이너스통장기간,"거치식 방식의 마이너스통장에 대한 기간 조건으로, 대출 계약의 핵심 요소입니다."
거치식마이너스통장상환방식,"거치식 방식의 마이너스통장에 대한 상환방식 조건으로, 대출 계약의 핵심 요소입니다."
거치식마이너스통장중도상환수수료,"거치식 방식의 마이너스통장에 대한 중도상환수수료 조건으로, 대출 계약의 핵심 요소입니다."
거치식마이너스통장연체이자,"거치식 방식의 마이너스통장에 대한 연체이자 조건으로, 대출 계약의 핵심 요소입니다."
원리금균등마이너스통장금리,"원리금균등 방식의 마이너스통장에 대한 금리 조건으로, 대출 계약의 핵심 요소입니다."
원리금균등마이너스통장한도,"원리금균등 방식의 마이너스통장에 대한 한도 조건으로, 대출 계약의 핵심 요소입니다."
원리금균등마이너스통장기간,"원리금균등 방식의 마이너스통장에 대한 기간 조건으로, 대출 계약의 핵심 요소입니다."
원리금균등마이너스통장상환방식,"원리금균등 방식의 마이너스통장에 대한 상환방식 조건으로, 대출 계약의 핵심 요소입니다."
원리금균등마이너스통장중도상환수수료,"원리금균등 방식의 마이너스통장에 대한 중도상환수수료 조건으로, 대출 계약의 핵심 요소입니다."
원리금균등마이너스통장연체이자,"원리금균등 방식의 마이너스통장에 대한 연체이자 조건으로, 대출 계약의 핵심 요소입니다."
원금균등마이너스통장금리,"원금균등 방식의 마이너스통장에 대한 금리 조건으로, 대출 계약의 핵심 요소입니다."
원금균등마이너스통장한도,"원금균등 방식의 마이너스통장에 대한 한도 조건으로, 대출 계약의 핵심 요소입니다."
원금균등마이너스통장기간,"원금균등 방식의 마이너스통장에 대한 기간 조건으로, 대출 계약의 핵심 요소입니다."
원금균등마이너스통장상환방식,"원금균등 방식의 마이너스통장에 대한 상환방식 조건으로, 대출 계약의 핵심 요소입니다."
원금균등마이너스통장중도상환수수료,"원금균등 방식의 마이너스통장에 대한 중도상환수수료 조건으로, 대출 계약의 핵심 요소입니다."
원금균등마이너스통장연체이자,"원금균등 방식의 마이너스통장에 대한 연체이자 조건으로, 대출 계약의 핵심 요소입니다."
만기일시상환마이너스통장금리,"만기일시상환 방식의 마이너스통장에 대한 금리 조건으로, 대출 계약의 핵심 요소입니다."
만기일시상환마이너스통장한도,"만기일시상환 방식의 마이너스통장에 대한 한도 조건으로, 대출 계약의 핵심 요소입니다."
만기일시상환마이너스통장기간,"만기일시상환 방식의 마이너스통장에 대한 기간 조건으로, 대출 계약의 핵심 요소입니다."
만기일시상환마이너스통장상환방식,"만기일시상환 방식의 마이너스통장에 대한 상환방식 조건으로, 대출 계약의 핵심 요소입니다."
만기일시상환마이너스통장중도상환수수료,"만기일시상환 방식의 마이너스통장에 대한 중도상환수수료 조건으로, 대출 계약의 핵심 요소입니다."
만기일시상환마이너스통장연체이자,"만기일시상환 방식의 마이너스통장에 대한 연체이자 조건으로, 대출 계약의 핵심 요소입니다."
고정금리전세자금대출금리,"고정금리 방식의 전세자금대출에 대한 금리 조건으로, 대출 계약의 핵심 요소입니다."
고정금리전세자금대출한도,"고정금리 방식의 전세자금대출에 대한 한도 조건으로, 대출 계약의 핵심 요소입니다."
고정금리전세자금대출기간,"고정금리 방식의 전세자금대출에 대한 기간 조건으로, 대출 계약의 핵심 요소입니다."
고정금리전세자금대출상환방식,"고정금리 방식의 전세자금대출에 대한 상환방식 조건으로, 대출 계약의 핵심 요소입니다."
고정금리전세자금대출중도상환수수료,"고정금리 방식의 전세자금대출에 대한 중도상환수수료 조건으로, 대출 계약의 핵심 요소입니다."
고정금리전세자금대출연체이자,"고정금리 방식의 전세자금대출에 대한 연체이자 조건으로, 대출 계약의 핵심 요소입니다."
변동금리전세자금대출금리,"변동금리 방식의 전세자금대출에 대한 금리 조건으로, 대출 계약의 핵심 요소입니다."
변동금리전세자금대출한도,"변동금리 방식의 전세자금대출에 대한 한도 조건으로, 대출 계약의 핵심 요소입니다."
변동금리전세자금대출기간,"변동금리 방식의 전세자금대출에 대한 기간 조건으로, 대출 계약의 핵심 요소입니다."
변동금리전세자금대출상환방식,"변동금리 방식의 전세자금대출에 대한 상환방식 조건으로, 대출 계약의 핵심 요소입니다."
변동금리전세자금대출중도상환수수료,"변동금리 방식의 전세자금대출에 대한 중도상환수수료 조건으로, 대출 계약의 핵심 요소입니다."
변동금리전세자금대출연체이자,"변동금리 방식의 전세자금대출에 대한 연체이자 조건으로, 대출 계약의 핵심 요소입니다."
혼합금리전세자금대출금리,"혼합금리 방식의 전세자금대출에 대한 금리 조건으로, 대출 계약의 핵심 요소입니다."
혼합금리전세자금대출한도,"혼합금리 방식의 전세자금대출에 대한 한도 조건으로, 대출 계약의 핵심 요소입니다."
혼합금리전세자금대출기간,"혼합금리 방식의 전세자금대출에 대한 기간 조건으로, 대출 계약의 핵심 요소입니다."
혼합금리전세자금대출상환방식,"혼합금리 방식의 전세자금대출에 대한 상환방식 조건으로, 대출 계약의 핵심 요소입니다."
혼합금리전세자금대출중도상환수수료,"혼합금리 방식의 전세자금대출에 대한 중도상환수수료 조건으로, 대출 계약의 핵심 요소입니다."
혼합금리전세자금대출연체이자,"혼합금리 방식의 전세자금대출에 대한 연체이자 조건으로, 대출 계약의 핵심 요소입니다."
거치식전세자금대출금리,"거치식 방식의 전세자금대출에 대한 금리 조건으로, 대출 계약의 핵심 요소입니다."
거치식전세자금대출한도,"거치식 방식의 전세자금대출에 대한 한도 조건으로, 대출 계약의 핵심 요소입니다."
거치식전세자금대출기간,"거치식 방식의 전세자금대출에 대한 기간 조건으로, 대출 계약의 핵심 요소입니다."
거치식전세자금대출상환방식,"거치식 방식의 전세자금대출에 대한 상환방식 조건으로, 대출 계약의 핵심 요소입니다."
거치식전세자금대출중도상환수수료,"거치식 방식의 전세자금대출에 대한 중도상환수수료 조건으로, 대출 계약의 핵심 요소입니다."
거치식전세자금대출연체이자,"거치식 방식의 전세자금대출에 대한 연체이자 조건으로, 대출 계약의 핵심 요소입니다."
원리금균등전세자금대출금리,"원리금균등 방식의 전세자금대출에 대한 금리 조건으로, 대출 계약의 핵심 요소입니다."
원리금균등전세자금대출한도,"원리금균등 방식의 전세자금대출에 대한 한도 조건으로, 대출 계약의 핵심 요소입니다."
원리금균등전세자금대출기간,"원리금균등 방식의 전세자금대출에 대한 기간 조건으로, 대출 계약의 핵심 요소입니다."
원리금균등전세자금대출상환방식,"원리금균등 방식의 전세자금대출에 대한 상환방식 조건으로, 대출 계약의 핵심 요소입니다."
원리금균등전세자금대출중도상환수수료,"원리금균등 방식의 전세자금대출에 대한 중도상환수수료 조건으로, 대출 계약의 핵심 요소입니다."
원리금균등전세자금대출연체이자,"원리금균등 방식의 전세자금대출에 대한 연체이자 조건으로, 대출 계약의 핵심 요소입니다."
원금균등전세자금대출금리,"원금균등 방식의 전세자금대출에 대한 금리 조건으로, 대출 계약의 핵심 요소입니다."
원금균등전세자금대출한도,"원금균등 방식의 전세자금대출에 대한 한도 조건으로, 대출 계약의 핵심 요소입니다."
원금균등전세자금대출기간,"원금균등 방식의 전세자금대출에 대한 기간 조건으로, 대출 계약의 핵심 요소입니다."
원금균등전세자금대출상환방식,"원금균등 방식의 전세자금대출에 대한 상환방식 조건으로, 대출 계약의 핵심 요소입니다."
원금균등전세자금대출중도상환수수료,"원금균등 방식의 전세자금대출에 대한 중도상환수수료 조건으로, 대출 계약의 핵심 요소입니다."
원금균등전세자금대출연체이자,"원금균등 방식의 전세자금대출에 대한 연체이자 조건으로, 대출 계약의 핵심 요소입니다."
만기일시상환전세자금대출금리,"만기일시상환 방식의 전세자금대출에 대한 금리 조건으로, 대출 계약의 핵심 요소입니다."
만기일시상환전세자금대출한도,"만기일시상환 방식의 전세자금대출에 대한 한도 조건으로, 대출 계약의 핵심 요소입니다."
만기일시상환전세자금대출기간,"만기일시상환 방식의 전세자금대출에 대한 기간 조건으로, 대출 계약의 핵심 요소입니다."
만기일시상환전세자금대출상환방식,"만기일시상환 방식의 전세자금대출에 대한 상환방식 조건으로, 대출 계약의 핵심 요소입니다."
만기일시상환전세자금대출중도상환수수료,"만기일시상환 방식의 전세자금대출에 대한 중도상환수수료 조건으로, 대출 계약의 핵심 요소입니다."
만기일시상환전세자금대출연체이자,"만기일시상환 방식의 전세자금대출에 대한 연체이자 조건으로, 대출 계약의 핵심 요소입니다."
고정금리주택담보대출금리,"고정금리 방식의 주택담보대출에 대한 금리 조건으로, 대출 계약의 핵심 요소입니다."
고정금리주택담보대출한도,"고정금리 방식의 주택담보대출에 대한 한도 조건으로, 대출 계약의 핵심 요소입니다."
고정금리주택담보대출기간,"고정금리 방식의 주택담보대출에 대한 기간 조건으로, 대출 계약의 핵심 요소입니다."
고정금리주택담보대출상환방식,"고정금리 방식의 주택담보대출에 대한 상환방식 조건으로, 대출 계약의 핵심 요소입니다."
고정금리주택담보대출중도상환수수료,"고정금리 방식의 주택담보대출에 대한 중도상환수수료 조건으로, 대출 계약의 핵심 요소입니다."
고정금리주택담보대출연체이자,"고정금리 방식의 주택담보대출에 대한 연체이자 조건으로, 대출 계약의 핵심 요소입니다."
변동금리주택담보대출금리,"변동금리 방식의 주택담보대출에 대한 금리 조건으로, 대출 계약의 핵심 요소입니다."
변동금리주택담보대출한도,"변동금리 방식의 주택담보대출에 대한 한도 조건으로, 대출 계약의 핵심 요소입니다."
변동금리주택담보대출기간,"변동금리 방식의 주택담보대출에 대한 기간 조건으로, 대출 계약의 핵심 요소입니다."
변동금리주택담보대출상환방식,"변동금리 방식의 주택담보대출에 대한 상환방식 조건으로, 대출 계약의 핵심 요소입니다."
변동금리주택담보대출중도상환수수료,"변동금리 방식의 주택담보대출에 대한 중도상환수수료 조건으로, 대출 계약의 핵심 요소입니다."
변동금리주택담보대출연체이자,"변동금리 방식의 주택담보대출에 대한 연체이자 조건으로, 대출 계약의 핵심 요소입니다."
혼합금리주택담보대출금리,"혼합금리 방식의 주택담보대출에 대한 금리 조건으로, 대출 계약의 핵심 요소입니다."
혼합금리주택담보대출한도,"혼합금리 방식의 주택담보대출에 대한 한도 조건으로, 대출 계약의 핵심 요소입니다."
혼합금리주택담보대출기간,"혼합금리 방식의 주택담보대출에 대한 기간 조건으로, 대출 계약의 핵심 요소입니다."
혼합금리주택담보대출상환방식,"혼합금리 방식의 주택담보대출에 대한 상환방식 조건으로, 대출 계약의 핵심 요소입니다."
혼합금리주택담보대출중도상환수수료,"혼합금리 방식의 주택담보대출에 대한 중도상환수수료 조건으로, 대출 계약의 핵심 요소입니다."
혼합금리주택담보대출연체이자,"혼합금리 방식의 주택담보대출에 대한 연체이자 조건으로, 대출 계약의 핵심 요소입니다."
거치식주택담보대출금리,"거치식 방식의 주택담보대출에 대한 금리 조건으로, 대출 계약의 핵심 요소입니다."
거치식주택담보대출한도,"거치식 방식의 주택담보대출에 대한 한도 조건으로, 대출 계약의 핵심 요소입니다."
거치식주택담보대출기간,"거치식 방식의 주택담보대출에 대한 기간 조건으로, 대출 계약의 핵심 요소입니다."
거치식주택담보대출상환방식,"거치식 방식의 주택담보대출에 대한 상환방식 조건으로, 대출 계약의 핵심 요소입니다."
거치식주택담보대출중도상환수수료,"거치식 방식의 주택담보대출에 대한 중도상환수수료 조건으로, 대출 계약의 핵심 요소입니다."
거치식주택담보대출연체이자,"거치식 방식의 주택담보대출에 대한 연체이자 조건으로, 대출 계약의 핵심 요소입니다."
원리금균등주택담보대출금리,"원리금균등 방식의 주택담보대출에 대한 금리 조건으로, 대출 계약의 핵심 요소입니다."
원리금균등주택담보대출한도,"원리금균등 방식의 주택담보대출에 대한 한도 조건으로, 대출 계약의 핵심 요소입니다."
원리금균등주택담보대출기간,"원리금균등 방식의 주택담보대출에 대한 기간 조건으로, 대출 계약의 핵심 요소입니다."
원리금균등주택담보대출상환방식,"원리금균등 방식의 주택담보대출에 대한 상환방식 조건으로, 대출 계약의 핵심 요소입니다."
원리금균등주택담보대출중도상환수수료,"원리금균등 방식의 주택담보대출에 대한 중도상환수수료 조건으로, 대출 계약의 핵심 요소입니다."
원리금균등주택담보대출연체이자,"원리금균등 방식의 주택담보대출에 대한 연체이자 조건으로, 대출 계약의 핵심 요소입니다."
원금균등주택담보대출금리,"원금균등 방식의 주택담보대출에 대한 금리 조건으로, 대출 계약의 핵심 요소입니다."
원금균등주택담보대출한도,"원금균등 방식의 주택담보대출에 대한 한도 조건으로, 대출 계약의 핵심 요소입니다."
원금균등주택담보대출기간,"원금균등 방식의 주택담보대출에 대한 기간 조건으로, 대출 계약의 핵심 요소입니다."
원금균등주택담보대출상환방식,"원금균등 방식의 주택담보대출에 대한 상환방식 조건으로, 대출 계약의 핵심 요소입니다."
원금균등주택담보대출중도상환수수료,"원금균등 방식의 주택담보대출에 대한 중도상환수수료 조건으로, 대출 계약의 핵심 요소입니다."
원금균등주택담보대출연체이자,"원금균등 방식의 주택담보대출에 대한 연체이자 조건으로, 대출 계약의 핵심 요소입니다."
만기일시상환주택담보대출금리,"만기일시상환 방식의 주택담보대출에 대한 금리 조건으로, 대출 계약의 핵심 요소입니다."
만기일시상환주택담보대출한도,"만기일시상환 방식의 주택담보대출에 대한 한도 조건으로, 대출 계약의 핵심 요소입니다."
만기일시상환주택담보대출기간,"만기일시상환 방식의 주택담보대출에 대한 기간 조건으로, 대출 계약의 핵심 요소입니다."
만기일시상환주택담보대출상환방식,"만기일시상환 방식의 주택담보대출에 대한 상환방식 조건으로, 대출 계약의 핵심 요소입니다."
만기일시상환주택담보대출중도상환수수료,"만기일시상환 방식의 주택담보대출에 대한 중도상환수수료 조건으로, 대출 계약의 핵심 요소입니다."
만기일시상환주택담보대출연체이자,"만기일시상환 방식의 주택담보대출에 대한 연체이자 조건으로, 대출 계약의 핵심 요소입니다."
고정금리자동차대출금리,"고정금리 방식의 자동차대출에 대한 금리 조건으로, 대출 계약의 핵심 요소입니다."
고정금리자동차대출한도,"고정금리 방식의 자동차대출에 대한 한도 조건으로, 대출 계약의 핵심 요소입니다."
고정금리자동차대출기간,"고정금리 방식의 자동차대출에 대한 기간 조건으로, 대출 계약의 핵심 요소입니다."
고정금리자동차대출상환방식,"고정금리 방식의 자동차대출에 대한 상환방식 조건으로, 대출 계약의 핵심 요소입니다."
고정금리자동차대출중도상환수수료,"고정금리 방식의 자동차대출에 대한 중도상환수수료 조건으로, 대출 계약의 핵심 요소입니다."
고정금리자동차대출연체이자,"고정금리 방식의 자동차대출에 대한 연체이자 조건으로, 대출 계약의 핵심 요소입니다."
변동금리자동차대출금리,"변동금리 방식의 자동차대출에 대한 금리 조건으로, 대출 계약의 핵심 요소입니다."
변동금리자동차대출한도,"변동금리 방식의 자동차대출에 대한 한도 조건으로, 대출 계약의 핵심 요소입니다."
변동금리자동차대출기간,"변동금리 방식의 자동차대출에 대한 기간 조건으로, 대출 계약의 핵심 요소입니다."
변동금리자동차대출상환방식,"변동금리 방식의 자동차대출에 대한 상환방식 조건으로, 대출 계약의 핵심 요소입니다."
변동금리자동차대출중도상환수수료,"변동금리 방식의 자동차대출에 대한 중도상환수수료 조건으로, 대출 계약의 핵심 요소입니다."
변동금리자동차대출연체이자,"변동금리 방식의 자동차대출에 대한 연체이자 조건으로, 대출 계약의 핵심 요소입니다."
혼합금리자동차대출금리,"혼합금리 방식의 자동차대출에 대한 금리 조건으로, 대출 계약의 핵심 요소입니다."
혼합금리자동차대출한도,"혼합금리 방식의 자동차대출에 대한 한도 조건으로, 대출 계약의 핵심 요소입니다."
혼합금리자동차대출기간,"혼합금리 방식의 자동차대출에 대한 기간 조건으로, 대출 계약의 핵심 요소입니다."
혼합금리자동차대출상환방식,"혼합금리 방식의 자동차대출에 대한 상환방식 조건으로, 대출 계약의 핵심 요소입니다."
혼합금리자동차대출중도상환수수료,"혼합금리 방식의 자동차대출에 대한 중도상환수수료 조건으로, 대출 계약의 핵심 요소입니다."
혼합금리자동차대출연체이자,"혼합금리 방식의 자동차대출에 대한 연체이자 조건으로, 대출 계약의 핵심 요소입니다."
거치식자동차대출금리,"거치식 방식의 자동차대출에 대한 금리 조건으로, 대출 계약의 핵심 요소입니다."
거치식자동차대출한도,"거치식 방식의 자동차대출에 대한 한도 조건으로, 대출 계약의 핵심 요소입니다."
거치식자동차대출기간,"거치식 방식의 자동차대출에 대한 기간 조건으로, 대출 계약의 핵심 요소입니다."
거치식자동차대출상환방식,"거치식 방식의 자동차대출에 대한 상환방식 조건으로, 대출 계약의 핵심 요소입니다."
거치식자동차대출중도상환수수료,"거치식 방식의 자동차대출에 대한 중도상환수수료 조건으로, 대출 계약의 핵심 요소입니다."
거치식자동차대출연체이자,"거치식 방식의 자동차대출에 대한 연체이자 조건으로, 대출 계약의 핵심 요소입니다."
원리금균등자동차대출금리,"원리금균등 방식의 자동차대출에 대한 금리 조건으로, 대출 계약의 핵심 요소입니다."
원리금균등자동차대출한도,"원리금균등 방식의 자동차대출에 대한 한도 조건으로, 대출 계약의 핵심 요소입니다."
원리금균등자동차대출기간,"원리금균등 방식의 자동차대출에 대한 기간 조건으로, 대출 계약의 핵심 요소입니다."
원리금균등자동차대출상환방식,"원리금균등 방식의 자동차대출에 대한 상환방식 조건으로, 대출 계약의 핵심 요소입니다."
원리금균등자동차대출중도상환수수료,"원리금균등 방식의 자동차대출에 대한 중도상환수수료 조건으로, 대출 계약의 핵심 요소입니다."
원리금균등자동차대출연체이자,"원리금균등 방식의 자동차대출에 대한 연체이자 조건으로, 대출 계약의 핵심 요소입니다."
원금균등자동차대출금리,"원금균등 방식의 자동차대출에 대한 금리 조건으로, 대출 계약의 핵심 요소입니다."
원금균등자동차대출한도,"원금균등 방식의 자동차대출에 대한 한도 조건으로, 대출 계약의 핵심 요소입니다."
원금균등자동차대출기간,"원금균등 방식의 자동차대출에 대한 기간 조건으로, 대출 계약의 핵심 요소입니다."
원금균등자동차대출상환방식,"원금균등 방식의 자동차대출에 대한 상환방식 조건으로, 대출 계약의 핵심 요소입니다."
원금균등자동차대출중도상환수수료,"원금균등 방식의 자동차대출에 대한 중도상환수수료 조건으로, 대출 계약의 핵심 요소입니다."
원금균등자동차대출연체이자,"원금균등 방식의 자동차대출에 대한 연체이자 조건으로, 대출 계약의 핵심 요소입니다."
만기일시상환자동차대출금리,"만기일시상환 방식의 자동차대출에 대한 금리 조건으로, 대출 계약의 핵심 요소입니다."
만기일시상환자동차대출한도,"만기일시상환 방식의 자동차대출에 대한 한도 조건으로, 대출 계약의 핵심 요소입니다."
만기일시상환자동차대출기간,"만기일시상환 방식의 자동차대출에 대한 기간 조건으로, 대출 계약의 핵심 요소입니다."
만기일시상환자동차대출상환방식,"만기일시상환 방식의 자동차대출에 대한 상환방식 조건으로, 대출 계약의 핵심 요소입니다."
만기일시상환자동차대출중도상환수수료,"만기일시상환 방식의 자동차대출에 대한 중도상환수수료 조건으로, 대출 계약의 핵심 요소입니다."
만기일시상환자동차대출연체이자,"만기일시상환 방식의 자동차대출에 대한 연체이자 조건으로, 대출 계약의 핵심 요소입니다."
고정금리학자금대출금리,"고정금리 방식의 학자금대출에 대한 금리 조건으로, 대출 계약의 핵심 요소입니다."
고정금리학자금대출한도,"고정금리 방식의 학자금대출에 대한 한도 조건으로, 대출 계약의 핵심 요소입니다."
고정금리학자금대출기간,"고정금리 방식의 학자금대출에 대한 기간 조건으로, 대출 계약의 핵심 요소입니다."
고정금리학자금대출상환방식,"고정금리 방식의 학자금대출에 대한 상환방식 조건으로, 대출 계약의 핵심 요소입니다."
고정금리학자금대출중도상환수수료,"고정금리 방식의 학자금대출에 대한 중도상환수수료 조건으로, 대출 계약의 핵심 요소입니다."
고정금리학자금대출연체이자,"고정금리 방식의 학자금대출에 대한 연체이자 조건으로, 대출 계약의 핵심 요소입니다."
변동금리학자금대출금리,"변동금리 방식의 학자금대출에 대한 금리 조건으로, 대출 계약의 핵심 요소입니다."
변동금리학자금대출한도,"변동금리 방식의 학자금대출에 대한 한도 조건으로, 대출 계약의 핵심 요소입니다."
변동금리학자금대출기간,"변동금리 방식의 학자금대출에 대한 기간 조건으로, 대출 계약의 핵심 요소입니다."
변동금리학자금대출상환방식,"변동금리 방식의 학자금대출에 대한 상환방식 조건으로, 대출 계약의 핵심 요소입니다."
변동금리학자금대출중도상환수수료,"변동금리 방식의 학자금대출에 대한 중도상환수수료 조건으로, 대출 계약의 핵심 요소입니다."
변동금리학자금대출연체이자,"변동금리 방식의 학자금대출에 대한 연체이자 조건으로, 대출 계약의 핵심 요소입니다."
혼합금리학자금대출금리,"혼합금리 방식의 학자금대출에 대한 금리 조건으로, 대출 계약의 핵심 요소입니다."
혼합금리학자금대출한도,"혼합금리 방식의 학자금대출에 대한 한도 조건으로, 대출 계약의 핵심 요소입니다."
혼합금리학자금대출기간,"혼합금리 방식의 학자금대출에 대한 기간 조건으로, 대출 계약의 핵심 요소입니다."
혼합금리학자금대출상환방식,"혼합금리 방식의 학자금대출에 대한 상환방식 조건으로, 대출 계약의 핵심 요소입니다."
혼합금리학자금대출중도상환수수료,"혼합금리 방식의 학자금대출에 대한 중도상환수수료 조건으로, 대출 계약의 핵심 요소입니다."
혼합금리학자금대출연체이자,"혼합금리 방식의 학자금대출에 대한 연체이자 조건으로, 대출 계약의 핵심 요소입니다."
거치식학자금대출금리,"거치식 방식의 학자금대출에 대한 금리 조건으로, 대출 계약의 핵심 요소입니다."
거치식학자금대출한도,"거치식 방식의 학자금대출에 대한 한도 조건으로, 대출 계약의 핵심 요소입니다."
거치식학자금대출기간,"거치식 방식의 학자금대출에 대한 기간 조건으로, 대출 계약의 핵심 요소입니다."
거치식학자금대출상환방식,"거치식 방식의 학자금대출에 대한 상환방식 조건으로, 대출 계약의 핵심 요소입니다."
거치식학자금대출중도상환수수료,"거치식 방식의 학자금대출에 대한 중도상환수수료 조건으로, 대출 계약의 핵심 요소입니다."
거치식학자금대출연체이자,"거치식 방식의 학자금대출에 대한 연체이자 조건으로, 대출 계약의 핵심 요소입니다."
원리금균등학자금대출금리,"원리금균등 방식의 학자금대출에 대한 금리 조건으로, 대출 계약의 핵심 요소입니다."
원리금균등학자금대출한도,"원리금균등 방식의 학자금대출에 대한 한도 조건으로, 대출 계약의 핵심 요소입니다."
원리금균등학자금대출기간,"원리금균등 방식의 학자금대출에 대한 기간 조건으로, 대출 계약의 핵심 요소입니다."
원리금균등학자금대출상환방식,"원리금균등 방식의 학자금대출에 대한 상환방식 조건으로, 대출 계약의 핵심 요소입니다."
원리금균등학자금대출중도상환수수료,"원리금균등 방식의 학자금대출에 대한 중도상환수수료 조건으로, 대출 계약의 핵심 요소입니다."
원리금균등학자금대출연체이자,"원리금균등 방식의 학자금대출에 대한 연체이자 조건으로, 대출 계약의 핵심 요소입니다."
원금균등학자금대출금리,"원금균등 방식의 학자금대출에 대한 금리 조건으로, 대출 계약의 핵심 요소입니다."
원금균등학자금대출한도,"원금균등 방식의 학자금대출에 대한 한도 조건으로, 대출 계약의 핵심 요소입니다."
원금균등학자금대출기간,"원금균등 방식의 학자금대출에 대한 기간 조건으로, 대출 계약의 핵심 요소입니다."
원금균등학자금대출상환방식,"원금균등 방식의 학자금대출에 대한 상환방식 조건으로, 대출 계약의 핵심 요소입니다."
원금균등학자금대출중도상환수수료,"원금균등 방식의 학자금대출에 대한 중도상환수수료 조건으로, 대출 계약의 핵심 요소입니다."
원금균등학자금대출연체이자,"원금균등 방식의 학자금대출에 대한 연체이자 조건으로, 대출 계약의 핵심 요소입니다."
만기일시상환학자금대출금리,"만기일시상환 방식의 학자금대출에 대한 금리 조건으로, 대출 계약의 핵심 요소입니다."
만기일시상환학자금대출한도,"만기일시상환 방식의 학자금대출에 대한 한도 조건으로, 대출 계약의 핵심 요소입니다."
만기일시상환학자금대출기간,"만기일시상환 방식의 학자금대출에 대한 기간 조건으로, 대출 계약의 핵심 요소입니다."
만기일시상환학자금대출상환방식,"만기일시상환 방식의 학자금대출에 대한 상환방식 조건으로, 대출 계약의 핵심 요소입니다."
만기일시상환학자금대출중도상환수수료,"만기일시상환 방식의 학자금대출에 대한 중도상환수수료 조건으로, 대출 계약의 핵심 요소입니다."
만기일시상환학자금대출연체이자,"만기일시상환 방식의 학자금대출에 대한 연체이자 조건으로, 대출 계약의 핵심 요소입니다."
